<?xml version="1.0" encoding="UTF-8"?>
<gpx version="1.1" creator="Reco Vélo" xmlns="http://www.topografix.com/GPX/1/1"><metadata><name>Magerotte 2026</name></metadata><wpt lat="50.0821" lon="5.17678"><name>Début Grimpeur</name></wpt><wpt lat="50.07167" lon="5.19536"><name>Fin Grimpeur</name></wpt><wpt lat="50.10247" lon="5.26963"><name>Monts et Resteigne</name></wpt><wpt lat="50.10651" lon="5.2716"><name>Monts et Resteigne</name></wpt><wpt lat="50.11243" lon="5.31201"><name>Début Grimpeur</name></wpt><wpt lat="50.09626" lon="5.31695"><name>FIn Grimpeur</name></wpt><wpt lat="50.0876" lon="5.32685"><name>Début Sprint</name></wpt><wpt lat="50.08313" lon="5.32493"><name>Fin Segment</name></wpt><wpt lat="50.07439" lon="5.30658"><name>Début Grimpeur</name></wpt><wpt lat="50.07215" lon="5.32629"><name>Fin Grimpeur</name></wpt><wpt lat="50.10921" lon="5.32728"><name>Début Grimpeur</name></wpt><wpt lat="50.11914" lon="5.33721"><name>Fin Grimpeur</name></wpt><wpt lat="50.16356" lon="5.34794"><name>Début Sprint</name></wpt><wpt lat="50.16755" lon="5.34001"><name>Fin Sprint</name></wpt><wpt lat="50.11498" lon="5.27758"><name>Début grimpeur</name></wpt><wpt lat="50.12294" lon="5.27089"><name>Fin Grimpeur</name></wpt><wpt lat="50.131" lon="5.26729"><name>Début grimpeur</name></wpt><wpt lat="50.14031" lon="5.26279"><name>Fin Grimpeur</name></wpt><trk><name>Magerotte 2026</name><trkseg><trkpt lat="50.14635" lon="5.24388"><ele>221.7</ele></trkpt><trkpt lat="50.14639" lon="5.24314"><ele>222.7</ele></trkpt><trkpt lat="50.14649" lon="5.24272"><ele>223.6</ele></trkpt><trkpt lat="50.14679" lon="5.24215"><ele>224.4</ele></trkpt><trkpt lat="50.14709" lon="5.24158"><ele>226.1</ele></trkpt><trkpt lat="50.14723" lon="5.24116"><ele>228.2</ele></trkpt><trkpt lat="50.14741" lon="5.24045"><ele>230.5</ele></trkpt><trkpt lat="50.14758" lon="5.23973"><ele>232.4</ele></trkpt><trkpt lat="50.14767" lon="5.23928"><ele>232.9</ele></trkpt><trkpt lat="50.14776" lon="5.23855"><ele>232.1</ele></trkpt><trkpt lat="50.14785" lon="5.23782"><ele>231.5</ele></trkpt><trkpt lat="50.14808" lon="5.23666"><ele>226.8</ele></trkpt><trkpt lat="50.14833" lon="5.23581"><ele>224.6</ele></trkpt><trkpt lat="50.14857" lon="5.23496"><ele>223.0</ele></trkpt><trkpt lat="50.14881" lon="5.23421"><ele>222.4</ele></trkpt><trkpt lat="50.14891" lon="5.23382"><ele>223.2</ele></trkpt><trkpt lat="50.14891" lon="5.23364"><ele>223.2</ele></trkpt><trkpt lat="50.14888" lon="5.23339"><ele>223.3</ele></trkpt><trkpt lat="50.14878" lon="5.23291"><ele>222.2</ele></trkpt><trkpt lat="50.14879" lon="5.23279"><ele>222.2</ele></trkpt><trkpt lat="50.14885" lon="5.23266"><ele>221.8</ele></trkpt><trkpt lat="50.14904" lon="5.23250"><ele>222.2</ele></trkpt><trkpt lat="50.14919" lon="5.23245"><ele>223.2</ele></trkpt><trkpt lat="50.14928" lon="5.23245"><ele>224.3</ele></trkpt><trkpt lat="50.14933" lon="5.23232"><ele>225.6</ele></trkpt><trkpt lat="50.14913" lon="5.23141"><ele>232.8</ele></trkpt><trkpt lat="50.14911" lon="5.23122"><ele>232.8</ele></trkpt><trkpt lat="50.14915" lon="5.23072"><ele>236.4</ele></trkpt><trkpt lat="50.14921" lon="5.23033"><ele>238.1</ele></trkpt><trkpt lat="50.14930" lon="5.22995"><ele>240.8</ele></trkpt><trkpt lat="50.14960" lon="5.22913"><ele>245.9</ele></trkpt><trkpt lat="50.14971" lon="5.22886"><ele>248.4</ele></trkpt><trkpt lat="50.15006" lon="5.22822"><ele>255.8</ele></trkpt><trkpt lat="50.15011" lon="5.22800"><ele>256.3</ele></trkpt><trkpt lat="50.15005" lon="5.22761"><ele>256.0</ele></trkpt><trkpt lat="50.14986" lon="5.22683"><ele>255.9</ele></trkpt><trkpt lat="50.14967" lon="5.22606"><ele>256.5</ele></trkpt><trkpt lat="50.14946" lon="5.22599"><ele>256.3</ele></trkpt><trkpt lat="50.14931" lon="5.22582"><ele>255.9</ele></trkpt><trkpt lat="50.14881" lon="5.22506"><ele>255.0</ele></trkpt><trkpt lat="50.14830" lon="5.22430"><ele>254.6</ele></trkpt><trkpt lat="50.14780" lon="5.22354"><ele>254.6</ele></trkpt><trkpt lat="50.14729" lon="5.22278"><ele>254.3</ele></trkpt><trkpt lat="50.14727" lon="5.22276"><ele>254.3</ele></trkpt><trkpt lat="50.14681" lon="5.22205"><ele>254.2</ele></trkpt><trkpt lat="50.14634" lon="5.22135"><ele>254.7</ele></trkpt><trkpt lat="50.14608" lon="5.22106"><ele>254.9</ele></trkpt><trkpt lat="50.14575" lon="5.22077"><ele>254.9</ele></trkpt><trkpt lat="50.14553" lon="5.22046"><ele>254.7</ele></trkpt><trkpt lat="50.14531" lon="5.22007"><ele>254.3</ele></trkpt><trkpt lat="50.14521" lon="5.21977"><ele>254.4</ele></trkpt><trkpt lat="50.14514" lon="5.21946"><ele>254.8</ele></trkpt><trkpt lat="50.14513" lon="5.21927"><ele>255.0</ele></trkpt><trkpt lat="50.14523" lon="5.21851"><ele>255.7</ele></trkpt><trkpt lat="50.14522" lon="5.21826"><ele>255.7</ele></trkpt><trkpt lat="50.14520" lon="5.21798"><ele>256.9</ele></trkpt><trkpt lat="50.14499" lon="5.21700"><ele>258.1</ele></trkpt><trkpt lat="50.14501" lon="5.21620"><ele>259.1</ele></trkpt><trkpt lat="50.14495" lon="5.21548"><ele>259.6</ele></trkpt><trkpt lat="50.14488" lon="5.21477"><ele>260.8</ele></trkpt><trkpt lat="50.14491" lon="5.21459"><ele>260.9</ele></trkpt><trkpt lat="50.14507" lon="5.21421"><ele>261.6</ele></trkpt><trkpt lat="50.14507" lon="5.21413"><ele>261.6</ele></trkpt><trkpt lat="50.14496" lon="5.21361"><ele>262.9</ele></trkpt><trkpt lat="50.14488" lon="5.21342"><ele>263.3</ele></trkpt><trkpt lat="50.14474" lon="5.21296"><ele>264.1</ele></trkpt><trkpt lat="50.14465" lon="5.21161"><ele>269.7</ele></trkpt><trkpt lat="50.14462" lon="5.21143"><ele>270.1</ele></trkpt><trkpt lat="50.14439" lon="5.21088"><ele>271.4</ele></trkpt><trkpt lat="50.14410" lon="5.21027"><ele>271.8</ele></trkpt><trkpt lat="50.14374" lon="5.20981"><ele>272.1</ele></trkpt><trkpt lat="50.14337" lon="5.20935"><ele>272.8</ele></trkpt><trkpt lat="50.14300" lon="5.20877"><ele>273.6</ele></trkpt><trkpt lat="50.14259" lon="5.20818"><ele>274.9</ele></trkpt><trkpt lat="50.14206" lon="5.20761"><ele>275.5</ele></trkpt><trkpt lat="50.14195" lon="5.20746"><ele>276.0</ele></trkpt><trkpt lat="50.14168" lon="5.20702"><ele>276.5</ele></trkpt><trkpt lat="50.14135" lon="5.20655"><ele>277.4</ele></trkpt><trkpt lat="50.14110" lon="5.20625"><ele>277.4</ele></trkpt><trkpt lat="50.14050" lon="5.20534"><ele>273.9</ele></trkpt><trkpt lat="50.13991" lon="5.20443"><ele>269.3</ele></trkpt><trkpt lat="50.13931" lon="5.20352"><ele>265.9</ele></trkpt><trkpt lat="50.13874" lon="5.20272"><ele>263.2</ele></trkpt><trkpt lat="50.13848" lon="5.20227"><ele>262.3</ele></trkpt><trkpt lat="50.13799" lon="5.20126"><ele>259.3</ele></trkpt><trkpt lat="50.13777" lon="5.20090"><ele>258.5</ele></trkpt><trkpt lat="50.13743" lon="5.20041"><ele>257.4</ele></trkpt><trkpt lat="50.13683" lon="5.19963"><ele>254.0</ele></trkpt><trkpt lat="50.13624" lon="5.19884"><ele>251.5</ele></trkpt><trkpt lat="50.13564" lon="5.19806"><ele>247.0</ele></trkpt><trkpt lat="50.13527" lon="5.19759"><ele>244.5</ele></trkpt><trkpt lat="50.13489" lon="5.19713"><ele>242.8</ele></trkpt><trkpt lat="50.13479" lon="5.19695"><ele>241.7</ele></trkpt><trkpt lat="50.13467" lon="5.19662"><ele>240.5</ele></trkpt><trkpt lat="50.13452" lon="5.19582"><ele>236.1</ele></trkpt><trkpt lat="50.13436" lon="5.19502"><ele>233.7</ele></trkpt><trkpt lat="50.13434" lon="5.19465"><ele>230.5</ele></trkpt><trkpt lat="50.13437" lon="5.19424"><ele>227.5</ele></trkpt><trkpt lat="50.13450" lon="5.19329"><ele>223.7</ele></trkpt><trkpt lat="50.13452" lon="5.19284"><ele>221.0</ele></trkpt><trkpt lat="50.13453" lon="5.19241"><ele>218.5</ele></trkpt><trkpt lat="50.13447" lon="5.19118"><ele>210.2</ele></trkpt><trkpt lat="50.13440" lon="5.19091"><ele>208.9</ele></trkpt><trkpt lat="50.13426" lon="5.19062"><ele>206.2</ele></trkpt><trkpt lat="50.13395" lon="5.19030"><ele>203.3</ele></trkpt><trkpt lat="50.13382" lon="5.19029"><ele>201.9</ele></trkpt><trkpt lat="50.13365" lon="5.19031"><ele>200.5</ele></trkpt><trkpt lat="50.13355" lon="5.19029"><ele>199.4</ele></trkpt><trkpt lat="50.13347" lon="5.19021"><ele>198.4</ele></trkpt><trkpt lat="50.13345" lon="5.19007"><ele>198.4</ele></trkpt><trkpt lat="50.13346" lon="5.18969"><ele>195.0</ele></trkpt><trkpt lat="50.13350" lon="5.18913"><ele>191.7</ele></trkpt><trkpt lat="50.13356" lon="5.18871"><ele>189.6</ele></trkpt><trkpt lat="50.13358" lon="5.18837"><ele>187.6</ele></trkpt><trkpt lat="50.13347" lon="5.18779"><ele>184.7</ele></trkpt><trkpt lat="50.13394" lon="5.18749"><ele>185.1</ele></trkpt><trkpt lat="50.13437" lon="5.18711"><ele>186.1</ele></trkpt><trkpt lat="50.13463" lon="5.18681"><ele>186.9</ele></trkpt><trkpt lat="50.13476" lon="5.18661"><ele>186.9</ele></trkpt><trkpt lat="50.13491" lon="5.18628"><ele>186.9</ele></trkpt><trkpt lat="50.13509" lon="5.18571"><ele>187.6</ele></trkpt><trkpt lat="50.13528" lon="5.18496"><ele>187.7</ele></trkpt><trkpt lat="50.13536" lon="5.18472"><ele>187.7</ele></trkpt><trkpt lat="50.13549" lon="5.18446"><ele>187.5</ele></trkpt><trkpt lat="50.13559" lon="5.18434"><ele>187.5</ele></trkpt><trkpt lat="50.13565" lon="5.18430"><ele>187.5</ele></trkpt><trkpt lat="50.13546" lon="5.18334"><ele>188.0</ele></trkpt><trkpt lat="50.13526" lon="5.18239"><ele>187.5</ele></trkpt><trkpt lat="50.13520" lon="5.18183"><ele>186.6</ele></trkpt><trkpt lat="50.13525" lon="5.18104"><ele>185.9</ele></trkpt><trkpt lat="50.13531" lon="5.18052"><ele>184.9</ele></trkpt><trkpt lat="50.13542" lon="5.17961"><ele>183.1</ele></trkpt><trkpt lat="50.13556" lon="5.17861"><ele>181.8</ele></trkpt><trkpt lat="50.13569" lon="5.17760"><ele>178.4</ele></trkpt><trkpt lat="50.13579" lon="5.17718"><ele>175.1</ele></trkpt><trkpt lat="50.13596" lon="5.17667"><ele>172.4</ele></trkpt><trkpt lat="50.13610" lon="5.17615"><ele>170.4</ele></trkpt><trkpt lat="50.13616" lon="5.17592"><ele>169.6</ele></trkpt><trkpt lat="50.13618" lon="5.17570"><ele>169.3</ele></trkpt><trkpt lat="50.13614" lon="5.17453"><ele>166.7</ele></trkpt><trkpt lat="50.13616" lon="5.17374"><ele>164.0</ele></trkpt><trkpt lat="50.13603" lon="5.17260"><ele>158.0</ele></trkpt><trkpt lat="50.13606" lon="5.17232"><ele>155.8</ele></trkpt><trkpt lat="50.13611" lon="5.17214"><ele>155.8</ele></trkpt><trkpt lat="50.13620" lon="5.17195"><ele>154.9</ele></trkpt><trkpt lat="50.13636" lon="5.17175"><ele>153.9</ele></trkpt><trkpt lat="50.13660" lon="5.17153"><ele>152.9</ele></trkpt><trkpt lat="50.13675" lon="5.17134"><ele>152.5</ele></trkpt><trkpt lat="50.13725" lon="5.17048"><ele>151.7</ele></trkpt><trkpt lat="50.13740" lon="5.17011"><ele>151.0</ele></trkpt><trkpt lat="50.13761" lon="5.16888"><ele>149.5</ele></trkpt><trkpt lat="50.13769" lon="5.16861"><ele>149.3</ele></trkpt><trkpt lat="50.13797" lon="5.16792"><ele>149.3</ele></trkpt><trkpt lat="50.13814" lon="5.16742"><ele>149.4</ele></trkpt><trkpt lat="50.13829" lon="5.16663"><ele>149.4</ele></trkpt><trkpt lat="50.13843" lon="5.16584"><ele>149.4</ele></trkpt><trkpt lat="50.13853" lon="5.16557"><ele>149.6</ele></trkpt><trkpt lat="50.13897" lon="5.16474"><ele>149.7</ele></trkpt><trkpt lat="50.13940" lon="5.16390"><ele>150.4</ele></trkpt><trkpt lat="50.13946" lon="5.16388"><ele>150.4</ele></trkpt><trkpt lat="50.13999" lon="5.16385"><ele>149.9</ele></trkpt><trkpt lat="50.14012" lon="5.16382"><ele>149.9</ele></trkpt><trkpt lat="50.14022" lon="5.16377"><ele>149.8</ele></trkpt><trkpt lat="50.14029" lon="5.16363"><ele>149.8</ele></trkpt><trkpt lat="50.14051" lon="5.16288"><ele>149.9</ele></trkpt><trkpt lat="50.14066" lon="5.16278"><ele>150.0</ele></trkpt><trkpt lat="50.14088" lon="5.16270"><ele>150.1</ele></trkpt><trkpt lat="50.14118" lon="5.16272"><ele>150.4</ele></trkpt><trkpt lat="50.14166" lon="5.16266"><ele>149.6</ele></trkpt><trkpt lat="50.14214" lon="5.16260"><ele>150.1</ele></trkpt><trkpt lat="50.14300" lon="5.16240"><ele>154.1</ele></trkpt><trkpt lat="50.14379" lon="5.16219"><ele>158.4</ele></trkpt><trkpt lat="50.14412" lon="5.16202"><ele>159.9</ele></trkpt><trkpt lat="50.14407" lon="5.16119"><ele>161.5</ele></trkpt><trkpt lat="50.14402" lon="5.16036"><ele>161.4</ele></trkpt><trkpt lat="50.14400" lon="5.15933"><ele>160.1</ele></trkpt><trkpt lat="50.14387" lon="5.15836"><ele>156.3</ele></trkpt><trkpt lat="50.14376" lon="5.15814"><ele>155.2</ele></trkpt><trkpt lat="50.14323" lon="5.15785"><ele>150.6</ele></trkpt><trkpt lat="50.14294" lon="5.15755"><ele>148.5</ele></trkpt><trkpt lat="50.14270" lon="5.15722"><ele>146.7</ele></trkpt><trkpt lat="50.14248" lon="5.15670"><ele>145.9</ele></trkpt><trkpt lat="50.14227" lon="5.15605"><ele>145.9</ele></trkpt><trkpt lat="50.14194" lon="5.15484"><ele>146.3</ele></trkpt><trkpt lat="50.14186" lon="5.15443"><ele>146.3</ele></trkpt><trkpt lat="50.14184" lon="5.15398"><ele>146.1</ele></trkpt><trkpt lat="50.14184" lon="5.15297"><ele>146.4</ele></trkpt><trkpt lat="50.14177" lon="5.15258"><ele>146.6</ele></trkpt><trkpt lat="50.14165" lon="5.15222"><ele>146.9</ele></trkpt><trkpt lat="50.14152" lon="5.15191"><ele>147.0</ele></trkpt><trkpt lat="50.14123" lon="5.15151"><ele>147.5</ele></trkpt><trkpt lat="50.14124" lon="5.15152"><ele>147.5</ele></trkpt><trkpt lat="50.14091" lon="5.15108"><ele>147.5</ele></trkpt><trkpt lat="50.14044" lon="5.15062"><ele>146.2</ele></trkpt><trkpt lat="50.13981" lon="5.15003"><ele>145.5</ele></trkpt><trkpt lat="50.13918" lon="5.14945"><ele>145.4</ele></trkpt><trkpt lat="50.13910" lon="5.14938"><ele>145.4</ele></trkpt><trkpt lat="50.13895" lon="5.14931"><ele>145.4</ele></trkpt><trkpt lat="50.13884" lon="5.14931"><ele>145.4</ele></trkpt><trkpt lat="50.13852" lon="5.14940"><ele>145.5</ele></trkpt><trkpt lat="50.13839" lon="5.14948"><ele>145.5</ele></trkpt><trkpt lat="50.13829" lon="5.14957"><ele>145.5</ele></trkpt><trkpt lat="50.13819" lon="5.14969"><ele>145.6</ele></trkpt><trkpt lat="50.13803" lon="5.14995"><ele>145.6</ele></trkpt><trkpt lat="50.13769" lon="5.15071"><ele>145.8</ele></trkpt><trkpt lat="50.13764" lon="5.15078"><ele>145.8</ele></trkpt><trkpt lat="50.13755" lon="5.15082"><ele>146.1</ele></trkpt><trkpt lat="50.13748" lon="5.15082"><ele>146.1</ele></trkpt><trkpt lat="50.13739" lon="5.15079"><ele>146.1</ele></trkpt><trkpt lat="50.13728" lon="5.15072"><ele>146.1</ele></trkpt><trkpt lat="50.13685" lon="5.15021"><ele>146.1</ele></trkpt><trkpt lat="50.13670" lon="5.15008"><ele>146.0</ele></trkpt><trkpt lat="50.13662" lon="5.15004"><ele>146.0</ele></trkpt><trkpt lat="50.13654" lon="5.15003"><ele>146.0</ele></trkpt><trkpt lat="50.13644" lon="5.15005"><ele>146.2</ele></trkpt><trkpt lat="50.13634" lon="5.15010"><ele>146.2</ele></trkpt><trkpt lat="50.13590" lon="5.15053"><ele>146.5</ele></trkpt><trkpt lat="50.13545" lon="5.15095"><ele>147.5</ele></trkpt><trkpt lat="50.13531" lon="5.15099"><ele>147.9</ele></trkpt><trkpt lat="50.13520" lon="5.15097"><ele>148.4</ele></trkpt><trkpt lat="50.13448" lon="5.15052"><ele>151.9</ele></trkpt><trkpt lat="50.13436" lon="5.15040"><ele>152.1</ele></trkpt><trkpt lat="50.13425" lon="5.15024"><ele>152.5</ele></trkpt><trkpt lat="50.13414" lon="5.14999"><ele>152.7</ele></trkpt><trkpt lat="50.13385" lon="5.14893"><ele>152.2</ele></trkpt><trkpt lat="50.13377" lon="5.14881"><ele>152.2</ele></trkpt><trkpt lat="50.13334" lon="5.14844"><ele>151.3</ele></trkpt><trkpt lat="50.13302" lon="5.14836"><ele>151.6</ele></trkpt><trkpt lat="50.13215" lon="5.14823"><ele>153.9</ele></trkpt><trkpt lat="50.13140" lon="5.14806"><ele>157.5</ele></trkpt><trkpt lat="50.13064" lon="5.14790"><ele>159.9</ele></trkpt><trkpt lat="50.13053" lon="5.14789"><ele>159.9</ele></trkpt><trkpt lat="50.12999" lon="5.14776"><ele>160.9</ele></trkpt><trkpt lat="50.12936" lon="5.14765"><ele>161.8</ele></trkpt><trkpt lat="50.12874" lon="5.14753"><ele>162.8</ele></trkpt><trkpt lat="50.12811" lon="5.14742"><ele>163.8</ele></trkpt><trkpt lat="50.12731" lon="5.14729"><ele>164.7</ele></trkpt><trkpt lat="50.12651" lon="5.14715"><ele>167.7</ele></trkpt><trkpt lat="50.12570" lon="5.14702"><ele>172.4</ele></trkpt><trkpt lat="50.12490" lon="5.14689"><ele>180.5</ele></trkpt><trkpt lat="50.12458" lon="5.14669"><ele>182.3</ele></trkpt><trkpt lat="50.12426" lon="5.14639"><ele>185.4</ele></trkpt><trkpt lat="50.12394" lon="5.14582"><ele>187.5</ele></trkpt><trkpt lat="50.12374" lon="5.14598"><ele>188.4</ele></trkpt><trkpt lat="50.12360" lon="5.14604"><ele>188.9</ele></trkpt><trkpt lat="50.12351" lon="5.14605"><ele>188.9</ele></trkpt><trkpt lat="50.12344" lon="5.14603"><ele>189.5</ele></trkpt><trkpt lat="50.12335" lon="5.14599"><ele>189.5</ele></trkpt><trkpt lat="50.12252" lon="5.14548"><ele>194.3</ele></trkpt><trkpt lat="50.12180" lon="5.14526"><ele>196.8</ele></trkpt><trkpt lat="50.12132" lon="5.14610"><ele>199.3</ele></trkpt><trkpt lat="50.12093" lon="5.14690"><ele>200.8</ele></trkpt><trkpt lat="50.12052" lon="5.14764"><ele>197.2</ele></trkpt><trkpt lat="50.12010" lon="5.14837"><ele>194.5</ele></trkpt><trkpt lat="50.11994" lon="5.14882"><ele>193.6</ele></trkpt><trkpt lat="50.11974" lon="5.14951"><ele>193.4</ele></trkpt><trkpt lat="50.11954" lon="5.15019"><ele>194.9</ele></trkpt><trkpt lat="50.11928" lon="5.15078"><ele>196.2</ele></trkpt><trkpt lat="50.11905" lon="5.15142"><ele>200.8</ele></trkpt><trkpt lat="50.11881" lon="5.15206"><ele>205.0</ele></trkpt><trkpt lat="50.11871" lon="5.15229"><ele>205.5</ele></trkpt><trkpt lat="50.11851" lon="5.15265"><ele>206.9</ele></trkpt><trkpt lat="50.11832" lon="5.15289"><ele>208.1</ele></trkpt><trkpt lat="50.11792" lon="5.15326"><ele>211.2</ele></trkpt><trkpt lat="50.11751" lon="5.15363"><ele>214.7</ele></trkpt><trkpt lat="50.11719" lon="5.15443"><ele>214.9</ele></trkpt><trkpt lat="50.11692" lon="5.15543"><ele>214.7</ele></trkpt><trkpt lat="50.11651" lon="5.15639"><ele>212.9</ele></trkpt><trkpt lat="50.11620" lon="5.15727"><ele>212.5</ele></trkpt><trkpt lat="50.11610" lon="5.15749"><ele>212.3</ele></trkpt><trkpt lat="50.11581" lon="5.15783"><ele>211.1</ele></trkpt><trkpt lat="50.11569" lon="5.15802"><ele>210.0</ele></trkpt><trkpt lat="50.11562" lon="5.15833"><ele>209.5</ele></trkpt><trkpt lat="50.11555" lon="5.15907"><ele>206.7</ele></trkpt><trkpt lat="50.11548" lon="5.15980"><ele>205.5</ele></trkpt><trkpt lat="50.11543" lon="5.16001"><ele>204.5</ele></trkpt><trkpt lat="50.11513" lon="5.16065"><ele>202.4</ele></trkpt><trkpt lat="50.11482" lon="5.16129"><ele>200.7</ele></trkpt><trkpt lat="50.11438" lon="5.16206"><ele>196.0</ele></trkpt><trkpt lat="50.11376" lon="5.16295"><ele>191.8</ele></trkpt><trkpt lat="50.11366" lon="5.16312"><ele>191.3</ele></trkpt><trkpt lat="50.11359" lon="5.16330"><ele>190.8</ele></trkpt><trkpt lat="50.11342" lon="5.16411"><ele>187.3</ele></trkpt><trkpt lat="50.11325" lon="5.16491"><ele>184.9</ele></trkpt><trkpt lat="50.11279" lon="5.16601"><ele>183.5</ele></trkpt><trkpt lat="50.11253" lon="5.16670"><ele>180.4</ele></trkpt><trkpt lat="50.11242" lon="5.16702"><ele>179.3</ele></trkpt><trkpt lat="50.11232" lon="5.16721"><ele>177.8</ele></trkpt><trkpt lat="50.11185" lon="5.16795"><ele>171.4</ele></trkpt><trkpt lat="50.11165" lon="5.16831"><ele>169.4</ele></trkpt><trkpt lat="50.11156" lon="5.16854"><ele>168.6</ele></trkpt><trkpt lat="50.11147" lon="5.16914"><ele>169.1</ele></trkpt><trkpt lat="50.11150" lon="5.17027"><ele>168.5</ele></trkpt><trkpt lat="50.11158" lon="5.17081"><ele>170.0</ele></trkpt><trkpt lat="50.11160" lon="5.17105"><ele>170.8</ele></trkpt><trkpt lat="50.11160" lon="5.17134"><ele>170.8</ele></trkpt><trkpt lat="50.11156" lon="5.17172"><ele>173.3</ele></trkpt><trkpt lat="50.11139" lon="5.17254"><ele>176.2</ele></trkpt><trkpt lat="50.11122" lon="5.17335"><ele>178.7</ele></trkpt><trkpt lat="50.11111" lon="5.17407"><ele>179.7</ele></trkpt><trkpt lat="50.11099" lon="5.17479"><ele>180.4</ele></trkpt><trkpt lat="50.11077" lon="5.17611"><ele>181.3</ele></trkpt><trkpt lat="50.11061" lon="5.17729"><ele>182.4</ele></trkpt><trkpt lat="50.11053" lon="5.17816"><ele>183.5</ele></trkpt><trkpt lat="50.11045" lon="5.17880"><ele>184.4</ele></trkpt><trkpt lat="50.11028" lon="5.17976"><ele>185.6</ele></trkpt><trkpt lat="50.11020" lon="5.18008"><ele>186.1</ele></trkpt><trkpt lat="50.10990" lon="5.18102"><ele>186.5</ele></trkpt><trkpt lat="50.10968" lon="5.18195"><ele>187.4</ele></trkpt><trkpt lat="50.10946" lon="5.18287"><ele>187.9</ele></trkpt><trkpt lat="50.10920" lon="5.18380"><ele>188.8</ele></trkpt><trkpt lat="50.10894" lon="5.18472"><ele>189.4</ele></trkpt><trkpt lat="50.10882" lon="5.18523"><ele>190.0</ele></trkpt><trkpt lat="50.10873" lon="5.18572"><ele>190.1</ele></trkpt><trkpt lat="50.10866" lon="5.18648"><ele>189.3</ele></trkpt><trkpt lat="50.10858" lon="5.18723"><ele>188.3</ele></trkpt><trkpt lat="50.10838" lon="5.18846"><ele>186.3</ele></trkpt><trkpt lat="50.10818" lon="5.18968"><ele>184.1</ele></trkpt><trkpt lat="50.10810" lon="5.18993"><ele>184.1</ele></trkpt><trkpt lat="50.10798" lon="5.19021"><ele>182.7</ele></trkpt><trkpt lat="50.10750" lon="5.19117"><ele>180.2</ele></trkpt><trkpt lat="50.10743" lon="5.19139"><ele>179.3</ele></trkpt><trkpt lat="50.10728" lon="5.19204"><ele>176.1</ele></trkpt><trkpt lat="50.10719" lon="5.19231"><ele>176.1</ele></trkpt><trkpt lat="50.10691" lon="5.19279"><ele>175.1</ele></trkpt><trkpt lat="50.10665" lon="5.19315"><ele>174.4</ele></trkpt><trkpt lat="50.10640" lon="5.19354"><ele>174.2</ele></trkpt><trkpt lat="50.10625" lon="5.19333"><ele>174.4</ele></trkpt><trkpt lat="50.10564" lon="5.19234"><ele>180.3</ele></trkpt><trkpt lat="50.10551" lon="5.19204"><ele>182.7</ele></trkpt><trkpt lat="50.10533" lon="5.19156"><ele>184.4</ele></trkpt><trkpt lat="50.10517" lon="5.19117"><ele>187.7</ele></trkpt><trkpt lat="50.10507" lon="5.19100"><ele>187.7</ele></trkpt><trkpt lat="50.10496" lon="5.19083"><ele>188.2</ele></trkpt><trkpt lat="50.10445" lon="5.19030"><ele>193.0</ele></trkpt><trkpt lat="50.10432" lon="5.19019"><ele>194.0</ele></trkpt><trkpt lat="50.10368" lon="5.18991"><ele>199.6</ele></trkpt><trkpt lat="50.10353" lon="5.18982"><ele>200.8</ele></trkpt><trkpt lat="50.10318" lon="5.18954"><ele>203.8</ele></trkpt><trkpt lat="50.10290" lon="5.18939"><ele>207.1</ele></trkpt><trkpt lat="50.10251" lon="5.18921"><ele>212.9</ele></trkpt><trkpt lat="50.10169" lon="5.18891"><ele>224.3</ele></trkpt><trkpt lat="50.10087" lon="5.18861"><ele>234.1</ele></trkpt><trkpt lat="50.10071" lon="5.18859"><ele>235.7</ele></trkpt><trkpt lat="50.10045" lon="5.18860"><ele>236.8</ele></trkpt><trkpt lat="50.10018" lon="5.18865"><ele>237.0</ele></trkpt><trkpt lat="50.09938" lon="5.18884"><ele>234.0</ele></trkpt><trkpt lat="50.09930" lon="5.18884"><ele>234.0</ele></trkpt><trkpt lat="50.09919" lon="5.18880"><ele>231.6</ele></trkpt><trkpt lat="50.09874" lon="5.18832"><ele>229.7</ele></trkpt><trkpt lat="50.09829" lon="5.18785"><ele>228.3</ele></trkpt><trkpt lat="50.09816" lon="5.18764"><ele>226.8</ele></trkpt><trkpt lat="50.09795" lon="5.18721"><ele>224.3</ele></trkpt><trkpt lat="50.09770" lon="5.18659"><ele>216.3</ele></trkpt><trkpt lat="50.09745" lon="5.18598"><ele>212.9</ele></trkpt><trkpt lat="50.09723" lon="5.18552"><ele>210.5</ele></trkpt><trkpt lat="50.09712" lon="5.18534"><ele>206.6</ele></trkpt><trkpt lat="50.09663" lon="5.18479"><ele>201.9</ele></trkpt><trkpt lat="50.09614" lon="5.18424"><ele>196.7</ele></trkpt><trkpt lat="50.09561" lon="5.18335"><ele>190.2</ele></trkpt><trkpt lat="50.09506" lon="5.18254"><ele>185.6</ele></trkpt><trkpt lat="50.09451" lon="5.18174"><ele>183.3</ele></trkpt><trkpt lat="50.09442" lon="5.18164"><ele>182.9</ele></trkpt><trkpt lat="50.09432" lon="5.18160"><ele>182.9</ele></trkpt><trkpt lat="50.09418" lon="5.18158"><ele>182.0</ele></trkpt><trkpt lat="50.09407" lon="5.18166"><ele>181.4</ele></trkpt><trkpt lat="50.09353" lon="5.18229"><ele>179.1</ele></trkpt><trkpt lat="50.09339" lon="5.18242"><ele>179.1</ele></trkpt><trkpt lat="50.09325" lon="5.18245"><ele>179.1</ele></trkpt><trkpt lat="50.09314" lon="5.18245"><ele>179.1</ele></trkpt><trkpt lat="50.09294" lon="5.18235"><ele>179.3</ele></trkpt><trkpt lat="50.09285" lon="5.18225"><ele>179.5</ele></trkpt><trkpt lat="50.09278" lon="5.18212"><ele>179.5</ele></trkpt><trkpt lat="50.09270" lon="5.18188"><ele>179.5</ele></trkpt><trkpt lat="50.09244" lon="5.18066"><ele>180.3</ele></trkpt><trkpt lat="50.09211" lon="5.17957"><ele>180.6</ele></trkpt><trkpt lat="50.09202" lon="5.17915"><ele>180.8</ele></trkpt><trkpt lat="50.09196" lon="5.17859"><ele>181.1</ele></trkpt><trkpt lat="50.09192" lon="5.17794"><ele>181.2</ele></trkpt><trkpt lat="50.09188" lon="5.17777"><ele>181.3</ele></trkpt><trkpt lat="50.09178" lon="5.17751"><ele>181.4</ele></trkpt><trkpt lat="50.09140" lon="5.17674"><ele>182.3</ele></trkpt><trkpt lat="50.09110" lon="5.17590"><ele>184.1</ele></trkpt><trkpt lat="50.09101" lon="5.17576"><ele>184.3</ele></trkpt><trkpt lat="50.09094" lon="5.17575"><ele>184.4</ele></trkpt><trkpt lat="50.09062" lon="5.17577"><ele>183.9</ele></trkpt><trkpt lat="50.09037" lon="5.17575"><ele>183.1</ele></trkpt><trkpt lat="50.09013" lon="5.17568"><ele>182.5</ele></trkpt><trkpt lat="50.08983" lon="5.17555"><ele>182.6</ele></trkpt><trkpt lat="50.08974" lon="5.17545"><ele>182.7</ele></trkpt><trkpt lat="50.08949" lon="5.17479"><ele>184.4</ele></trkpt><trkpt lat="50.08876" lon="5.17536"><ele>191.0</ele></trkpt><trkpt lat="50.08849" lon="5.17554"><ele>193.5</ele></trkpt><trkpt lat="50.08832" lon="5.17576"><ele>194.4</ele></trkpt><trkpt lat="50.08797" lon="5.17658"><ele>199.7</ele></trkpt><trkpt lat="50.08762" lon="5.17740"><ele>202.9</ele></trkpt><trkpt lat="50.08743" lon="5.17774"><ele>204.3</ele></trkpt><trkpt lat="50.08705" lon="5.17826"><ele>205.4</ele></trkpt><trkpt lat="50.08668" lon="5.17873"><ele>205.1</ele></trkpt><trkpt lat="50.08631" lon="5.17920"><ele>204.4</ele></trkpt><trkpt lat="50.08587" lon="5.17960"><ele>204.2</ele></trkpt><trkpt lat="50.08542" lon="5.18000"><ele>204.5</ele></trkpt><trkpt lat="50.08519" lon="5.18021"><ele>204.6</ele></trkpt><trkpt lat="50.08506" lon="5.18030"><ele>205.1</ele></trkpt><trkpt lat="50.08482" lon="5.18043"><ele>205.2</ele></trkpt><trkpt lat="50.08428" lon="5.18059"><ele>206.4</ele></trkpt><trkpt lat="50.08374" lon="5.18074"><ele>207.6</ele></trkpt><trkpt lat="50.08360" lon="5.17974"><ele>206.9</ele></trkpt><trkpt lat="50.08346" lon="5.17875"><ele>207.4</ele></trkpt><trkpt lat="50.08345" lon="5.17869"><ele>207.4</ele></trkpt><trkpt lat="50.08342" lon="5.17846"><ele>207.5</ele></trkpt><trkpt lat="50.08337" lon="5.17826"><ele>207.9</ele></trkpt><trkpt lat="50.08310" lon="5.17753"><ele>208.3</ele></trkpt><trkpt lat="50.08311" lon="5.17754"><ele>208.3</ele></trkpt><trkpt lat="50.08306" lon="5.17732"><ele>208.5</ele></trkpt><trkpt lat="50.08306" lon="5.17709"><ele>208.8</ele></trkpt><trkpt lat="50.08256" lon="5.17707"><ele>211.8</ele></trkpt><trkpt lat="50.08229" lon="5.17685"><ele>212.2</ele></trkpt><trkpt lat="50.08205" lon="5.17676"><ele>212.8</ele></trkpt><trkpt lat="50.08210" lon="5.17678"><ele>212.7</ele></trkpt><trkpt lat="50.08190" lon="5.17670"><ele>213.4</ele></trkpt><trkpt lat="50.08133" lon="5.17630"><ele>215.7</ele></trkpt><trkpt lat="50.08122" lon="5.17626"><ele>220.3</ele></trkpt><trkpt lat="50.08107" lon="5.17625"><ele>220.3</ele></trkpt><trkpt lat="50.08070" lon="5.17628"><ele>223.0</ele></trkpt><trkpt lat="50.08059" lon="5.17627"><ele>223.0</ele></trkpt><trkpt lat="50.08049" lon="5.17623"><ele>224.7</ele></trkpt><trkpt lat="50.07987" lon="5.17585"><ele>230.0</ele></trkpt><trkpt lat="50.07943" lon="5.17562"><ele>234.5</ele></trkpt><trkpt lat="50.07908" lon="5.17557"><ele>236.8</ele></trkpt><trkpt lat="50.07888" lon="5.17560"><ele>239.9</ele></trkpt><trkpt lat="50.07853" lon="5.17589"><ele>244.8</ele></trkpt><trkpt lat="50.07833" lon="5.17618"><ele>247.6</ele></trkpt><trkpt lat="50.07772" lon="5.17717"><ele>256.6</ele></trkpt><trkpt lat="50.07752" lon="5.17768"><ele>261.2</ele></trkpt><trkpt lat="50.07743" lon="5.17780"><ele>261.2</ele></trkpt><trkpt lat="50.07719" lon="5.17801"><ele>263.6</ele></trkpt><trkpt lat="50.07664" lon="5.17874"><ele>270.8</ele></trkpt><trkpt lat="50.07641" lon="5.17921"><ele>275.5</ele></trkpt><trkpt lat="50.07632" lon="5.17953"><ele>275.5</ele></trkpt><trkpt lat="50.07634" lon="5.17944"><ele>275.0</ele></trkpt><trkpt lat="50.07627" lon="5.17982"><ele>277.2</ele></trkpt><trkpt lat="50.07624" lon="5.18018"><ele>280.0</ele></trkpt><trkpt lat="50.07623" lon="5.18086"><ele>284.5</ele></trkpt><trkpt lat="50.07625" lon="5.18191"><ele>289.6</ele></trkpt><trkpt lat="50.07621" lon="5.18283"><ele>296.0</ele></trkpt><trkpt lat="50.07627" lon="5.18384"><ele>300.3</ele></trkpt><trkpt lat="50.07625" lon="5.18461"><ele>305.3</ele></trkpt><trkpt lat="50.07622" lon="5.18537"><ele>308.0</ele></trkpt><trkpt lat="50.07618" lon="5.18566"><ele>309.9</ele></trkpt><trkpt lat="50.07604" lon="5.18637"><ele>313.0</ele></trkpt><trkpt lat="50.07589" lon="5.18708"><ele>314.6</ele></trkpt><trkpt lat="50.07577" lon="5.18761"><ele>315.4</ele></trkpt><trkpt lat="50.07560" lon="5.18799"><ele>315.9</ele></trkpt><trkpt lat="50.07534" lon="5.18850"><ele>317.4</ele></trkpt><trkpt lat="50.07501" lon="5.18942"><ele>321.5</ele></trkpt><trkpt lat="50.07468" lon="5.19033"><ele>324.9</ele></trkpt><trkpt lat="50.07457" lon="5.19070"><ele>326.5</ele></trkpt><trkpt lat="50.07439" lon="5.19158"><ele>328.7</ele></trkpt><trkpt lat="50.07431" lon="5.19180"><ele>329.3</ele></trkpt><trkpt lat="50.07411" lon="5.19212"><ele>331.3</ele></trkpt><trkpt lat="50.07385" lon="5.19242"><ele>333.0</ele></trkpt><trkpt lat="50.07364" lon="5.19253"><ele>335.9</ele></trkpt><trkpt lat="50.07342" lon="5.19255"><ele>337.7</ele></trkpt><trkpt lat="50.07328" lon="5.19264"><ele>338.3</ele></trkpt><trkpt lat="50.07303" lon="5.19297"><ele>340.8</ele></trkpt><trkpt lat="50.07256" lon="5.19342"><ele>344.2</ele></trkpt><trkpt lat="50.07237" lon="5.19367"><ele>344.2</ele></trkpt><trkpt lat="50.07215" lon="5.19402"><ele>347.7</ele></trkpt><trkpt lat="50.07178" lon="5.19485"><ele>351.1</ele></trkpt><trkpt lat="50.07162" lon="5.19516"><ele>351.6</ele></trkpt><trkpt lat="50.07167" lon="5.19534"><ele>351.4</ele></trkpt><trkpt lat="50.07189" lon="5.19625"><ele>347.3</ele></trkpt><trkpt lat="50.07211" lon="5.19715"><ele>344.3</ele></trkpt><trkpt lat="50.07233" lon="5.19806"><ele>342.4</ele></trkpt><trkpt lat="50.07253" lon="5.19808"><ele>341.8</ele></trkpt><trkpt lat="50.07274" lon="5.19813"><ele>339.3</ele></trkpt><trkpt lat="50.07302" lon="5.19826"><ele>337.7</ele></trkpt><trkpt lat="50.07352" lon="5.19858"><ele>335.2</ele></trkpt><trkpt lat="50.07373" lon="5.19875"><ele>334.6</ele></trkpt><trkpt lat="50.07389" lon="5.19894"><ele>333.7</ele></trkpt><trkpt lat="50.07404" lon="5.19918"><ele>332.3</ele></trkpt><trkpt lat="50.07418" lon="5.19952"><ele>331.7</ele></trkpt><trkpt lat="50.07432" lon="5.20002"><ele>330.6</ele></trkpt><trkpt lat="50.07447" lon="5.20075"><ele>326.1</ele></trkpt><trkpt lat="50.07460" lon="5.20169"><ele>324.1</ele></trkpt><trkpt lat="50.07467" lon="5.20290"><ele>320.9</ele></trkpt><trkpt lat="50.07477" lon="5.20404"><ele>316.2</ele></trkpt><trkpt lat="50.07494" lon="5.20538"><ele>313.6</ele></trkpt><trkpt lat="50.07504" lon="5.20592"><ele>313.1</ele></trkpt><trkpt lat="50.07510" lon="5.20613"><ele>311.1</ele></trkpt><trkpt lat="50.07535" lon="5.20658"><ele>311.1</ele></trkpt><trkpt lat="50.07581" lon="5.20707"><ele>307.8</ele></trkpt><trkpt lat="50.07626" lon="5.20757"><ele>305.8</ele></trkpt><trkpt lat="50.07640" lon="5.20780"><ele>303.9</ele></trkpt><trkpt lat="50.07661" lon="5.20829"><ele>301.5</ele></trkpt><trkpt lat="50.07676" lon="5.20876"><ele>299.7</ele></trkpt><trkpt lat="50.07684" lon="5.20917"><ele>298.3</ele></trkpt><trkpt lat="50.07693" lon="5.21033"><ele>294.4</ele></trkpt><trkpt lat="50.07702" lon="5.21093"><ele>292.5</ele></trkpt><trkpt lat="50.07702" lon="5.21097"><ele>292.4</ele></trkpt><trkpt lat="50.07707" lon="5.21122"><ele>291.5</ele></trkpt><trkpt lat="50.07719" lon="5.21168"><ele>289.2</ele></trkpt><trkpt lat="50.07740" lon="5.21207"><ele>287.5</ele></trkpt><trkpt lat="50.07807" lon="5.21289"><ele>283.9</ele></trkpt><trkpt lat="50.07823" lon="5.21312"><ele>281.9</ele></trkpt><trkpt lat="50.07844" lon="5.21350"><ele>280.4</ele></trkpt><trkpt lat="50.07892" lon="5.21450"><ele>275.5</ele></trkpt><trkpt lat="50.07942" lon="5.21517"><ele>271.5</ele></trkpt><trkpt lat="50.07991" lon="5.21583"><ele>268.0</ele></trkpt><trkpt lat="50.08041" lon="5.21650"><ele>268.4</ele></trkpt><trkpt lat="50.08092" lon="5.21723"><ele>265.4</ele></trkpt><trkpt lat="50.08103" lon="5.21747"><ele>265.0</ele></trkpt><trkpt lat="50.08109" lon="5.21768"><ele>264.5</ele></trkpt><trkpt lat="50.08130" lon="5.21863"><ele>260.7</ele></trkpt><trkpt lat="50.08150" lon="5.21957"><ele>256.9</ele></trkpt><trkpt lat="50.08171" lon="5.22052"><ele>250.9</ele></trkpt><trkpt lat="50.08179" lon="5.22070"><ele>249.1</ele></trkpt><trkpt lat="50.08184" lon="5.22078"><ele>249.1</ele></trkpt><trkpt lat="50.08199" lon="5.22092"><ele>248.2</ele></trkpt><trkpt lat="50.08247" lon="5.22123"><ele>246.8</ele></trkpt><trkpt lat="50.08249" lon="5.22145"><ele>247.1</ele></trkpt><trkpt lat="50.08270" lon="5.22184"><ele>246.4</ele></trkpt><trkpt lat="50.08296" lon="5.22223"><ele>245.8</ele></trkpt><trkpt lat="50.08306" lon="5.22245"><ele>245.9</ele></trkpt><trkpt lat="50.08322" lon="5.22295"><ele>246.9</ele></trkpt><trkpt lat="50.08351" lon="5.22426"><ele>248.3</ele></trkpt><trkpt lat="50.08373" lon="5.22543"><ele>249.1</ele></trkpt><trkpt lat="50.08377" lon="5.22574"><ele>249.8</ele></trkpt><trkpt lat="50.08380" lon="5.22644"><ele>250.0</ele></trkpt><trkpt lat="50.08383" lon="5.22714"><ele>250.8</ele></trkpt><trkpt lat="50.08393" lon="5.22798"><ele>250.9</ele></trkpt><trkpt lat="50.08402" lon="5.22883"><ele>251.1</ele></trkpt><trkpt lat="50.08408" lon="5.23022"><ele>251.9</ele></trkpt><trkpt lat="50.08414" lon="5.23058"><ele>252.0</ele></trkpt><trkpt lat="50.08435" lon="5.23155"><ele>252.9</ele></trkpt><trkpt lat="50.08451" lon="5.23238"><ele>255.5</ele></trkpt><trkpt lat="50.08467" lon="5.23341"><ele>257.9</ele></trkpt><trkpt lat="50.08476" lon="5.23415"><ele>259.2</ele></trkpt><trkpt lat="50.08477" lon="5.23449"><ele>259.5</ele></trkpt><trkpt lat="50.08476" lon="5.23519"><ele>261.3</ele></trkpt><trkpt lat="50.08482" lon="5.23656"><ele>264.7</ele></trkpt><trkpt lat="50.08487" lon="5.23794"><ele>267.6</ele></trkpt><trkpt lat="50.08502" lon="5.23902"><ele>268.9</ele></trkpt><trkpt lat="50.08517" lon="5.24011"><ele>269.8</ele></trkpt><trkpt lat="50.08534" lon="5.24125"><ele>270.9</ele></trkpt><trkpt lat="50.08551" lon="5.24240"><ele>273.3</ele></trkpt><trkpt lat="50.08572" lon="5.24351"><ele>274.9</ele></trkpt><trkpt lat="50.08593" lon="5.24463"><ele>276.2</ele></trkpt><trkpt lat="50.08614" lon="5.24574"><ele>279.2</ele></trkpt><trkpt lat="50.08635" lon="5.24686"><ele>279.9</ele></trkpt><trkpt lat="50.08659" lon="5.24800"><ele>280.3</ele></trkpt><trkpt lat="50.08660" lon="5.24807"><ele>280.3</ele></trkpt><trkpt lat="50.08682" lon="5.24932"><ele>280.2</ele></trkpt><trkpt lat="50.08703" lon="5.25058"><ele>279.9</ele></trkpt><trkpt lat="50.08725" lon="5.25183"><ele>280.4</ele></trkpt><trkpt lat="50.08745" lon="5.25273"><ele>281.1</ele></trkpt><trkpt lat="50.08759" lon="5.25345"><ele>282.4</ele></trkpt><trkpt lat="50.08765" lon="5.25473"><ele>285.1</ele></trkpt><trkpt lat="50.08771" lon="5.25602"><ele>288.0</ele></trkpt><trkpt lat="50.08773" lon="5.25688"><ele>287.7</ele></trkpt><trkpt lat="50.08780" lon="5.25777"><ele>287.7</ele></trkpt><trkpt lat="50.08791" lon="5.25835"><ele>287.8</ele></trkpt><trkpt lat="50.08783" lon="5.25848"><ele>288.6</ele></trkpt><trkpt lat="50.08789" lon="5.25828"><ele>287.9</ele></trkpt><trkpt lat="50.08810" lon="5.25899"><ele>286.2</ele></trkpt><trkpt lat="50.08819" lon="5.25931"><ele>285.2</ele></trkpt><trkpt lat="50.08828" lon="5.25949"><ele>285.2</ele></trkpt><trkpt lat="50.08840" lon="5.25961"><ele>283.2</ele></trkpt><trkpt lat="50.08863" lon="5.25977"><ele>283.3</ele></trkpt><trkpt lat="50.08874" lon="5.25989"><ele>282.3</ele></trkpt><trkpt lat="50.08880" lon="5.26007"><ele>282.3</ele></trkpt><trkpt lat="50.08893" lon="5.26069"><ele>281.7</ele></trkpt><trkpt lat="50.08925" lon="5.26165"><ele>281.8</ele></trkpt><trkpt lat="50.08940" lon="5.26201"><ele>281.7</ele></trkpt><trkpt lat="50.08942" lon="5.26204"><ele>281.7</ele></trkpt><trkpt lat="50.08983" lon="5.26296"><ele>281.6</ele></trkpt><trkpt lat="50.09023" lon="5.26388"><ele>280.5</ele></trkpt><trkpt lat="50.09039" lon="5.26441"><ele>279.5</ele></trkpt><trkpt lat="50.09048" lon="5.26452"><ele>278.8</ele></trkpt><trkpt lat="50.09077" lon="5.26507"><ele>276.3</ele></trkpt><trkpt lat="50.09090" lon="5.26522"><ele>275.6</ele></trkpt><trkpt lat="50.09135" lon="5.26557"><ele>274.5</ele></trkpt><trkpt lat="50.09149" lon="5.26576"><ele>274.0</ele></trkpt><trkpt lat="50.09172" lon="5.26632"><ele>272.8</ele></trkpt><trkpt lat="50.09193" lon="5.26667"><ele>272.6</ele></trkpt><trkpt lat="50.09221" lon="5.26702"><ele>272.0</ele></trkpt><trkpt lat="50.09243" lon="5.26721"><ele>271.4</ele></trkpt><trkpt lat="50.09247" lon="5.26723"><ele>271.3</ele></trkpt><trkpt lat="50.09260" lon="5.26731"><ele>271.1</ele></trkpt><trkpt lat="50.09286" lon="5.26738"><ele>270.4</ele></trkpt><trkpt lat="50.09329" lon="5.26744"><ele>270.3</ele></trkpt><trkpt lat="50.09400" lon="5.26742"><ele>269.8</ele></trkpt><trkpt lat="50.09471" lon="5.26740"><ele>269.9</ele></trkpt><trkpt lat="50.09549" lon="5.26750"><ele>269.8</ele></trkpt><trkpt lat="50.09577" lon="5.26758"><ele>269.6</ele></trkpt><trkpt lat="50.09613" lon="5.26771"><ele>269.2</ele></trkpt><trkpt lat="50.09622" lon="5.26778"><ele>269.0</ele></trkpt><trkpt lat="50.09637" lon="5.26760"><ele>269.6</ele></trkpt><trkpt lat="50.09651" lon="5.26748"><ele>269.9</ele></trkpt><trkpt lat="50.09676" lon="5.26735"><ele>271.1</ele></trkpt><trkpt lat="50.09730" lon="5.26716"><ele>273.0</ele></trkpt><trkpt lat="50.09784" lon="5.26696"><ele>274.3</ele></trkpt><trkpt lat="50.09796" lon="5.26771"><ele>274.3</ele></trkpt><trkpt lat="50.09810" lon="5.26821"><ele>274.9</ele></trkpt><trkpt lat="50.09831" lon="5.26866"><ele>276.4</ele></trkpt><trkpt lat="50.09846" lon="5.26892"><ele>276.4</ele></trkpt><trkpt lat="50.09880" lon="5.26928"><ele>277.9</ele></trkpt><trkpt lat="50.09898" lon="5.26941"><ele>279.4</ele></trkpt><trkpt lat="50.09922" lon="5.26954"><ele>280.1</ele></trkpt><trkpt lat="50.09967" lon="5.26968"><ele>283.6</ele></trkpt><trkpt lat="50.10027" lon="5.26978"><ele>286.1</ele></trkpt><trkpt lat="50.10048" lon="5.26979"><ele>286.5</ele></trkpt><trkpt lat="50.10078" lon="5.26972"><ele>287.3</ele></trkpt><trkpt lat="50.10127" lon="5.26967"><ele>288.1</ele></trkpt><trkpt lat="50.10184" lon="5.26965"><ele>288.7</ele></trkpt><trkpt lat="50.10241" lon="5.26963"><ele>288.5</ele></trkpt><trkpt lat="50.10247" lon="5.26963"><ele>288.4</ele></trkpt><trkpt lat="50.10332" lon="5.26961"><ele>286.3</ele></trkpt><trkpt lat="50.10416" lon="5.26959"><ele>283.3</ele></trkpt><trkpt lat="50.10461" lon="5.26955"><ele>281.0</ele></trkpt><trkpt lat="50.10501" lon="5.26947"><ele>279.9</ele></trkpt><trkpt lat="50.10511" lon="5.26947"><ele>279.5</ele></trkpt><trkpt lat="50.10523" lon="5.26951"><ele>279.0</ele></trkpt><trkpt lat="50.10549" lon="5.26971"><ele>278.7</ele></trkpt><trkpt lat="50.10576" lon="5.27008"><ele>278.9</ele></trkpt><trkpt lat="50.10612" lon="5.27077"><ele>280.2</ele></trkpt><trkpt lat="50.10650" lon="5.27160"><ele>281.2</ele></trkpt><trkpt lat="50.10650" lon="5.27159"><ele>281.2</ele></trkpt><trkpt lat="50.10695" lon="5.27257"><ele>280.6</ele></trkpt><trkpt lat="50.10740" lon="5.27354"><ele>278.4</ele></trkpt><trkpt lat="50.10784" lon="5.27452"><ele>276.3</ele></trkpt><trkpt lat="50.10829" lon="5.27549"><ele>275.1</ele></trkpt><trkpt lat="50.10874" lon="5.27647"><ele>272.8</ele></trkpt><trkpt lat="50.10904" lon="5.27706"><ele>269.9</ele></trkpt><trkpt lat="50.10934" lon="5.27766"><ele>268.0</ele></trkpt><trkpt lat="50.10943" lon="5.27778"><ele>267.5</ele></trkpt><trkpt lat="50.11003" lon="5.27805"><ele>263.7</ele></trkpt><trkpt lat="50.11072" lon="5.27806"><ele>260.1</ele></trkpt><trkpt lat="50.11140" lon="5.27807"><ele>257.8</ele></trkpt><trkpt lat="50.11152" lon="5.27812"><ele>257.2</ele></trkpt><trkpt lat="50.11168" lon="5.27825"><ele>256.9</ele></trkpt><trkpt lat="50.11180" lon="5.27841"><ele>256.5</ele></trkpt><trkpt lat="50.11188" lon="5.27853"><ele>255.8</ele></trkpt><trkpt lat="50.11195" lon="5.27870"><ele>255.8</ele></trkpt><trkpt lat="50.11198" lon="5.27888"><ele>255.1</ele></trkpt><trkpt lat="50.11184" lon="5.27946"><ele>255.4</ele></trkpt><trkpt lat="50.11168" lon="5.28002"><ele>255.8</ele></trkpt><trkpt lat="50.11166" lon="5.28018"><ele>255.9</ele></trkpt><trkpt lat="50.11134" lon="5.28051"><ele>257.6</ele></trkpt><trkpt lat="50.11128" lon="5.28061"><ele>257.6</ele></trkpt><trkpt lat="50.11120" lon="5.28089"><ele>259.1</ele></trkpt><trkpt lat="50.11095" lon="5.28161"><ele>262.8</ele></trkpt><trkpt lat="50.11088" lon="5.28171"><ele>262.8</ele></trkpt><trkpt lat="50.11040" lon="5.28206"><ele>266.1</ele></trkpt><trkpt lat="50.11017" lon="5.28229"><ele>267.8</ele></trkpt><trkpt lat="50.11009" lon="5.28246"><ele>268.8</ele></trkpt><trkpt lat="50.11005" lon="5.28263"><ele>268.8</ele></trkpt><trkpt lat="50.11003" lon="5.28324"><ele>272.3</ele></trkpt><trkpt lat="50.11008" lon="5.28390"><ele>273.9</ele></trkpt><trkpt lat="50.11024" lon="5.28458"><ele>271.6</ele></trkpt><trkpt lat="50.11019" lon="5.28492"><ele>269.4</ele></trkpt><trkpt lat="50.11019" lon="5.28522"><ele>267.3</ele></trkpt><trkpt lat="50.11023" lon="5.28545"><ele>266.1</ele></trkpt><trkpt lat="50.11048" lon="5.28626"><ele>261.9</ele></trkpt><trkpt lat="50.11062" lon="5.28686"><ele>258.3</ele></trkpt><trkpt lat="50.11061" lon="5.28771"><ele>253.2</ele></trkpt><trkpt lat="50.11068" lon="5.28886"><ele>249.6</ele></trkpt><trkpt lat="50.11067" lon="5.28928"><ele>246.5</ele></trkpt><trkpt lat="50.11061" lon="5.29017"><ele>241.0</ele></trkpt><trkpt lat="50.11055" lon="5.29106"><ele>236.4</ele></trkpt><trkpt lat="50.11039" lon="5.29240"><ele>229.2</ele></trkpt><trkpt lat="50.11031" lon="5.29291"><ele>226.9</ele></trkpt><trkpt lat="50.11035" lon="5.29319"><ele>225.1</ele></trkpt><trkpt lat="50.11066" lon="5.29390"><ele>221.3</ele></trkpt><trkpt lat="50.11097" lon="5.29461"><ele>217.4</ele></trkpt><trkpt lat="50.11108" lon="5.29501"><ele>217.8</ele></trkpt><trkpt lat="50.11118" lon="5.29598"><ele>221.4</ele></trkpt><trkpt lat="50.11122" lon="5.29612"><ele>221.5</ele></trkpt><trkpt lat="50.11130" lon="5.29614"><ele>221.5</ele></trkpt><trkpt lat="50.11160" lon="5.29605"><ele>221.9</ele></trkpt><trkpt lat="50.11174" lon="5.29603"><ele>222.2</ele></trkpt><trkpt lat="50.11252" lon="5.29598"><ele>227.7</ele></trkpt><trkpt lat="50.11330" lon="5.29592"><ele>232.5</ele></trkpt><trkpt lat="50.11340" lon="5.29589"><ele>235.0</ele></trkpt><trkpt lat="50.11353" lon="5.29596"><ele>235.0</ele></trkpt><trkpt lat="50.11355" lon="5.29614"><ele>235.5</ele></trkpt><trkpt lat="50.11347" lon="5.29666"><ele>238.1</ele></trkpt><trkpt lat="50.11317" lon="5.29798"><ele>239.7</ele></trkpt><trkpt lat="50.11287" lon="5.29930"><ele>234.9</ele></trkpt><trkpt lat="50.11258" lon="5.30040"><ele>229.7</ele></trkpt><trkpt lat="50.11253" lon="5.30079"><ele>229.4</ele></trkpt><trkpt lat="50.11275" lon="5.30151"><ele>231.9</ele></trkpt><trkpt lat="50.11276" lon="5.30249"><ele>234.7</ele></trkpt><trkpt lat="50.11276" lon="5.30348"><ele>237.9</ele></trkpt><trkpt lat="50.11277" lon="5.30446"><ele>241.7</ele></trkpt><trkpt lat="50.11274" lon="5.30532"><ele>243.5</ele></trkpt><trkpt lat="50.11270" lon="5.30618"><ele>244.1</ele></trkpt><trkpt lat="50.11267" lon="5.30645"><ele>244.4</ele></trkpt><trkpt lat="50.11247" lon="5.30757"><ele>245.4</ele></trkpt><trkpt lat="50.11229" lon="5.30845"><ele>247.1</ele></trkpt><trkpt lat="50.11229" lon="5.30958"><ele>249.7</ele></trkpt><trkpt lat="50.11235" lon="5.31021"><ele>250.0</ele></trkpt><trkpt lat="50.11253" lon="5.31152"><ele>250.0</ele></trkpt><trkpt lat="50.11252" lon="5.31198"><ele>249.5</ele></trkpt><trkpt lat="50.11243" lon="5.31201"><ele>250.0</ele></trkpt><trkpt lat="50.11227" lon="5.31212"><ele>250.9</ele></trkpt><trkpt lat="50.11205" lon="5.31243"><ele>254.8</ele></trkpt><trkpt lat="50.11193" lon="5.31254"><ele>254.8</ele></trkpt><trkpt lat="50.11187" lon="5.31256"><ele>254.8</ele></trkpt><trkpt lat="50.11176" lon="5.31256"><ele>256.3</ele></trkpt><trkpt lat="50.11109" lon="5.31240"><ele>263.1</ele></trkpt><trkpt lat="50.11083" lon="5.31225"><ele>265.9</ele></trkpt><trkpt lat="50.11068" lon="5.31206"><ele>268.1</ele></trkpt><trkpt lat="50.11053" lon="5.31179"><ele>271.1</ele></trkpt><trkpt lat="50.11037" lon="5.31140"><ele>275.4</ele></trkpt><trkpt lat="50.11021" lon="5.31112"><ele>278.4</ele></trkpt><trkpt lat="50.11000" lon="5.31089"><ele>280.4</ele></trkpt><trkpt lat="50.10976" lon="5.31066"><ele>282.5</ele></trkpt><trkpt lat="50.10944" lon="5.31042"><ele>288.6</ele></trkpt><trkpt lat="50.10875" lon="5.31000"><ele>297.3</ele></trkpt><trkpt lat="50.10805" lon="5.30959"><ele>305.4</ele></trkpt><trkpt lat="50.10787" lon="5.30955"><ele>306.3</ele></trkpt><trkpt lat="50.10776" lon="5.30955"><ele>306.8</ele></trkpt><trkpt lat="50.10762" lon="5.30963"><ele>308.9</ele></trkpt><trkpt lat="50.10754" lon="5.30972"><ele>308.9</ele></trkpt><trkpt lat="50.10747" lon="5.30989"><ele>314.1</ele></trkpt><trkpt lat="50.10745" lon="5.31072"><ele>318.5</ele></trkpt><trkpt lat="50.10735" lon="5.31171"><ele>323.9</ele></trkpt><trkpt lat="50.10734" lon="5.31171"><ele>323.9</ele></trkpt><trkpt lat="50.10726" lon="5.31232"><ele>327.8</ele></trkpt><trkpt lat="50.10706" lon="5.31291"><ele>330.3</ele></trkpt><trkpt lat="50.10658" lon="5.31352"><ele>332.9</ele></trkpt><trkpt lat="50.10610" lon="5.31412"><ele>334.5</ele></trkpt><trkpt lat="50.10548" lon="5.31496"><ele>338.4</ele></trkpt><trkpt lat="50.10513" lon="5.31577"><ele>342.8</ele></trkpt><trkpt lat="50.10482" lon="5.31699"><ele>346.4</ele></trkpt><trkpt lat="50.10464" lon="5.31729"><ele>348.5</ele></trkpt><trkpt lat="50.10456" lon="5.31738"><ele>349.9</ele></trkpt><trkpt lat="50.10443" lon="5.31745"><ele>351.5</ele></trkpt><trkpt lat="50.10410" lon="5.31745"><ele>355.3</ele></trkpt><trkpt lat="50.10397" lon="5.31740"><ele>356.9</ele></trkpt><trkpt lat="50.10385" lon="5.31733"><ele>358.7</ele></trkpt><trkpt lat="50.10355" lon="5.31704"><ele>363.1</ele></trkpt><trkpt lat="50.10340" lon="5.31684"><ele>367.0</ele></trkpt><trkpt lat="50.10294" lon="5.31589"><ele>375.2</ele></trkpt><trkpt lat="50.10259" lon="5.31533"><ele>378.1</ele></trkpt><trkpt lat="50.10223" lon="5.31478"><ele>380.2</ele></trkpt><trkpt lat="50.10204" lon="5.31453"><ele>380.8</ele></trkpt><trkpt lat="50.10188" lon="5.31435"><ele>381.8</ele></trkpt><trkpt lat="50.10170" lon="5.31421"><ele>384.1</ele></trkpt><trkpt lat="50.10141" lon="5.31404"><ele>384.6</ele></trkpt><trkpt lat="50.10123" lon="5.31396"><ele>386.0</ele></trkpt><trkpt lat="50.10094" lon="5.31389"><ele>387.3</ele></trkpt><trkpt lat="50.10009" lon="5.31376"><ele>383.4</ele></trkpt><trkpt lat="50.09986" lon="5.31371"><ele>381.8</ele></trkpt><trkpt lat="50.09913" lon="5.31348"><ele>378.7</ele></trkpt><trkpt lat="50.09839" lon="5.31325"><ele>375.4</ele></trkpt><trkpt lat="50.09785" lon="5.31328"><ele>375.0</ele></trkpt><trkpt lat="50.09731" lon="5.31330"><ele>377.1</ele></trkpt><trkpt lat="50.09703" lon="5.31339"><ele>379.2</ele></trkpt><trkpt lat="50.09695" lon="5.31351"><ele>379.5</ele></trkpt><trkpt lat="50.09686" lon="5.31380"><ele>380.6</ele></trkpt><trkpt lat="50.09660" lon="5.31479"><ele>381.9</ele></trkpt><trkpt lat="50.09636" lon="5.31604"><ele>382.1</ele></trkpt><trkpt lat="50.09627" lon="5.31693"><ele>381.7</ele></trkpt><trkpt lat="50.09626" lon="5.31695"><ele>381.7</ele></trkpt><trkpt lat="50.09626" lon="5.31820"><ele>380.4</ele></trkpt><trkpt lat="50.09623" lon="5.31862"><ele>378.9</ele></trkpt><trkpt lat="50.09610" lon="5.31933"><ele>376.2</ele></trkpt><trkpt lat="50.09585" lon="5.32006"><ele>373.9</ele></trkpt><trkpt lat="50.09559" lon="5.32079"><ele>372.0</ele></trkpt><trkpt lat="50.09521" lon="5.32171"><ele>369.6</ele></trkpt><trkpt lat="50.09507" lon="5.32192"><ele>369.0</ele></trkpt><trkpt lat="50.09482" lon="5.32217"><ele>368.6</ele></trkpt><trkpt lat="50.09462" lon="5.32226"><ele>367.2</ele></trkpt><trkpt lat="50.09437" lon="5.32226"><ele>367.2</ele></trkpt><trkpt lat="50.09387" lon="5.32207"><ele>364.8</ele></trkpt><trkpt lat="50.09373" lon="5.32203"><ele>363.6</ele></trkpt><trkpt lat="50.09285" lon="5.32223"><ele>354.8</ele></trkpt><trkpt lat="50.09269" lon="5.32233"><ele>352.6</ele></trkpt><trkpt lat="50.09263" lon="5.32239"><ele>352.6</ele></trkpt><trkpt lat="50.09258" lon="5.32247"><ele>352.6</ele></trkpt><trkpt lat="50.09237" lon="5.32355"><ele>345.3</ele></trkpt><trkpt lat="50.09215" lon="5.32463"><ele>342.3</ele></trkpt><trkpt lat="50.09204" lon="5.32506"><ele>342.5</ele></trkpt><trkpt lat="50.09193" lon="5.32538"><ele>343.8</ele></trkpt><trkpt lat="50.09175" lon="5.32573"><ele>344.6</ele></trkpt><trkpt lat="50.09155" lon="5.32602"><ele>347.0</ele></trkpt><trkpt lat="50.09144" lon="5.32610"><ele>347.4</ele></trkpt><trkpt lat="50.09125" lon="5.32612"><ele>348.1</ele></trkpt><trkpt lat="50.09092" lon="5.32619"><ele>348.5</ele></trkpt><trkpt lat="50.09074" lon="5.32603"><ele>348.8</ele></trkpt><trkpt lat="50.09066" lon="5.32594"><ele>349.2</ele></trkpt><trkpt lat="50.09059" lon="5.32581"><ele>349.7</ele></trkpt><trkpt lat="50.09046" lon="5.32539"><ele>353.7</ele></trkpt><trkpt lat="50.09029" lon="5.32444"><ele>361.6</ele></trkpt><trkpt lat="50.09007" lon="5.32391"><ele>364.8</ele></trkpt><trkpt lat="50.08988" lon="5.32358"><ele>366.2</ele></trkpt><trkpt lat="50.08970" lon="5.32341"><ele>367.9</ele></trkpt><trkpt lat="50.08959" lon="5.32338"><ele>368.6</ele></trkpt><trkpt lat="50.08949" lon="5.32338"><ele>369.4</ele></trkpt><trkpt lat="50.08937" lon="5.32340"><ele>369.9</ele></trkpt><trkpt lat="50.08927" lon="5.32348"><ele>370.2</ele></trkpt><trkpt lat="50.08920" lon="5.32357"><ele>370.2</ele></trkpt><trkpt lat="50.08898" lon="5.32425"><ele>371.8</ele></trkpt><trkpt lat="50.08886" lon="5.32509"><ele>374.6</ele></trkpt><trkpt lat="50.08874" lon="5.32592"><ele>377.9</ele></trkpt><trkpt lat="50.08866" lon="5.32626"><ele>378.4</ele></trkpt><trkpt lat="50.08857" lon="5.32648"><ele>379.2</ele></trkpt><trkpt lat="50.08849" lon="5.32659"><ele>379.2</ele></trkpt><trkpt lat="50.08841" lon="5.32666"><ele>379.2</ele></trkpt><trkpt lat="50.08828" lon="5.32674"><ele>379.4</ele></trkpt><trkpt lat="50.08802" lon="5.32683"><ele>379.5</ele></trkpt><trkpt lat="50.08774" lon="5.32687"><ele>379.1</ele></trkpt><trkpt lat="50.08762" lon="5.32685"><ele>378.7</ele></trkpt><trkpt lat="50.08758" lon="5.32685"><ele>378.6</ele></trkpt><trkpt lat="50.08751" lon="5.32685"><ele>378.3</ele></trkpt><trkpt lat="50.08673" lon="5.32659"><ele>376.4</ele></trkpt><trkpt lat="50.08594" lon="5.32632"><ele>374.7</ele></trkpt><trkpt lat="50.08516" lon="5.32606"><ele>373.8</ele></trkpt><trkpt lat="50.08471" lon="5.32588"><ele>373.3</ele></trkpt><trkpt lat="50.08454" lon="5.32578"><ele>373.0</ele></trkpt><trkpt lat="50.08416" lon="5.32549"><ele>372.6</ele></trkpt><trkpt lat="50.08383" lon="5.32529"><ele>371.8</ele></trkpt><trkpt lat="50.08328" lon="5.32499"><ele>370.0</ele></trkpt><trkpt lat="50.08312" lon="5.32493"><ele>369.7</ele></trkpt><trkpt lat="50.08311" lon="5.32492"><ele>369.7</ele></trkpt><trkpt lat="50.08304" lon="5.32490"><ele>369.5</ele></trkpt><trkpt lat="50.08284" lon="5.32492"><ele>368.8</ele></trkpt><trkpt lat="50.08212" lon="5.32519"><ele>368.0</ele></trkpt><trkpt lat="50.08140" lon="5.32546"><ele>368.4</ele></trkpt><trkpt lat="50.08123" lon="5.32549"><ele>368.8</ele></trkpt><trkpt lat="50.08112" lon="5.32549"><ele>368.8</ele></trkpt><trkpt lat="50.08101" lon="5.32546"><ele>369.1</ele></trkpt><trkpt lat="50.08084" lon="5.32538"><ele>369.7</ele></trkpt><trkpt lat="50.08075" lon="5.32530"><ele>369.9</ele></trkpt><trkpt lat="50.08066" lon="5.32518"><ele>370.2</ele></trkpt><trkpt lat="50.08032" lon="5.32453"><ele>372.5</ele></trkpt><trkpt lat="50.08008" lon="5.32400"><ele>374.0</ele></trkpt><trkpt lat="50.07977" lon="5.32315"><ele>377.4</ele></trkpt><trkpt lat="50.07946" lon="5.32229"><ele>381.0</ele></trkpt><trkpt lat="50.07915" lon="5.32144"><ele>383.2</ele></trkpt><trkpt lat="50.07903" lon="5.32118"><ele>383.8</ele></trkpt><trkpt lat="50.07880" lon="5.32079"><ele>385.0</ele></trkpt><trkpt lat="50.07854" lon="5.32043"><ele>387.0</ele></trkpt><trkpt lat="50.07823" lon="5.32006"><ele>388.4</ele></trkpt><trkpt lat="50.07763" lon="5.31953"><ele>386.1</ele></trkpt><trkpt lat="50.07713" lon="5.31897"><ele>381.2</ele></trkpt><trkpt lat="50.07662" lon="5.31841"><ele>373.8</ele></trkpt><trkpt lat="50.07625" lon="5.31782"><ele>367.9</ele></trkpt><trkpt lat="50.07611" lon="5.31754"><ele>365.7</ele></trkpt><trkpt lat="50.07594" lon="5.31704"><ele>361.7</ele></trkpt><trkpt lat="50.07578" lon="5.31647"><ele>356.7</ele></trkpt><trkpt lat="50.07569" lon="5.31607"><ele>352.1</ele></trkpt><trkpt lat="50.07555" lon="5.31521"><ele>347.6</ele></trkpt><trkpt lat="50.07540" lon="5.31436"><ele>345.0</ele></trkpt><trkpt lat="50.07540" lon="5.31433"><ele>345.0</ele></trkpt><trkpt lat="50.07535" lon="5.31403"><ele>345.0</ele></trkpt><trkpt lat="50.07529" lon="5.31310"><ele>346.6</ele></trkpt><trkpt lat="50.07523" lon="5.31218"><ele>351.7</ele></trkpt><trkpt lat="50.07518" lon="5.31195"><ele>353.8</ele></trkpt><trkpt lat="50.07490" lon="5.31102"><ele>357.1</ele></trkpt><trkpt lat="50.07487" lon="5.31083"><ele>357.3</ele></trkpt><trkpt lat="50.07493" lon="5.30986"><ele>355.0</ele></trkpt><trkpt lat="50.07499" lon="5.30889"><ele>351.3</ele></trkpt><trkpt lat="50.07498" lon="5.30840"><ele>349.5</ele></trkpt><trkpt lat="50.07485" lon="5.30777"><ele>346.9</ele></trkpt><trkpt lat="50.07464" lon="5.30691"><ele>345.1</ele></trkpt><trkpt lat="50.07456" lon="5.30664"><ele>344.9</ele></trkpt><trkpt lat="50.07447" lon="5.30649"><ele>345.0</ele></trkpt><trkpt lat="50.07439" lon="5.30658"><ele>345.6</ele></trkpt><trkpt lat="50.07438" lon="5.30659"><ele>345.6</ele></trkpt><trkpt lat="50.07419" lon="5.30669"><ele>346.9</ele></trkpt><trkpt lat="50.07418" lon="5.30670"><ele>347.0</ele></trkpt><trkpt lat="50.07380" lon="5.30675"><ele>349.1</ele></trkpt><trkpt lat="50.07376" lon="5.30739"><ele>351.9</ele></trkpt><trkpt lat="50.07372" lon="5.30763"><ele>351.9</ele></trkpt><trkpt lat="50.07346" lon="5.30841"><ele>355.3</ele></trkpt><trkpt lat="50.07330" lon="5.30901"><ele>359.7</ele></trkpt><trkpt lat="50.07316" lon="5.30992"><ele>365.1</ele></trkpt><trkpt lat="50.07311" lon="5.31046"><ele>366.9</ele></trkpt><trkpt lat="50.07310" lon="5.31138"><ele>368.3</ele></trkpt><trkpt lat="50.07308" lon="5.31154"><ele>368.1</ele></trkpt><trkpt lat="50.07287" lon="5.31244"><ele>366.8</ele></trkpt><trkpt lat="50.07265" lon="5.31333"><ele>367.1</ele></trkpt><trkpt lat="50.07263" lon="5.31364"><ele>367.3</ele></trkpt><trkpt lat="50.07261" lon="5.31497"><ele>368.1</ele></trkpt><trkpt lat="50.07254" lon="5.31546"><ele>369.9</ele></trkpt><trkpt lat="50.07234" lon="5.31626"><ele>373.3</ele></trkpt><trkpt lat="50.07213" lon="5.31706"><ele>376.1</ele></trkpt><trkpt lat="50.07200" lon="5.31801"><ele>380.8</ele></trkpt><trkpt lat="50.07188" lon="5.31848"><ele>382.9</ele></trkpt><trkpt lat="50.07155" lon="5.31943"><ele>385.7</ele></trkpt><trkpt lat="50.07144" lon="5.31996"><ele>387.4</ele></trkpt><trkpt lat="50.07140" lon="5.32054"><ele>388.6</ele></trkpt><trkpt lat="50.07141" lon="5.32113"><ele>389.4</ele></trkpt><trkpt lat="50.07149" lon="5.32158"><ele>389.9</ele></trkpt><trkpt lat="50.07168" lon="5.32240"><ele>391.1</ele></trkpt><trkpt lat="50.07176" lon="5.32344"><ele>393.6</ele></trkpt><trkpt lat="50.07184" lon="5.32448"><ele>395.4</ele></trkpt><trkpt lat="50.07193" lon="5.32536"><ele>397.3</ele></trkpt><trkpt lat="50.07197" lon="5.32560"><ele>397.3</ele></trkpt><trkpt lat="50.07215" lon="5.32627"><ele>397.9</ele></trkpt><trkpt lat="50.07231" lon="5.32755"><ele>398.2</ele></trkpt><trkpt lat="50.07250" lon="5.32867"><ele>397.6</ele></trkpt><trkpt lat="50.07267" lon="5.32939"><ele>395.1</ele></trkpt><trkpt lat="50.07278" lon="5.32974"><ele>391.2</ele></trkpt><trkpt lat="50.07310" lon="5.33063"><ele>386.7</ele></trkpt><trkpt lat="50.07342" lon="5.33152"><ele>379.5</ele></trkpt><trkpt lat="50.07365" lon="5.33206"><ele>377.4</ele></trkpt><trkpt lat="50.07381" lon="5.33230"><ele>376.4</ele></trkpt><trkpt lat="50.07401" lon="5.33252"><ele>375.4</ele></trkpt><trkpt lat="50.07422" lon="5.33269"><ele>373.8</ele></trkpt><trkpt lat="50.07453" lon="5.33285"><ele>372.8</ele></trkpt><trkpt lat="50.07521" lon="5.33313"><ele>371.4</ele></trkpt><trkpt lat="50.07523" lon="5.33314"><ele>371.4</ele></trkpt><trkpt lat="50.07552" lon="5.33334"><ele>370.7</ele></trkpt><trkpt lat="50.07609" lon="5.33399"><ele>369.4</ele></trkpt><trkpt lat="50.07667" lon="5.33464"><ele>367.6</ele></trkpt><trkpt lat="50.07724" lon="5.33529"><ele>365.2</ele></trkpt><trkpt lat="50.07773" lon="5.33594"><ele>360.9</ele></trkpt><trkpt lat="50.07822" lon="5.33660"><ele>356.9</ele></trkpt><trkpt lat="50.07835" lon="5.33671"><ele>355.9</ele></trkpt><trkpt lat="50.07853" lon="5.33680"><ele>353.7</ele></trkpt><trkpt lat="50.07906" lon="5.33689"><ele>348.5</ele></trkpt><trkpt lat="50.07960" lon="5.33698"><ele>345.1</ele></trkpt><trkpt lat="50.07983" lon="5.33700"><ele>343.1</ele></trkpt><trkpt lat="50.07998" lon="5.33697"><ele>342.4</ele></trkpt><trkpt lat="50.08045" lon="5.33673"><ele>337.5</ele></trkpt><trkpt lat="50.08073" lon="5.33655"><ele>336.8</ele></trkpt><trkpt lat="50.08096" lon="5.33632"><ele>333.4</ele></trkpt><trkpt lat="50.08139" lon="5.33582"><ele>329.8</ele></trkpt><trkpt lat="50.08161" lon="5.33563"><ele>329.8</ele></trkpt><trkpt lat="50.08177" lon="5.33554"><ele>327.1</ele></trkpt><trkpt lat="50.08220" lon="5.33552"><ele>325.4</ele></trkpt><trkpt lat="50.08241" lon="5.33547"><ele>323.0</ele></trkpt><trkpt lat="50.08281" lon="5.33527"><ele>318.9</ele></trkpt><trkpt lat="50.08312" lon="5.33504"><ele>316.7</ele></trkpt><trkpt lat="50.08330" lon="5.33495"><ele>315.3</ele></trkpt><trkpt lat="50.08347" lon="5.33493"><ele>312.8</ele></trkpt><trkpt lat="50.08371" lon="5.33495"><ele>311.4</ele></trkpt><trkpt lat="50.08443" lon="5.33510"><ele>308.2</ele></trkpt><trkpt lat="50.08511" lon="5.33540"><ele>303.7</ele></trkpt><trkpt lat="50.08569" lon="5.33545"><ele>298.2</ele></trkpt><trkpt lat="50.08627" lon="5.33550"><ele>294.8</ele></trkpt><trkpt lat="50.08637" lon="5.33556"><ele>294.4</ele></trkpt><trkpt lat="50.08642" lon="5.33564"><ele>294.0</ele></trkpt><trkpt lat="50.08647" lon="5.33589"><ele>294.0</ele></trkpt><trkpt lat="50.08648" lon="5.33604"><ele>293.9</ele></trkpt><trkpt lat="50.08647" lon="5.33667"><ele>294.5</ele></trkpt><trkpt lat="50.08640" lon="5.33711"><ele>295.2</ele></trkpt><trkpt lat="50.08628" lon="5.33771"><ele>296.8</ele></trkpt><trkpt lat="50.08628" lon="5.33789"><ele>297.8</ele></trkpt><trkpt lat="50.08687" lon="5.33723"><ele>301.2</ele></trkpt><trkpt lat="50.08714" lon="5.33698"><ele>304.2</ele></trkpt><trkpt lat="50.08733" lon="5.33688"><ele>305.1</ele></trkpt><trkpt lat="50.08757" lon="5.33683"><ele>308.4</ele></trkpt><trkpt lat="50.08799" lon="5.33688"><ele>311.5</ele></trkpt><trkpt lat="50.08844" lon="5.33698"><ele>312.8</ele></trkpt><trkpt lat="50.08890" lon="5.33709"><ele>313.7</ele></trkpt><trkpt lat="50.08922" lon="5.33719"><ele>314.6</ele></trkpt><trkpt lat="50.08940" lon="5.33728"><ele>314.7</ele></trkpt><trkpt lat="50.09005" lon="5.33766"><ele>314.3</ele></trkpt><trkpt lat="50.09049" lon="5.33788"><ele>313.7</ele></trkpt><trkpt lat="50.09096" lon="5.33801"><ele>312.2</ele></trkpt><trkpt lat="50.09144" lon="5.33795"><ele>307.0</ele></trkpt><trkpt lat="50.09192" lon="5.33789"><ele>300.0</ele></trkpt><trkpt lat="50.09208" lon="5.33786"><ele>299.1</ele></trkpt><trkpt lat="50.09230" lon="5.33774"><ele>296.7</ele></trkpt><trkpt lat="50.09248" lon="5.33759"><ele>295.5</ele></trkpt><trkpt lat="50.09266" lon="5.33730"><ele>294.2</ele></trkpt><trkpt lat="50.09296" lon="5.33672"><ele>294.0</ele></trkpt><trkpt lat="50.09325" lon="5.33613"><ele>296.6</ele></trkpt><trkpt lat="50.09341" lon="5.33586"><ele>298.7</ele></trkpt><trkpt lat="50.09359" lon="5.33567"><ele>299.6</ele></trkpt><trkpt lat="50.09421" lon="5.33527"><ele>299.2</ele></trkpt><trkpt lat="50.09471" lon="5.33508"><ele>296.5</ele></trkpt><trkpt lat="50.09520" lon="5.33489"><ele>292.8</ele></trkpt><trkpt lat="50.09547" lon="5.33476"><ele>291.0</ele></trkpt><trkpt lat="50.09625" lon="5.33430"><ele>282.5</ele></trkpt><trkpt lat="50.09702" lon="5.33385"><ele>277.0</ele></trkpt><trkpt lat="50.09780" lon="5.33339"><ele>274.0</ele></trkpt><trkpt lat="50.09837" lon="5.33292"><ele>272.9</ele></trkpt><trkpt lat="50.09893" lon="5.33255"><ele>271.8</ele></trkpt><trkpt lat="50.09937" lon="5.33221"><ele>270.8</ele></trkpt><trkpt lat="50.09979" lon="5.33173"><ele>270.2</ele></trkpt><trkpt lat="50.10017" lon="5.33116"><ele>269.4</ele></trkpt><trkpt lat="50.10055" lon="5.33058"><ele>267.9</ele></trkpt><trkpt lat="50.10104" lon="5.33012"><ele>266.9</ele></trkpt><trkpt lat="50.10126" lon="5.32998"><ele>266.5</ele></trkpt><trkpt lat="50.10149" lon="5.32994"><ele>266.6</ele></trkpt><trkpt lat="50.10176" lon="5.32992"><ele>266.9</ele></trkpt><trkpt lat="50.10194" lon="5.32980"><ele>266.9</ele></trkpt><trkpt lat="50.10254" lon="5.32908"><ele>265.7</ele></trkpt><trkpt lat="50.10310" lon="5.32831"><ele>264.7</ele></trkpt><trkpt lat="50.10374" lon="5.32755"><ele>267.9</ele></trkpt><trkpt lat="50.10403" lon="5.32744"><ele>270.1</ele></trkpt><trkpt lat="50.10436" lon="5.32745"><ele>271.6</ele></trkpt><trkpt lat="50.10512" lon="5.32767"><ele>273.0</ele></trkpt><trkpt lat="50.10586" lon="5.32799"><ele>272.2</ele></trkpt><trkpt lat="50.10643" lon="5.32821"><ele>269.6</ele></trkpt><trkpt lat="50.10692" lon="5.32821"><ele>265.8</ele></trkpt><trkpt lat="50.10778" lon="5.32802"><ele>256.6</ele></trkpt><trkpt lat="50.10806" lon="5.32792"><ele>255.4</ele></trkpt><trkpt lat="50.10826" lon="5.32777"><ele>256.1</ele></trkpt><trkpt lat="50.10845" lon="5.32763"><ele>255.9</ele></trkpt><trkpt lat="50.10863" lon="5.32760"><ele>254.1</ele></trkpt><trkpt lat="50.10896" lon="5.32746"><ele>252.9</ele></trkpt><trkpt lat="50.10921" lon="5.32728"><ele>252.8</ele></trkpt><trkpt lat="50.10939" lon="5.32707"><ele>253.6</ele></trkpt><trkpt lat="50.10949" lon="5.32684"><ele>254.6</ele></trkpt><trkpt lat="50.10955" lon="5.32662"><ele>256.5</ele></trkpt><trkpt lat="50.10959" lon="5.32621"><ele>257.7</ele></trkpt><trkpt lat="50.10968" lon="5.32605"><ele>258.0</ele></trkpt><trkpt lat="50.10993" lon="5.32578"><ele>259.1</ele></trkpt><trkpt lat="50.11009" lon="5.32570"><ele>259.9</ele></trkpt><trkpt lat="50.11021" lon="5.32570"><ele>260.9</ele></trkpt><trkpt lat="50.11030" lon="5.32580"><ele>261.3</ele></trkpt><trkpt lat="50.11044" lon="5.32604"><ele>264.0</ele></trkpt><trkpt lat="50.11089" lon="5.32695"><ele>268.8</ele></trkpt><trkpt lat="50.11135" lon="5.32787"><ele>277.0</ele></trkpt><trkpt lat="50.11180" lon="5.32878"><ele>282.2</ele></trkpt><trkpt lat="50.11225" lon="5.32970"><ele>289.7</ele></trkpt><trkpt lat="50.11246" lon="5.33008"><ele>291.5</ele></trkpt><trkpt lat="50.11271" lon="5.33039"><ele>296.3</ele></trkpt><trkpt lat="50.11344" lon="5.33114"><ele>306.9</ele></trkpt><trkpt lat="50.11416" lon="5.33189"><ele>319.2</ele></trkpt><trkpt lat="50.11435" lon="5.33213"><ele>322.1</ele></trkpt><trkpt lat="50.11443" lon="5.33229"><ele>323.8</ele></trkpt><trkpt lat="50.11453" lon="5.33261"><ele>325.4</ele></trkpt><trkpt lat="50.11470" lon="5.33331"><ele>332.8</ele></trkpt><trkpt lat="50.11486" lon="5.33401"><ele>337.2</ele></trkpt><trkpt lat="50.11507" lon="5.33474"><ele>342.3</ele></trkpt><trkpt lat="50.11518" lon="5.33506"><ele>345.3</ele></trkpt><trkpt lat="50.11530" lon="5.33525"><ele>345.3</ele></trkpt><trkpt lat="50.11545" lon="5.33537"><ele>349.9</ele></trkpt><trkpt lat="50.11593" lon="5.33560"><ele>354.7</ele></trkpt><trkpt lat="50.11608" lon="5.33572"><ele>356.7</ele></trkpt><trkpt lat="50.11634" lon="5.33598"><ele>359.3</ele></trkpt><trkpt lat="50.11684" lon="5.33641"><ele>363.9</ele></trkpt><trkpt lat="50.11714" lon="5.33658"><ele>364.4</ele></trkpt><trkpt lat="50.11777" lon="5.33670"><ele>367.7</ele></trkpt><trkpt lat="50.11826" lon="5.33685"><ele>369.9</ele></trkpt><trkpt lat="50.11888" lon="5.33709"><ele>373.5</ele></trkpt><trkpt lat="50.11913" lon="5.33721"><ele>374.6</ele></trkpt><trkpt lat="50.11912" lon="5.33720"><ele>374.6</ele></trkpt><trkpt lat="50.11915" lon="5.33722"><ele>374.9</ele></trkpt><trkpt lat="50.11932" lon="5.33741"><ele>376.8</ele></trkpt><trkpt lat="50.11964" lon="5.33805"><ele>379.3</ele></trkpt><trkpt lat="50.11932" lon="5.33842"><ele>376.2</ele></trkpt><trkpt lat="50.11920" lon="5.33849"><ele>375.4</ele></trkpt><trkpt lat="50.11889" lon="5.33861"><ele>372.6</ele></trkpt><trkpt lat="50.11882" lon="5.33866"><ele>372.0</ele></trkpt><trkpt lat="50.11877" lon="5.33878"><ele>371.2</ele></trkpt><trkpt lat="50.11879" lon="5.33896"><ele>371.0</ele></trkpt><trkpt lat="50.11893" lon="5.33973"><ele>373.2</ele></trkpt><trkpt lat="50.11906" lon="5.34050"><ele>378.0</ele></trkpt><trkpt lat="50.11906" lon="5.34073"><ele>378.8</ele></trkpt><trkpt lat="50.11901" lon="5.34107"><ele>379.5</ele></trkpt><trkpt lat="50.11903" lon="5.34145"><ele>380.1</ele></trkpt><trkpt lat="50.11912" lon="5.34179"><ele>381.0</ele></trkpt><trkpt lat="50.11930" lon="5.34214"><ele>383.3</ele></trkpt><trkpt lat="50.11954" lon="5.34251"><ele>384.6</ele></trkpt><trkpt lat="50.11969" lon="5.34270"><ele>385.7</ele></trkpt><trkpt lat="50.11990" lon="5.34286"><ele>386.3</ele></trkpt><trkpt lat="50.12017" lon="5.34303"><ele>389.2</ele></trkpt><trkpt lat="50.12033" lon="5.34322"><ele>389.9</ele></trkpt><trkpt lat="50.12051" lon="5.34353"><ele>390.5</ele></trkpt><trkpt lat="50.12092" lon="5.34441"><ele>391.7</ele></trkpt><trkpt lat="50.12143" lon="5.34532"><ele>393.7</ele></trkpt><trkpt lat="50.12141" lon="5.34529"><ele>393.7</ele></trkpt><trkpt lat="50.12197" lon="5.34612"><ele>396.2</ele></trkpt><trkpt lat="50.12256" lon="5.34686"><ele>398.8</ele></trkpt><trkpt lat="50.12316" lon="5.34761"><ele>401.9</ele></trkpt><trkpt lat="50.12375" lon="5.34835"><ele>404.0</ele></trkpt><trkpt lat="50.12434" lon="5.34910"><ele>404.1</ele></trkpt><trkpt lat="50.12444" lon="5.34914"><ele>404.2</ele></trkpt><trkpt lat="50.12458" lon="5.34914"><ele>404.5</ele></trkpt><trkpt lat="50.12464" lon="5.34912"><ele>404.7</ele></trkpt><trkpt lat="50.12495" lon="5.34877"><ele>405.6</ele></trkpt><trkpt lat="50.12524" lon="5.34853"><ele>405.9</ele></trkpt><trkpt lat="50.12545" lon="5.34846"><ele>405.9</ele></trkpt><trkpt lat="50.12594" lon="5.34841"><ele>405.5</ele></trkpt><trkpt lat="50.12643" lon="5.34836"><ele>404.8</ele></trkpt><trkpt lat="50.12658" lon="5.34833"><ele>404.7</ele></trkpt><trkpt lat="50.12676" lon="5.34823"><ele>404.7</ele></trkpt><trkpt lat="50.12713" lon="5.34797"><ele>404.4</ele></trkpt><trkpt lat="50.12726" lon="5.34799"><ele>404.3</ele></trkpt><trkpt lat="50.12733" lon="5.34778"><ele>404.3</ele></trkpt><trkpt lat="50.12757" lon="5.34711"><ele>403.5</ele></trkpt><trkpt lat="50.12770" lon="5.34720"><ele>403.4</ele></trkpt><trkpt lat="50.12816" lon="5.34744"><ele>403.4</ele></trkpt><trkpt lat="50.12862" lon="5.34769"><ele>402.9</ele></trkpt><trkpt lat="50.12899" lon="5.34792"><ele>402.8</ele></trkpt><trkpt lat="50.12916" lon="5.34798"><ele>402.6</ele></trkpt><trkpt lat="50.12924" lon="5.34798"><ele>402.6</ele></trkpt><trkpt lat="50.12967" lon="5.34782"><ele>402.6</ele></trkpt><trkpt lat="50.13035" lon="5.34758"><ele>402.3</ele></trkpt><trkpt lat="50.13091" lon="5.34750"><ele>401.9</ele></trkpt><trkpt lat="50.13148" lon="5.34742"><ele>401.6</ele></trkpt><trkpt lat="50.13156" lon="5.34789"><ele>400.6</ele></trkpt><trkpt lat="50.13174" lon="5.34837"><ele>398.8</ele></trkpt><trkpt lat="50.13184" lon="5.34855"><ele>398.0</ele></trkpt><trkpt lat="50.13210" lon="5.34891"><ele>394.4</ele></trkpt><trkpt lat="50.13230" lon="5.34914"><ele>393.4</ele></trkpt><trkpt lat="50.13231" lon="5.34914"><ele>393.3</ele></trkpt><trkpt lat="50.13239" lon="5.34923"><ele>393.3</ele></trkpt><trkpt lat="50.13280" lon="5.34952"><ele>388.3</ele></trkpt><trkpt lat="50.13305" lon="5.34973"><ele>385.7</ele></trkpt><trkpt lat="50.13354" lon="5.35021"><ele>379.2</ele></trkpt><trkpt lat="50.13398" lon="5.35076"><ele>373.5</ele></trkpt><trkpt lat="50.13441" lon="5.35132"><ele>368.5</ele></trkpt><trkpt lat="50.13502" lon="5.35200"><ele>362.0</ele></trkpt><trkpt lat="50.13563" lon="5.35269"><ele>355.2</ele></trkpt><trkpt lat="50.13613" lon="5.35321"><ele>350.6</ele></trkpt><trkpt lat="50.13664" lon="5.35374"><ele>346.9</ele></trkpt><trkpt lat="50.13714" lon="5.35426"><ele>343.3</ele></trkpt><trkpt lat="50.13772" lon="5.35502"><ele>338.6</ele></trkpt><trkpt lat="50.13831" lon="5.35579"><ele>335.9</ele></trkpt><trkpt lat="50.13889" lon="5.35655"><ele>330.7</ele></trkpt><trkpt lat="50.13901" lon="5.35673"><ele>329.8</ele></trkpt><trkpt lat="50.13914" lon="5.35701"><ele>328.4</ele></trkpt><trkpt lat="50.13924" lon="5.35738"><ele>326.4</ele></trkpt><trkpt lat="50.13926" lon="5.35754"><ele>325.1</ele></trkpt><trkpt lat="50.13928" lon="5.35858"><ele>317.6</ele></trkpt><trkpt lat="50.13924" lon="5.35901"><ele>315.8</ele></trkpt><trkpt lat="50.13918" lon="5.35927"><ele>314.6</ele></trkpt><trkpt lat="50.13902" lon="5.35961"><ele>314.0</ele></trkpt><trkpt lat="50.13845" lon="5.36050"><ele>316.4</ele></trkpt><trkpt lat="50.13832" lon="5.36080"><ele>316.8</ele></trkpt><trkpt lat="50.13824" lon="5.36109"><ele>317.9</ele></trkpt><trkpt lat="50.13811" lon="5.36202"><ele>320.0</ele></trkpt><trkpt lat="50.13812" lon="5.36223"><ele>320.8</ele></trkpt><trkpt lat="50.13819" lon="5.36256"><ele>321.2</ele></trkpt><trkpt lat="50.13831" lon="5.36280"><ele>321.2</ele></trkpt><trkpt lat="50.13839" lon="5.36291"><ele>322.3</ele></trkpt><trkpt lat="50.13851" lon="5.36301"><ele>322.3</ele></trkpt><trkpt lat="50.13864" lon="5.36307"><ele>322.9</ele></trkpt><trkpt lat="50.13887" lon="5.36313"><ele>323.5</ele></trkpt><trkpt lat="50.13902" lon="5.36319"><ele>324.7</ele></trkpt><trkpt lat="50.13919" lon="5.36329"><ele>325.4</ele></trkpt><trkpt lat="50.13932" lon="5.36347"><ele>326.0</ele></trkpt><trkpt lat="50.13946" lon="5.36376"><ele>329.8</ele></trkpt><trkpt lat="50.13964" lon="5.36460"><ele>331.6</ele></trkpt><trkpt lat="50.13978" lon="5.36571"><ele>332.9</ele></trkpt><trkpt lat="50.13992" lon="5.36682"><ele>334.9</ele></trkpt><trkpt lat="50.13998" lon="5.36702"><ele>334.9</ele></trkpt><trkpt lat="50.14005" lon="5.36717"><ele>335.3</ele></trkpt><trkpt lat="50.14044" lon="5.36764"><ele>335.9</ele></trkpt><trkpt lat="50.14057" lon="5.36773"><ele>335.9</ele></trkpt><trkpt lat="50.14069" lon="5.36775"><ele>336.1</ele></trkpt><trkpt lat="50.14085" lon="5.36767"><ele>336.4</ele></trkpt><trkpt lat="50.14101" lon="5.36752"><ele>336.8</ele></trkpt><trkpt lat="50.14119" lon="5.36739"><ele>337.6</ele></trkpt><trkpt lat="50.14140" lon="5.36734"><ele>338.7</ele></trkpt><trkpt lat="50.14175" lon="5.36732"><ele>341.3</ele></trkpt><trkpt lat="50.14191" lon="5.36737"><ele>341.3</ele></trkpt><trkpt lat="50.14201" lon="5.36742"><ele>346.1</ele></trkpt><trkpt lat="50.14210" lon="5.36752"><ele>346.1</ele></trkpt><trkpt lat="50.14217" lon="5.36768"><ele>346.1</ele></trkpt><trkpt lat="50.14241" lon="5.36851"><ele>350.8</ele></trkpt><trkpt lat="50.14249" lon="5.36871"><ele>350.8</ele></trkpt><trkpt lat="50.14259" lon="5.36887"><ele>350.8</ele></trkpt><trkpt lat="50.14325" lon="5.36977"><ele>357.1</ele></trkpt><trkpt lat="50.14349" lon="5.37000"><ele>358.6</ele></trkpt><trkpt lat="50.14343" lon="5.36994"><ele>358.3</ele></trkpt><trkpt lat="50.14351" lon="5.37002"><ele>358.7</ele></trkpt><trkpt lat="50.14394" lon="5.37035"><ele>359.7</ele></trkpt><trkpt lat="50.14436" lon="5.37068"><ele>358.9</ele></trkpt><trkpt lat="50.14438" lon="5.37056"><ele>358.9</ele></trkpt><trkpt lat="50.14454" lon="5.36990"><ele>359.5</ele></trkpt><trkpt lat="50.14470" lon="5.36924"><ele>359.9</ele></trkpt><trkpt lat="50.14489" lon="5.36860"><ele>359.5</ele></trkpt><trkpt lat="50.14507" lon="5.36796"><ele>358.2</ele></trkpt><trkpt lat="50.14536" lon="5.36731"><ele>356.6</ele></trkpt><trkpt lat="50.14564" lon="5.36665"><ele>353.6</ele></trkpt><trkpt lat="50.14573" lon="5.36650"><ele>353.0</ele></trkpt><trkpt lat="50.14583" lon="5.36638"><ele>350.9</ele></trkpt><trkpt lat="50.14659" lon="5.36578"><ele>346.4</ele></trkpt><trkpt lat="50.14735" lon="5.36517"><ele>339.5</ele></trkpt><trkpt lat="50.14811" lon="5.36457"><ele>334.3</ele></trkpt><trkpt lat="50.14808" lon="5.36459"><ele>334.5</ele></trkpt><trkpt lat="50.14866" lon="5.36413"><ele>329.9</ele></trkpt><trkpt lat="50.14924" lon="5.36368"><ele>324.2</ele></trkpt><trkpt lat="50.14982" lon="5.36322"><ele>319.5</ele></trkpt><trkpt lat="50.15011" lon="5.36306"><ele>317.6</ele></trkpt><trkpt lat="50.15081" lon="5.36291"><ele>311.6</ele></trkpt><trkpt lat="50.15151" lon="5.36276"><ele>305.9</ele></trkpt><trkpt lat="50.15164" lon="5.36276"><ele>305.0</ele></trkpt><trkpt lat="50.15216" lon="5.36284"><ele>302.5</ele></trkpt><trkpt lat="50.15267" lon="5.36293"><ele>300.0</ele></trkpt><trkpt lat="50.15351" lon="5.36280"><ele>295.9</ele></trkpt><trkpt lat="50.15408" lon="5.36269"><ele>292.4</ele></trkpt><trkpt lat="50.15487" lon="5.36230"><ele>289.0</ele></trkpt><trkpt lat="50.15507" lon="5.36215"><ele>288.0</ele></trkpt><trkpt lat="50.15557" lon="5.36168"><ele>283.0</ele></trkpt><trkpt lat="50.15576" lon="5.36166"><ele>280.8</ele></trkpt><trkpt lat="50.15608" lon="5.36158"><ele>278.4</ele></trkpt><trkpt lat="50.15645" lon="5.36144"><ele>275.4</ele></trkpt><trkpt lat="50.15697" lon="5.36085"><ele>274.5</ele></trkpt><trkpt lat="50.15751" lon="5.36028"><ele>277.2</ele></trkpt><trkpt lat="50.15805" lon="5.35970"><ele>283.2</ele></trkpt><trkpt lat="50.15829" lon="5.35949"><ele>285.1</ele></trkpt><trkpt lat="50.15839" lon="5.35938"><ele>286.5</ele></trkpt><trkpt lat="50.15847" lon="5.35925"><ele>287.8</ele></trkpt><trkpt lat="50.15860" lon="5.35897"><ele>288.6</ele></trkpt><trkpt lat="50.15867" lon="5.35869"><ele>289.6</ele></trkpt><trkpt lat="50.15867" lon="5.35868"><ele>289.7</ele></trkpt><trkpt lat="50.15893" lon="5.35776"><ele>292.4</ele></trkpt><trkpt lat="50.15918" lon="5.35683"><ele>292.8</ele></trkpt><trkpt lat="50.15931" lon="5.35653"><ele>292.7</ele></trkpt><trkpt lat="50.15983" lon="5.35590"><ele>292.4</ele></trkpt><trkpt lat="50.16034" lon="5.35527"><ele>292.1</ele></trkpt><trkpt lat="50.16063" lon="5.35488"><ele>291.7</ele></trkpt><trkpt lat="50.16109" lon="5.35393"><ele>291.1</ele></trkpt><trkpt lat="50.16155" lon="5.35297"><ele>289.7</ele></trkpt><trkpt lat="50.16201" lon="5.35202"><ele>289.0</ele></trkpt><trkpt lat="50.16204" lon="5.35195"><ele>289.1</ele></trkpt><trkpt lat="50.16204" lon="5.35186"><ele>289.1</ele></trkpt><trkpt lat="50.16274" lon="5.35151"><ele>287.7</ele></trkpt><trkpt lat="50.16344" lon="5.35115"><ele>287.0</ele></trkpt><trkpt lat="50.16336" lon="5.35097"><ele>286.7</ele></trkpt><trkpt lat="50.16294" lon="5.34983"><ele>286.5</ele></trkpt><trkpt lat="50.16325" lon="5.34889"><ele>284.6</ele></trkpt><trkpt lat="50.16356" lon="5.34794"><ele>283.5</ele></trkpt><trkpt lat="50.16396" lon="5.34675"><ele>282.2</ele></trkpt><trkpt lat="50.16435" lon="5.34556"><ele>281.2</ele></trkpt><trkpt lat="50.16457" lon="5.34502"><ele>281.0</ele></trkpt><trkpt lat="50.16511" lon="5.34415"><ele>279.8</ele></trkpt><trkpt lat="50.16566" lon="5.34327"><ele>278.7</ele></trkpt><trkpt lat="50.16620" lon="5.34240"><ele>278.0</ele></trkpt><trkpt lat="50.16645" lon="5.34201"><ele>277.7</ele></trkpt><trkpt lat="50.16700" lon="5.34101"><ele>276.1</ele></trkpt><trkpt lat="50.16755" lon="5.34001"><ele>275.1</ele></trkpt><trkpt lat="50.16799" lon="5.33921"><ele>273.9</ele></trkpt><trkpt lat="50.16843" lon="5.33842"><ele>272.7</ele></trkpt><trkpt lat="50.16887" lon="5.33762"><ele>271.5</ele></trkpt><trkpt lat="50.16903" lon="5.33727"><ele>270.5</ele></trkpt><trkpt lat="50.16952" lon="5.33629"><ele>268.3</ele></trkpt><trkpt lat="50.17001" lon="5.33530"><ele>266.0</ele></trkpt><trkpt lat="50.17050" lon="5.33432"><ele>266.1</ele></trkpt><trkpt lat="50.17076" lon="5.33379"><ele>266.4</ele></trkpt><trkpt lat="50.17090" lon="5.33345"><ele>267.1</ele></trkpt><trkpt lat="50.17109" lon="5.33282"><ele>268.7</ele></trkpt><trkpt lat="50.17128" lon="5.33211"><ele>271.4</ele></trkpt><trkpt lat="50.17141" lon="5.33151"><ele>273.7</ele></trkpt><trkpt lat="50.17140" lon="5.33131"><ele>274.2</ele></trkpt><trkpt lat="50.17135" lon="5.33113"><ele>274.8</ele></trkpt><trkpt lat="50.17111" lon="5.33064"><ele>276.0</ele></trkpt><trkpt lat="50.17099" lon="5.33028"><ele>277.6</ele></trkpt><trkpt lat="50.17083" lon="5.32950"><ele>278.8</ele></trkpt><trkpt lat="50.17053" lon="5.32847"><ele>281.8</ele></trkpt><trkpt lat="50.17039" lon="5.32790"><ele>283.6</ele></trkpt><trkpt lat="50.17007" lon="5.32698"><ele>285.8</ele></trkpt><trkpt lat="50.16974" lon="5.32606"><ele>288.6</ele></trkpt><trkpt lat="50.16954" lon="5.32536"><ele>289.6</ele></trkpt><trkpt lat="50.16934" lon="5.32466"><ele>291.5</ele></trkpt><trkpt lat="50.16932" lon="5.32461"><ele>291.6</ele></trkpt><trkpt lat="50.16905" lon="5.32374"><ele>293.2</ele></trkpt><trkpt lat="50.16877" lon="5.32287"><ele>297.0</ele></trkpt><trkpt lat="50.16870" lon="5.32258"><ele>298.0</ele></trkpt><trkpt lat="50.16862" lon="5.32180"><ele>299.4</ele></trkpt><trkpt lat="50.16855" lon="5.32136"><ele>300.2</ele></trkpt><trkpt lat="50.16832" lon="5.32060"><ele>302.8</ele></trkpt><trkpt lat="50.16830" lon="5.32043"><ele>303.2</ele></trkpt><trkpt lat="50.16834" lon="5.32030"><ele>303.6</ele></trkpt><trkpt lat="50.16862" lon="5.31971"><ele>305.4</ele></trkpt><trkpt lat="50.16867" lon="5.31951"><ele>305.8</ele></trkpt><trkpt lat="50.16875" lon="5.31893"><ele>306.2</ele></trkpt><trkpt lat="50.16912" lon="5.31767"><ele>309.1</ele></trkpt><trkpt lat="50.16937" lon="5.31658"><ele>313.0</ele></trkpt><trkpt lat="50.16954" lon="5.31563"><ele>316.1</ele></trkpt><trkpt lat="50.16950" lon="5.31504"><ele>317.2</ele></trkpt><trkpt lat="50.16969" lon="5.31427"><ele>314.8</ele></trkpt><trkpt lat="50.16974" lon="5.31385"><ele>313.7</ele></trkpt><trkpt lat="50.16987" lon="5.31318"><ele>310.7</ele></trkpt><trkpt lat="50.16999" lon="5.31250"><ele>309.6</ele></trkpt><trkpt lat="50.17005" lon="5.31222"><ele>309.1</ele></trkpt><trkpt lat="50.17004" lon="5.31229"><ele>309.2</ele></trkpt><trkpt lat="50.17013" lon="5.31193"><ele>308.7</ele></trkpt><trkpt lat="50.17024" lon="5.31166"><ele>308.4</ele></trkpt><trkpt lat="50.17033" lon="5.31154"><ele>308.4</ele></trkpt><trkpt lat="50.17045" lon="5.31145"><ele>308.3</ele></trkpt><trkpt lat="50.17061" lon="5.31140"><ele>308.4</ele></trkpt><trkpt lat="50.17096" lon="5.31141"><ele>309.4</ele></trkpt><trkpt lat="50.17106" lon="5.31139"><ele>309.8</ele></trkpt><trkpt lat="50.17113" lon="5.31133"><ele>309.8</ele></trkpt><trkpt lat="50.17133" lon="5.31099"><ele>311.3</ele></trkpt><trkpt lat="50.17076" lon="5.31092"><ele>312.5</ele></trkpt><trkpt lat="50.17018" lon="5.31085"><ele>312.9</ele></trkpt><trkpt lat="50.16968" lon="5.31080"><ele>312.9</ele></trkpt><trkpt lat="50.16918" lon="5.31076"><ele>313.4</ele></trkpt><trkpt lat="50.16885" lon="5.31080"><ele>314.2</ele></trkpt><trkpt lat="50.16852" lon="5.31088"><ele>314.6</ele></trkpt><trkpt lat="50.16857" lon="5.31087"><ele>314.5</ele></trkpt><trkpt lat="50.16783" lon="5.31108"><ele>315.9</ele></trkpt><trkpt lat="50.16708" lon="5.31128"><ele>318.2</ele></trkpt><trkpt lat="50.16640" lon="5.31156"><ele>318.9</ele></trkpt><trkpt lat="50.16597" lon="5.31176"><ele>318.5</ele></trkpt><trkpt lat="50.16553" lon="5.31195"><ele>317.9</ele></trkpt><trkpt lat="50.16494" lon="5.31218"><ele>316.8</ele></trkpt><trkpt lat="50.16480" lon="5.31221"><ele>316.4</ele></trkpt><trkpt lat="50.16393" lon="5.31224"><ele>312.0</ele></trkpt><trkpt lat="50.16306" lon="5.31226"><ele>307.3</ele></trkpt><trkpt lat="50.16219" lon="5.31229"><ele>303.1</ele></trkpt><trkpt lat="50.16202" lon="5.31233"><ele>302.3</ele></trkpt><trkpt lat="50.16146" lon="5.31285"><ele>298.1</ele></trkpt><trkpt lat="50.16077" lon="5.31341"><ele>289.7</ele></trkpt><trkpt lat="50.16008" lon="5.31397"><ele>283.8</ele></trkpt><trkpt lat="50.15938" lon="5.31434"><ele>275.4</ele></trkpt><trkpt lat="50.15867" lon="5.31470"><ele>271.3</ele></trkpt><trkpt lat="50.15797" lon="5.31507"><ele>265.1</ele></trkpt><trkpt lat="50.15736" lon="5.31529"><ele>259.0</ele></trkpt><trkpt lat="50.15675" lon="5.31551"><ele>252.2</ele></trkpt><trkpt lat="50.15614" lon="5.31573"><ele>245.8</ele></trkpt><trkpt lat="50.15556" lon="5.31613"><ele>238.7</ele></trkpt><trkpt lat="50.15527" lon="5.31620"><ele>239.3</ele></trkpt><trkpt lat="50.15511" lon="5.31615"><ele>240.4</ele></trkpt><trkpt lat="50.15484" lon="5.31586"><ele>245.2</ele></trkpt><trkpt lat="50.15452" lon="5.31558"><ele>248.3</ele></trkpt><trkpt lat="50.15437" lon="5.31553"><ele>249.5</ele></trkpt><trkpt lat="50.15423" lon="5.31551"><ele>250.6</ele></trkpt><trkpt lat="50.15351" lon="5.31536"><ele>252.2</ele></trkpt><trkpt lat="50.15279" lon="5.31522"><ele>249.2</ele></trkpt><trkpt lat="50.15219" lon="5.31525"><ele>247.1</ele></trkpt><trkpt lat="50.15157" lon="5.31544"><ele>247.0</ele></trkpt><trkpt lat="50.15094" lon="5.31562"><ele>248.0</ele></trkpt><trkpt lat="50.15059" lon="5.31558"><ele>248.2</ele></trkpt><trkpt lat="50.14988" lon="5.31535"><ele>248.1</ele></trkpt><trkpt lat="50.14934" lon="5.31508"><ele>248.3</ele></trkpt><trkpt lat="50.14879" lon="5.31481"><ele>249.0</ele></trkpt><trkpt lat="50.14864" lon="5.31476"><ele>249.0</ele></trkpt><trkpt lat="50.14850" lon="5.31477"><ele>248.7</ele></trkpt><trkpt lat="50.14835" lon="5.31482"><ele>248.0</ele></trkpt><trkpt lat="50.14773" lon="5.31510"><ele>245.3</ele></trkpt><trkpt lat="50.14736" lon="5.31522"><ele>243.7</ele></trkpt><trkpt lat="50.14688" lon="5.31523"><ele>242.9</ele></trkpt><trkpt lat="50.14640" lon="5.31524"><ele>243.0</ele></trkpt><trkpt lat="50.14615" lon="5.31457"><ele>241.4</ele></trkpt><trkpt lat="50.14584" lon="5.31367"><ele>238.8</ele></trkpt><trkpt lat="50.14584" lon="5.31368"><ele>238.8</ele></trkpt><trkpt lat="50.14576" lon="5.31334"><ele>237.8</ele></trkpt><trkpt lat="50.14572" lon="5.31248"><ele>236.8</ele></trkpt><trkpt lat="50.14529" lon="5.31226"><ele>237.0</ele></trkpt><trkpt lat="50.14485" lon="5.31205"><ele>237.7</ele></trkpt><trkpt lat="50.14445" lon="5.31192"><ele>239.8</ele></trkpt><trkpt lat="50.14440" lon="5.31189"><ele>239.8</ele></trkpt><trkpt lat="50.14435" lon="5.31181"><ele>239.8</ele></trkpt><trkpt lat="50.14437" lon="5.31170"><ele>239.8</ele></trkpt><trkpt lat="50.14433" lon="5.31152"><ele>240.0</ele></trkpt><trkpt lat="50.14388" lon="5.31033"><ele>240.7</ele></trkpt><trkpt lat="50.14367" lon="5.30992"><ele>239.9</ele></trkpt><trkpt lat="50.14324" lon="5.30919"><ele>238.3</ele></trkpt><trkpt lat="50.14280" lon="5.30845"><ele>235.8</ele></trkpt><trkpt lat="50.14237" lon="5.30772"><ele>234.4</ele></trkpt><trkpt lat="50.14229" lon="5.30754"><ele>234.4</ele></trkpt><trkpt lat="50.14224" lon="5.30734"><ele>234.5</ele></trkpt><trkpt lat="50.14221" lon="5.30713"><ele>234.7</ele></trkpt><trkpt lat="50.14222" lon="5.30647"><ele>235.2</ele></trkpt><trkpt lat="50.14218" lon="5.30614"><ele>235.3</ele></trkpt><trkpt lat="50.14196" lon="5.30527"><ele>235.9</ele></trkpt><trkpt lat="50.14169" lon="5.30430"><ele>236.7</ele></trkpt><trkpt lat="50.14143" lon="5.30332"><ele>236.1</ele></trkpt><trkpt lat="50.14116" lon="5.30235"><ele>235.4</ele></trkpt><trkpt lat="50.14103" lon="5.30194"><ele>234.6</ele></trkpt><trkpt lat="50.14059" lon="5.30080"><ele>232.9</ele></trkpt><trkpt lat="50.14015" lon="5.29966"><ele>232.0</ele></trkpt><trkpt lat="50.13981" lon="5.29880"><ele>231.9</ele></trkpt><trkpt lat="50.13947" lon="5.29794"><ele>231.8</ele></trkpt><trkpt lat="50.13945" lon="5.29790"><ele>231.8</ele></trkpt><trkpt lat="50.13911" lon="5.29704"><ele>231.7</ele></trkpt><trkpt lat="50.13887" lon="5.29650"><ele>231.5</ele></trkpt><trkpt lat="50.13832" lon="5.29547"><ele>231.3</ele></trkpt><trkpt lat="50.13776" lon="5.29444"><ele>230.3</ele></trkpt><trkpt lat="50.13743" lon="5.29368"><ele>228.8</ele></trkpt><trkpt lat="50.13717" lon="5.29293"><ele>227.1</ele></trkpt><trkpt lat="50.13690" lon="5.29219"><ele>225.2</ele></trkpt><trkpt lat="50.13681" lon="5.29200"><ele>224.9</ele></trkpt><trkpt lat="50.13661" lon="5.29170"><ele>224.5</ele></trkpt><trkpt lat="50.13621" lon="5.29127"><ele>224.5</ele></trkpt><trkpt lat="50.13580" lon="5.29084"><ele>225.0</ele></trkpt><trkpt lat="50.13563" lon="5.29072"><ele>225.1</ele></trkpt><trkpt lat="50.13553" lon="5.29068"><ele>225.3</ele></trkpt><trkpt lat="50.13498" lon="5.29063"><ele>227.0</ele></trkpt><trkpt lat="50.13491" lon="5.29064"><ele>227.1</ele></trkpt><trkpt lat="50.13484" lon="5.29070"><ele>227.4</ele></trkpt><trkpt lat="50.13447" lon="5.28962"><ele>225.0</ele></trkpt><trkpt lat="50.13409" lon="5.28855"><ele>222.6</ele></trkpt><trkpt lat="50.13404" lon="5.28837"><ele>222.6</ele></trkpt><trkpt lat="50.13398" lon="5.28755"><ele>220.6</ele></trkpt><trkpt lat="50.13392" lon="5.28732"><ele>220.6</ele></trkpt><trkpt lat="50.13367" lon="5.28660"><ele>218.8</ele></trkpt><trkpt lat="50.13360" lon="5.28632"><ele>218.5</ele></trkpt><trkpt lat="50.13359" lon="5.28578"><ele>217.1</ele></trkpt><trkpt lat="50.13362" lon="5.28541"><ele>216.4</ele></trkpt><trkpt lat="50.13375" lon="5.28476"><ele>215.2</ele></trkpt><trkpt lat="50.13376" lon="5.28461"><ele>215.2</ele></trkpt><trkpt lat="50.13355" lon="5.28350"><ele>213.8</ele></trkpt><trkpt lat="50.13356" lon="5.28309"><ele>212.9</ele></trkpt><trkpt lat="50.13367" lon="5.28239"><ele>210.5</ele></trkpt><trkpt lat="50.13377" lon="5.28169"><ele>207.4</ele></trkpt><trkpt lat="50.13380" lon="5.28134"><ele>206.7</ele></trkpt><trkpt lat="50.13379" lon="5.28083"><ele>206.1</ele></trkpt><trkpt lat="50.13371" lon="5.28028"><ele>204.6</ele></trkpt><trkpt lat="50.13341" lon="5.27927"><ele>204.5</ele></trkpt><trkpt lat="50.13312" lon="5.27826"><ele>204.4</ele></trkpt><trkpt lat="50.13282" lon="5.27725"><ele>206.1</ele></trkpt><trkpt lat="50.13271" lon="5.27712"><ele>206.8</ele></trkpt><trkpt lat="50.13261" lon="5.27706"><ele>206.8</ele></trkpt><trkpt lat="50.13243" lon="5.27705"><ele>207.2</ele></trkpt><trkpt lat="50.13241" lon="5.27705"><ele>207.3</ele></trkpt><trkpt lat="50.13213" lon="5.27704"><ele>207.8</ele></trkpt><trkpt lat="50.13185" lon="5.27715"><ele>208.5</ele></trkpt><trkpt lat="50.13174" lon="5.27726"><ele>208.9</ele></trkpt><trkpt lat="50.13149" lon="5.27760"><ele>211.6</ele></trkpt><trkpt lat="50.13140" lon="5.27765"><ele>211.6</ele></trkpt><trkpt lat="50.13130" lon="5.27765"><ele>212.1</ele></trkpt><trkpt lat="50.13123" lon="5.27762"><ele>212.1</ele></trkpt><trkpt lat="50.13115" lon="5.27756"><ele>213.5</ele></trkpt><trkpt lat="50.13108" lon="5.27745"><ele>213.5</ele></trkpt><trkpt lat="50.13103" lon="5.27733"><ele>214.0</ele></trkpt><trkpt lat="50.13099" lon="5.27714"><ele>214.5</ele></trkpt><trkpt lat="50.13099" lon="5.27715"><ele>214.5</ele></trkpt><trkpt lat="50.13097" lon="5.27699"><ele>214.7</ele></trkpt><trkpt lat="50.13098" lon="5.27670"><ele>215.2</ele></trkpt><trkpt lat="50.13102" lon="5.27634"><ele>215.5</ele></trkpt><trkpt lat="50.13112" lon="5.27607"><ele>216.1</ele></trkpt><trkpt lat="50.13104" lon="5.27603"><ele>216.1</ele></trkpt><trkpt lat="50.13095" lon="5.27602"><ele>216.1</ele></trkpt><trkpt lat="50.13077" lon="5.27605"><ele>216.0</ele></trkpt><trkpt lat="50.13046" lon="5.27623"><ele>215.8</ele></trkpt><trkpt lat="50.13023" lon="5.27636"><ele>215.6</ele></trkpt><trkpt lat="50.13005" lon="5.27650"><ele>215.6</ele></trkpt><trkpt lat="50.12974" lon="5.27693"><ele>215.4</ele></trkpt><trkpt lat="50.12919" lon="5.27756"><ele>215.4</ele></trkpt><trkpt lat="50.12895" lon="5.27787"><ele>215.2</ele></trkpt><trkpt lat="50.12859" lon="5.27847"><ele>213.5</ele></trkpt><trkpt lat="50.12825" lon="5.27914"><ele>212.7</ele></trkpt><trkpt lat="50.12789" lon="5.27973"><ele>212.2</ele></trkpt><trkpt lat="50.12728" lon="5.28063"><ele>211.7</ele></trkpt><trkpt lat="50.12682" lon="5.28130"><ele>211.2</ele></trkpt><trkpt lat="50.12637" lon="5.28198"><ele>212.8</ele></trkpt><trkpt lat="50.12591" lon="5.28265"><ele>213.7</ele></trkpt><trkpt lat="50.12576" lon="5.28284"><ele>213.0</ele></trkpt><trkpt lat="50.12555" lon="5.28301"><ele>212.0</ele></trkpt><trkpt lat="50.12508" lon="5.28318"><ele>209.9</ele></trkpt><trkpt lat="50.12469" lon="5.28327"><ele>210.4</ele></trkpt><trkpt lat="50.12439" lon="5.28322"><ele>211.9</ele></trkpt><trkpt lat="50.12403" lon="5.28308"><ele>213.5</ele></trkpt><trkpt lat="50.12373" lon="5.28286"><ele>216.1</ele></trkpt><trkpt lat="50.12327" lon="5.28234"><ele>218.3</ele></trkpt><trkpt lat="50.12292" lon="5.28204"><ele>219.9</ele></trkpt><trkpt lat="50.12232" lon="5.28164"><ele>222.4</ele></trkpt><trkpt lat="50.12189" lon="5.28137"><ele>224.1</ele></trkpt><trkpt lat="50.12145" lon="5.28110"><ele>225.3</ele></trkpt><trkpt lat="50.12147" lon="5.28110"><ele>225.2</ele></trkpt><trkpt lat="50.12095" lon="5.28068"><ele>227.3</ele></trkpt><trkpt lat="50.12043" lon="5.28027"><ele>229.3</ele></trkpt><trkpt lat="50.12020" lon="5.28015"><ele>229.8</ele></trkpt><trkpt lat="50.11975" lon="5.28008"><ele>230.9</ele></trkpt><trkpt lat="50.11929" lon="5.28001"><ele>231.9</ele></trkpt><trkpt lat="50.11908" lon="5.28003"><ele>232.7</ele></trkpt><trkpt lat="50.11891" lon="5.28012"><ele>233.2</ele></trkpt><trkpt lat="50.11866" lon="5.28048"><ele>233.5</ele></trkpt><trkpt lat="50.11847" lon="5.28087"><ele>234.1</ele></trkpt><trkpt lat="50.11823" lon="5.28117"><ele>234.7</ele></trkpt><trkpt lat="50.11808" lon="5.28127"><ele>235.0</ele></trkpt><trkpt lat="50.11789" lon="5.28136"><ele>235.6</ele></trkpt><trkpt lat="50.11764" lon="5.28140"><ele>235.6</ele></trkpt><trkpt lat="50.11736" lon="5.28139"><ele>236.6</ele></trkpt><trkpt lat="50.11690" lon="5.28128"><ele>237.8</ele></trkpt><trkpt lat="50.11645" lon="5.28117"><ele>239.8</ele></trkpt><trkpt lat="50.11584" lon="5.28098"><ele>242.3</ele></trkpt><trkpt lat="50.11514" lon="5.28061"><ele>244.2</ele></trkpt><trkpt lat="50.11443" lon="5.28024"><ele>246.6</ele></trkpt><trkpt lat="50.11399" lon="5.27995"><ele>247.6</ele></trkpt><trkpt lat="50.11347" lon="5.27951"><ele>249.9</ele></trkpt><trkpt lat="50.11305" lon="5.27929"><ele>251.5</ele></trkpt><trkpt lat="50.11312" lon="5.27921"><ele>250.9</ele></trkpt><trkpt lat="50.11366" lon="5.27867"><ele>248.8</ele></trkpt><trkpt lat="50.11405" lon="5.27835"><ele>246.5</ele></trkpt><trkpt lat="50.11482" lon="5.27783"><ele>243.2</ele></trkpt><trkpt lat="50.11492" lon="5.27771"><ele>241.8</ele></trkpt><trkpt lat="50.11498" lon="5.27758"><ele>241.8</ele></trkpt><trkpt lat="50.11507" lon="5.27701"><ele>240.7</ele></trkpt><trkpt lat="50.11517" lon="5.27681"><ele>240.7</ele></trkpt><trkpt lat="50.11535" lon="5.27654"><ele>241.3</ele></trkpt><trkpt lat="50.11545" lon="5.27636"><ele>241.7</ele></trkpt><trkpt lat="50.11577" lon="5.27535"><ele>246.8</ele></trkpt><trkpt lat="50.11609" lon="5.27434"><ele>250.4</ele></trkpt><trkpt lat="50.11610" lon="5.27433"><ele>250.5</ele></trkpt><trkpt lat="50.11633" lon="5.27395"><ele>252.8</ele></trkpt><trkpt lat="50.11643" lon="5.27360"><ele>253.7</ele></trkpt><trkpt lat="50.11660" lon="5.27298"><ele>255.0</ele></trkpt><trkpt lat="50.11672" lon="5.27261"><ele>257.7</ele></trkpt><trkpt lat="50.11689" lon="5.27222"><ele>258.5</ele></trkpt><trkpt lat="50.11705" lon="5.27198"><ele>258.9</ele></trkpt><trkpt lat="50.11722" lon="5.27183"><ele>260.0</ele></trkpt><trkpt lat="50.11773" lon="5.27172"><ele>262.5</ele></trkpt><trkpt lat="50.11823" lon="5.27160"><ele>265.3</ele></trkpt><trkpt lat="50.11848" lon="5.27152"><ele>266.6</ele></trkpt><trkpt lat="50.11891" lon="5.27130"><ele>268.2</ele></trkpt><trkpt lat="50.11904" lon="5.27127"><ele>268.6</ele></trkpt><trkpt lat="50.11980" lon="5.27127"><ele>272.6</ele></trkpt><trkpt lat="50.11992" lon="5.27124"><ele>272.6</ele></trkpt><trkpt lat="50.12050" lon="5.27098"><ele>276.4</ele></trkpt><trkpt lat="50.12126" lon="5.27088"><ele>280.6</ele></trkpt><trkpt lat="50.12187" lon="5.27067"><ele>284.2</ele></trkpt><trkpt lat="50.12210" lon="5.27063"><ele>284.6</ele></trkpt><trkpt lat="50.12235" lon="5.27064"><ele>285.9</ele></trkpt><trkpt lat="50.12254" lon="5.27067"><ele>287.6</ele></trkpt><trkpt lat="50.12287" lon="5.27083"><ele>290.1</ele></trkpt><trkpt lat="50.12293" lon="5.27088"><ele>290.1</ele></trkpt><trkpt lat="50.12317" lon="5.27107"><ele>291.6</ele></trkpt><trkpt lat="50.12336" lon="5.27120"><ele>291.3</ele></trkpt><trkpt lat="50.12353" lon="5.27126"><ele>291.0</ele></trkpt><trkpt lat="50.12372" lon="5.27128"><ele>290.3</ele></trkpt><trkpt lat="50.12397" lon="5.27119"><ele>289.7</ele></trkpt><trkpt lat="50.12439" lon="5.27095"><ele>289.1</ele></trkpt><trkpt lat="50.12448" lon="5.27091"><ele>288.9</ele></trkpt><trkpt lat="50.12463" lon="5.27086"><ele>288.2</ele></trkpt><trkpt lat="50.12485" lon="5.27084"><ele>287.2</ele></trkpt><trkpt lat="50.12502" lon="5.27086"><ele>285.6</ele></trkpt><trkpt lat="50.12521" lon="5.27094"><ele>284.6</ele></trkpt><trkpt lat="50.12550" lon="5.27112"><ele>281.2</ele></trkpt><trkpt lat="50.12638" lon="5.27120"><ele>271.0</ele></trkpt><trkpt lat="50.12726" lon="5.27129"><ele>262.0</ele></trkpt><trkpt lat="50.12750" lon="5.27138"><ele>259.8</ele></trkpt><trkpt lat="50.12791" lon="5.27162"><ele>255.0</ele></trkpt><trkpt lat="50.12819" lon="5.27182"><ele>248.9</ele></trkpt><trkpt lat="50.12864" lon="5.27206"><ele>247.4</ele></trkpt><trkpt lat="50.12946" lon="5.27241"><ele>236.4</ele></trkpt><trkpt lat="50.13002" lon="5.27272"><ele>232.5</ele></trkpt><trkpt lat="50.13058" lon="5.27304"><ele>230.2</ele></trkpt><trkpt lat="50.13086" lon="5.27329"><ele>228.8</ele></trkpt><trkpt lat="50.13103" lon="5.27340"><ele>227.6</ele></trkpt><trkpt lat="50.13104" lon="5.27297"><ele>229.4</ele></trkpt><trkpt lat="50.13102" lon="5.27272"><ele>230.6</ele></trkpt><trkpt lat="50.13107" lon="5.27266"><ele>230.9</ele></trkpt><trkpt lat="50.13115" lon="5.27239"><ele>231.2</ele></trkpt><trkpt lat="50.13117" lon="5.27174"><ele>232.3</ele></trkpt><trkpt lat="50.13114" lon="5.27081"><ele>232.0</ele></trkpt><trkpt lat="50.13111" lon="5.26987"><ele>229.4</ele></trkpt><trkpt lat="50.13108" lon="5.26894"><ele>224.6</ele></trkpt><trkpt lat="50.13109" lon="5.26879"><ele>224.1</ele></trkpt><trkpt lat="50.13110" lon="5.26857"><ele>222.9</ele></trkpt><trkpt lat="50.13108" lon="5.26844"><ele>222.3</ele></trkpt><trkpt lat="50.13105" lon="5.26837"><ele>222.3</ele></trkpt><trkpt lat="50.13105" lon="5.26839"><ele>222.3</ele></trkpt><trkpt lat="50.13094" lon="5.26820"><ele>221.4</ele></trkpt><trkpt lat="50.13086" lon="5.26809"><ele>221.2</ele></trkpt><trkpt lat="50.13079" lon="5.26793"><ele>221.1</ele></trkpt><trkpt lat="50.13078" lon="5.26772"><ele>221.2</ele></trkpt><trkpt lat="50.13080" lon="5.26764"><ele>221.2</ele></trkpt><trkpt lat="50.13088" lon="5.26744"><ele>221.5</ele></trkpt><trkpt lat="50.13096" lon="5.26731"><ele>221.7</ele></trkpt><trkpt lat="50.13100" lon="5.26729"><ele>221.7</ele></trkpt><trkpt lat="50.13098" lon="5.26729"><ele>221.7</ele></trkpt><trkpt lat="50.13108" lon="5.26728"><ele>221.6</ele></trkpt><trkpt lat="50.13139" lon="5.26744"><ele>221.7</ele></trkpt><trkpt lat="50.13157" lon="5.26747"><ele>221.9</ele></trkpt><trkpt lat="50.13182" lon="5.26748"><ele>222.8</ele></trkpt><trkpt lat="50.13202" lon="5.26752"><ele>223.4</ele></trkpt><trkpt lat="50.13262" lon="5.26772"><ele>227.7</ele></trkpt><trkpt lat="50.13278" lon="5.26782"><ele>229.0</ele></trkpt><trkpt lat="50.13319" lon="5.26815"><ele>232.0</ele></trkpt><trkpt lat="50.13333" lon="5.26819"><ele>233.1</ele></trkpt><trkpt lat="50.13356" lon="5.26820"><ele>235.4</ele></trkpt><trkpt lat="50.13377" lon="5.26823"><ele>237.3</ele></trkpt><trkpt lat="50.13392" lon="5.26828"><ele>238.7</ele></trkpt><trkpt lat="50.13419" lon="5.26851"><ele>240.7</ele></trkpt><trkpt lat="50.13444" lon="5.26882"><ele>241.2</ele></trkpt><trkpt lat="50.13465" lon="5.26902"><ele>242.0</ele></trkpt><trkpt lat="50.13538" lon="5.26955"><ele>246.7</ele></trkpt><trkpt lat="50.13546" lon="5.26965"><ele>248.0</ele></trkpt><trkpt lat="50.13563" lon="5.26998"><ele>248.1</ele></trkpt><trkpt lat="50.13575" lon="5.27009"><ele>248.9</ele></trkpt><trkpt lat="50.13592" lon="5.27019"><ele>249.2</ele></trkpt><trkpt lat="50.13605" lon="5.27021"><ele>251.4</ele></trkpt><trkpt lat="50.13623" lon="5.27019"><ele>252.3</ele></trkpt><trkpt lat="50.13645" lon="5.27012"><ele>253.1</ele></trkpt><trkpt lat="50.13694" lon="5.26990"><ele>255.2</ele></trkpt><trkpt lat="50.13712" lon="5.26972"><ele>255.8</ele></trkpt><trkpt lat="50.13723" lon="5.26955"><ele>255.9</ele></trkpt><trkpt lat="50.13755" lon="5.26899"><ele>255.6</ele></trkpt><trkpt lat="50.13786" lon="5.26843"><ele>254.1</ele></trkpt><trkpt lat="50.13799" lon="5.26807"><ele>252.2</ele></trkpt><trkpt lat="50.13802" lon="5.26788"><ele>251.6</ele></trkpt><trkpt lat="50.13800" lon="5.26758"><ele>248.9</ele></trkpt><trkpt lat="50.13790" lon="5.26737"><ele>248.9</ele></trkpt><trkpt lat="50.13770" lon="5.26708"><ele>246.8</ele></trkpt><trkpt lat="50.13762" lon="5.26688"><ele>246.4</ele></trkpt><trkpt lat="50.13760" lon="5.26660"><ele>245.2</ele></trkpt><trkpt lat="50.13761" lon="5.26632"><ele>245.3</ele></trkpt><trkpt lat="50.13764" lon="5.26619"><ele>245.8</ele></trkpt><trkpt lat="50.13771" lon="5.26609"><ele>246.5</ele></trkpt><trkpt lat="50.13780" lon="5.26605"><ele>247.4</ele></trkpt><trkpt lat="50.13808" lon="5.26614"><ele>250.9</ele></trkpt><trkpt lat="50.13825" lon="5.26608"><ele>252.7</ele></trkpt><trkpt lat="50.13852" lon="5.26589"><ele>256.3</ele></trkpt><trkpt lat="50.13882" lon="5.26563"><ele>259.3</ele></trkpt><trkpt lat="50.13908" lon="5.26546"><ele>261.5</ele></trkpt><trkpt lat="50.13928" lon="5.26523"><ele>264.3</ele></trkpt><trkpt lat="50.13948" lon="5.26486"><ele>265.0</ele></trkpt><trkpt lat="50.13975" lon="5.26423"><ele>267.8</ele></trkpt><trkpt lat="50.14002" lon="5.26359"><ele>270.9</ele></trkpt><trkpt lat="50.14032" lon="5.26278"><ele>273.5</ele></trkpt><trkpt lat="50.14031" lon="5.26281"><ele>273.4</ele></trkpt><trkpt lat="50.14034" lon="5.26274"><ele>273.4</ele></trkpt><trkpt lat="50.14069" lon="5.26217"><ele>275.4</ele></trkpt><trkpt lat="50.14076" lon="5.26198"><ele>275.5</ele></trkpt><trkpt lat="50.14083" lon="5.26172"><ele>275.2</ele></trkpt><trkpt lat="50.14093" lon="5.26148"><ele>274.7</ele></trkpt><trkpt lat="50.14107" lon="5.26130"><ele>273.5</ele></trkpt><trkpt lat="50.14123" lon="5.26158"><ele>270.1</ele></trkpt><trkpt lat="50.14140" lon="5.26166"><ele>268.4</ele></trkpt><trkpt lat="50.14151" lon="5.26164"><ele>266.9</ele></trkpt><trkpt lat="50.14169" lon="5.26140"><ele>262.9</ele></trkpt><trkpt lat="50.14214" lon="5.26121"><ele>255.7</ele></trkpt><trkpt lat="50.14259" lon="5.26102"><ele>251.4</ele></trkpt><trkpt lat="50.14316" lon="5.26075"><ele>246.7</ele></trkpt><trkpt lat="50.14354" lon="5.26081"><ele>244.1</ele></trkpt><trkpt lat="50.14427" lon="5.26069"><ele>242.7</ele></trkpt><trkpt lat="50.14500" lon="5.26056"><ele>244.5</ele></trkpt><trkpt lat="50.14472" lon="5.26099"><ele>243.1</ele></trkpt><trkpt lat="50.14452" lon="5.26142"><ele>241.2</ele></trkpt><trkpt lat="50.14446" lon="5.26170"><ele>240.0</ele></trkpt><trkpt lat="50.14454" lon="5.26231"><ele>238.6</ele></trkpt><trkpt lat="50.14453" lon="5.26289"><ele>238.3</ele></trkpt><trkpt lat="50.14464" lon="5.26339"><ele>238.3</ele></trkpt><trkpt lat="50.14502" lon="5.26430"><ele>237.2</ele></trkpt><trkpt lat="50.14539" lon="5.26522"><ele>236.4</ele></trkpt><trkpt lat="50.14577" lon="5.26613"><ele>235.0</ele></trkpt><trkpt lat="50.14605" lon="5.26622"><ele>232.0</ele></trkpt><trkpt lat="50.14617" lon="5.26621"><ele>232.0</ele></trkpt><trkpt lat="50.14637" lon="5.26609"><ele>228.9</ele></trkpt><trkpt lat="50.14657" lon="5.26561"><ele>225.1</ele></trkpt><trkpt lat="50.14689" lon="5.26506"><ele>225.9</ele></trkpt><trkpt lat="50.14697" lon="5.26479"><ele>228.5</ele></trkpt><trkpt lat="50.14709" lon="5.26397"><ele>236.1</ele></trkpt><trkpt lat="50.14714" lon="5.26383"><ele>237.1</ele></trkpt><trkpt lat="50.14723" lon="5.26367"><ele>238.1</ele></trkpt><trkpt lat="50.14769" lon="5.26305"><ele>242.4</ele></trkpt><trkpt lat="50.14815" lon="5.26243"><ele>244.8</ele></trkpt><trkpt lat="50.14836" lon="5.26229"><ele>245.6</ele></trkpt><trkpt lat="50.14853" lon="5.26222"><ele>245.5</ele></trkpt><trkpt lat="50.14868" lon="5.26223"><ele>245.3</ele></trkpt><trkpt lat="50.14894" lon="5.26228"><ele>244.3</ele></trkpt><trkpt lat="50.14920" lon="5.26224"><ele>243.2</ele></trkpt><trkpt lat="50.14958" lon="5.26215"><ele>239.7</ele></trkpt><trkpt lat="50.14983" lon="5.26206"><ele>235.8</ele></trkpt><trkpt lat="50.15055" lon="5.26165"><ele>227.9</ele></trkpt><trkpt lat="50.15061" lon="5.26162"><ele>227.9</ele></trkpt><trkpt lat="50.15062" lon="5.26162"><ele>227.8</ele></trkpt><trkpt lat="50.15128" lon="5.26139"><ele>222.3</ele></trkpt><trkpt lat="50.15206" lon="5.26128"><ele>215.1</ele></trkpt><trkpt lat="50.15252" lon="5.26127"><ele>209.7</ele></trkpt><trkpt lat="50.15329" lon="5.26133"><ele>203.5</ele></trkpt><trkpt lat="50.15371" lon="5.26133"><ele>200.2</ele></trkpt><trkpt lat="50.15413" lon="5.26128"><ele>196.4</ele></trkpt><trkpt lat="50.15451" lon="5.26114"><ele>194.3</ele></trkpt><trkpt lat="50.15465" lon="5.26115"><ele>193.8</ele></trkpt><trkpt lat="50.15476" lon="5.26123"><ele>193.5</ele></trkpt><trkpt lat="50.15511" lon="5.26160"><ele>193.3</ele></trkpt><trkpt lat="50.15529" lon="5.26170"><ele>192.7</ele></trkpt><trkpt lat="50.15551" lon="5.26172"><ele>192.7</ele></trkpt><trkpt lat="50.15565" lon="5.26168"><ele>191.9</ele></trkpt><trkpt lat="50.15574" lon="5.26161"><ele>191.7</ele></trkpt><trkpt lat="50.15585" lon="5.26148"><ele>191.6</ele></trkpt><trkpt lat="50.15635" lon="5.26058"><ele>191.3</ele></trkpt><trkpt lat="50.15649" lon="5.26037"><ele>191.3</ele></trkpt><trkpt lat="50.15662" lon="5.26024"><ele>191.4</ele></trkpt><trkpt lat="50.15677" lon="5.26016"><ele>191.4</ele></trkpt><trkpt lat="50.15740" lon="5.25997"><ele>191.7</ele></trkpt><trkpt lat="50.15804" lon="5.25978"><ele>192.1</ele></trkpt><trkpt lat="50.15867" lon="5.25959"><ele>192.3</ele></trkpt><trkpt lat="50.15887" lon="5.25961"><ele>191.8</ele></trkpt><trkpt lat="50.15903" lon="5.25966"><ele>191.4</ele></trkpt><trkpt lat="50.15944" lon="5.25985"><ele>190.2</ele></trkpt><trkpt lat="50.15998" lon="5.26015"><ele>188.4</ele></trkpt><trkpt lat="50.16048" lon="5.26045"><ele>186.2</ele></trkpt><trkpt lat="50.16033" lon="5.26028"><ele>187.1</ele></trkpt><trkpt lat="50.16035" lon="5.26029"><ele>187.0</ele></trkpt><trkpt lat="50.16012" lon="5.26005"><ele>189.3</ele></trkpt><trkpt lat="50.15972" lon="5.25978"><ele>191.7</ele></trkpt><trkpt lat="50.15915" lon="5.25947"><ele>195.7</ele></trkpt><trkpt lat="50.15888" lon="5.25936"><ele>197.2</ele></trkpt><trkpt lat="50.15817" lon="5.25916"><ele>203.1</ele></trkpt><trkpt lat="50.15806" lon="5.25911"><ele>203.1</ele></trkpt><trkpt lat="50.15755" lon="5.25870"><ele>210.0</ele></trkpt><trkpt lat="50.15705" lon="5.25826"><ele>215.3</ele></trkpt><trkpt lat="50.15676" lon="5.25792"><ele>217.5</ele></trkpt><trkpt lat="50.15642" lon="5.25741"><ele>219.7</ele></trkpt><trkpt lat="50.15607" lon="5.25691"><ele>221.3</ele></trkpt><trkpt lat="50.15603" lon="5.25688"><ele>221.6</ele></trkpt><trkpt lat="50.15569" lon="5.25687"><ele>221.7</ele></trkpt><trkpt lat="50.15561" lon="5.25683"><ele>221.7</ele></trkpt><trkpt lat="50.15554" lon="5.25673"><ele>221.7</ele></trkpt><trkpt lat="50.15547" lon="5.25652"><ele>221.7</ele></trkpt><trkpt lat="50.15540" lon="5.25613"><ele>222.0</ele></trkpt><trkpt lat="50.15529" lon="5.25572"><ele>221.6</ele></trkpt><trkpt lat="50.15480" lon="5.25455"><ele>219.1</ele></trkpt><trkpt lat="50.15462" lon="5.25398"><ele>216.9</ele></trkpt><trkpt lat="50.15440" lon="5.25307"><ele>214.3</ele></trkpt><trkpt lat="50.15426" lon="5.25275"><ele>213.3</ele></trkpt><trkpt lat="50.15412" lon="5.25251"><ele>212.4</ele></trkpt><trkpt lat="50.15411" lon="5.25250"><ele>212.4</ele></trkpt><trkpt lat="50.15373" lon="5.25190"><ele>208.5</ele></trkpt><trkpt lat="50.15348" lon="5.25160"><ele>206.5</ele></trkpt><trkpt lat="50.15302" lon="5.25112"><ele>202.7</ele></trkpt><trkpt lat="50.15280" lon="5.25084"><ele>202.6</ele></trkpt><trkpt lat="50.15266" lon="5.25069"><ele>203.2</ele></trkpt><trkpt lat="50.15238" lon="5.25045"><ele>205.3</ele></trkpt><trkpt lat="50.15229" lon="5.25031"><ele>205.8</ele></trkpt><trkpt lat="50.15214" lon="5.24998"><ele>208.0</ele></trkpt><trkpt lat="50.15183" lon="5.24903"><ele>212.2</ele></trkpt><trkpt lat="50.15151" lon="5.24809"><ele>213.8</ele></trkpt><trkpt lat="50.15127" lon="5.24748"><ele>215.9</ele></trkpt><trkpt lat="50.15100" lon="5.24680"><ele>217.5</ele></trkpt><trkpt lat="50.15073" lon="5.24612"><ele>218.7</ele></trkpt><trkpt lat="50.15043" lon="5.24546"><ele>220.1</ele></trkpt><trkpt lat="50.15013" lon="5.24480"><ele>221.9</ele></trkpt><trkpt lat="50.14980" lon="5.24378"><ele>224.2</ele></trkpt><trkpt lat="50.14947" lon="5.24277"><ele>225.9</ele></trkpt><trkpt lat="50.14924" lon="5.24215"><ele>226.9</ele></trkpt><trkpt lat="50.14923" lon="5.24215"><ele>226.9</ele></trkpt><trkpt lat="50.14890" lon="5.24126"><ele>228.5</ele></trkpt><trkpt lat="50.14863" lon="5.24039"><ele>230.4</ele></trkpt><trkpt lat="50.14836" lon="5.23983"><ele>230.7</ele></trkpt><trkpt lat="50.14828" lon="5.23905"><ele>231.5</ele></trkpt><trkpt lat="50.14785" lon="5.23782"><ele>231.5</ele></trkpt><trkpt lat="50.14776" lon="5.23855"><ele>232.1</ele></trkpt><trkpt lat="50.14767" lon="5.23928"><ele>232.9</ele></trkpt><trkpt lat="50.14758" lon="5.23973"><ele>232.4</ele></trkpt><trkpt lat="50.14741" lon="5.24045"><ele>230.5</ele></trkpt><trkpt lat="50.14723" lon="5.24116"><ele>228.2</ele></trkpt><trkpt lat="50.14709" lon="5.24158"><ele>226.1</ele></trkpt><trkpt lat="50.14679" lon="5.24215"><ele>224.4</ele></trkpt><trkpt lat="50.14649" lon="5.24272"><ele>223.6</ele></trkpt><trkpt lat="50.14639" lon="5.24314"><ele>222.7</ele></trkpt><trkpt lat="50.14635" lon="5.24402"><ele>221.2</ele></trkpt><trkpt lat="50.14626" lon="5.24442"><ele>219.8</ele></trkpt><trkpt lat="50.14599" lon="5.24531"><ele>219.5</ele></trkpt><trkpt lat="50.14571" lon="5.24619"><ele>222.7</ele></trkpt><trkpt lat="50.14566" lon="5.24641"><ele>223.3</ele></trkpt></trkseg></trk></gpx>