<?xml version="1.0" encoding="UTF-8"?>
<gpx version="1.1" creator="Reco Vélo (source : cyclingstage.com)" xmlns="http://www.topografix.com/GPX/1/1"><metadata><name>Mondiaux 2026 Montréal · course en ligne élite hommes</name></metadata><trk><name>Mondiaux 2026 Montréal · course en ligne élite hommes</name><trkseg><trkpt lat="45.45117" lon="-73.40780"><ele>21</ele></trkpt><trkpt lat="45.45083" lon="-73.40729"><ele>20</ele></trkpt><trkpt lat="45.45060" lon="-73.40695"><ele>20</ele></trkpt><trkpt lat="45.45026" lon="-73.40643"><ele>20</ele></trkpt><trkpt lat="45.44951" lon="-73.40529"><ele>21</ele></trkpt><trkpt lat="45.44875" lon="-73.40415"><ele>21</ele></trkpt><trkpt lat="45.44875" lon="-73.40414"><ele>21</ele></trkpt><trkpt lat="45.44754" lon="-73.40232"><ele>21</ele></trkpt><trkpt lat="45.44703" lon="-73.40156"><ele>20</ele></trkpt><trkpt lat="45.44624" lon="-73.40036"><ele>20</ele></trkpt><trkpt lat="45.44593" lon="-73.39990"><ele>20</ele></trkpt><trkpt lat="45.44512" lon="-73.39866"><ele>20</ele></trkpt><trkpt lat="45.44502" lon="-73.39851"><ele>20</ele></trkpt><trkpt lat="45.44499" lon="-73.39846"><ele>20</ele></trkpt><trkpt lat="45.44430" lon="-73.39741"><ele>20</ele></trkpt><trkpt lat="45.44368" lon="-73.39644"><ele>20</ele></trkpt><trkpt lat="45.44271" lon="-73.39493"><ele>20</ele></trkpt><trkpt lat="45.44236" lon="-73.39438"><ele>20</ele></trkpt><trkpt lat="45.44202" lon="-73.39385"><ele>20</ele></trkpt><trkpt lat="45.44186" lon="-73.39361"><ele>20</ele></trkpt><trkpt lat="45.44131" lon="-73.39280"><ele>20</ele></trkpt><trkpt lat="45.44100" lon="-73.39233"><ele>19</ele></trkpt><trkpt lat="45.44051" lon="-73.39159"><ele>19</ele></trkpt><trkpt lat="45.44004" lon="-73.39091"><ele>18</ele></trkpt><trkpt lat="45.43942" lon="-73.38999"><ele>18</ele></trkpt><trkpt lat="45.43850" lon="-73.38861"><ele>18</ele></trkpt><trkpt lat="45.43787" lon="-73.38768"><ele>18</ele></trkpt><trkpt lat="45.43775" lon="-73.38750"><ele>17</ele></trkpt><trkpt lat="45.43755" lon="-73.38721"><ele>17</ele></trkpt><trkpt lat="45.43739" lon="-73.38697"><ele>17</ele></trkpt><trkpt lat="45.43712" lon="-73.38657"><ele>17</ele></trkpt><trkpt lat="45.43668" lon="-73.38592"><ele>16</ele></trkpt><trkpt lat="45.43658" lon="-73.38577"><ele>16</ele></trkpt><trkpt lat="45.43653" lon="-73.38569"><ele>16</ele></trkpt><trkpt lat="45.43648" lon="-73.38562"><ele>16</ele></trkpt><trkpt lat="45.43643" lon="-73.38555"><ele>16</ele></trkpt><trkpt lat="45.43638" lon="-73.38546"><ele>15</ele></trkpt><trkpt lat="45.43633" lon="-73.38538"><ele>15</ele></trkpt><trkpt lat="45.43631" lon="-73.38534"><ele>15</ele></trkpt><trkpt lat="45.43628" lon="-73.38528"><ele>15</ele></trkpt><trkpt lat="45.43623" lon="-73.38519"><ele>15</ele></trkpt><trkpt lat="45.43618" lon="-73.38509"><ele>15</ele></trkpt><trkpt lat="45.43614" lon="-73.38500"><ele>15</ele></trkpt><trkpt lat="45.43609" lon="-73.38488"><ele>15</ele></trkpt><trkpt lat="45.43604" lon="-73.38476"><ele>15</ele></trkpt><trkpt lat="45.43600" lon="-73.38464"><ele>15</ele></trkpt><trkpt lat="45.43596" lon="-73.38451"><ele>15</ele></trkpt><trkpt lat="45.43592" lon="-73.38439"><ele>15</ele></trkpt><trkpt lat="45.43590" lon="-73.38434"><ele>15</ele></trkpt><trkpt lat="45.43588" lon="-73.38428"><ele>15</ele></trkpt><trkpt lat="45.43585" lon="-73.38414"><ele>15</ele></trkpt><trkpt lat="45.43581" lon="-73.38401"><ele>15</ele></trkpt><trkpt lat="45.43579" lon="-73.38387"><ele>15</ele></trkpt><trkpt lat="45.43576" lon="-73.38374"><ele>15</ele></trkpt><trkpt lat="45.43573" lon="-73.38360"><ele>15</ele></trkpt><trkpt lat="45.43571" lon="-73.38346"><ele>15</ele></trkpt><trkpt lat="45.43570" lon="-73.38333"><ele>14</ele></trkpt><trkpt lat="45.43568" lon="-73.38320"><ele>14</ele></trkpt><trkpt lat="45.43567" lon="-73.38305"><ele>14</ele></trkpt><trkpt lat="45.43566" lon="-73.38291"><ele>14</ele></trkpt><trkpt lat="45.43566" lon="-73.38282"><ele>14</ele></trkpt><trkpt lat="45.43566" lon="-73.38278"><ele>14</ele></trkpt><trkpt lat="45.43565" lon="-73.38266"><ele>14</ele></trkpt><trkpt lat="45.43565" lon="-73.38254"><ele>14</ele></trkpt><trkpt lat="45.43565" lon="-73.38239"><ele>14</ele></trkpt><trkpt lat="45.43566" lon="-73.38225"><ele>14</ele></trkpt><trkpt lat="45.43567" lon="-73.38212"><ele>14</ele></trkpt><trkpt lat="45.43568" lon="-73.38199"><ele>14</ele></trkpt><trkpt lat="45.43569" lon="-73.38188"><ele>14</ele></trkpt><trkpt lat="45.43571" lon="-73.38176"><ele>14</ele></trkpt><trkpt lat="45.43573" lon="-73.38163"><ele>14</ele></trkpt><trkpt lat="45.43575" lon="-73.38152"><ele>14</ele></trkpt><trkpt lat="45.43575" lon="-73.38150"><ele>14</ele></trkpt><trkpt lat="45.43589" lon="-73.38081"><ele>14</ele></trkpt><trkpt lat="45.43590" lon="-73.38075"><ele>14</ele></trkpt><trkpt lat="45.43597" lon="-73.38044"><ele>14</ele></trkpt><trkpt lat="45.43604" lon="-73.38008"><ele>14</ele></trkpt><trkpt lat="45.43610" lon="-73.37979"><ele>14</ele></trkpt><trkpt lat="45.43613" lon="-73.37963"><ele>14</ele></trkpt><trkpt lat="45.43615" lon="-73.37950"><ele>15</ele></trkpt><trkpt lat="45.43617" lon="-73.37937"><ele>15</ele></trkpt><trkpt lat="45.43618" lon="-73.37927"><ele>15</ele></trkpt><trkpt lat="45.43619" lon="-73.37917"><ele>15</ele></trkpt><trkpt lat="45.43620" lon="-73.37908"><ele>15</ele></trkpt><trkpt lat="45.43620" lon="-73.37901"><ele>15</ele></trkpt><trkpt lat="45.43621" lon="-73.37894"><ele>16</ele></trkpt><trkpt lat="45.43621" lon="-73.37885"><ele>16</ele></trkpt><trkpt lat="45.43621" lon="-73.37877"><ele>16</ele></trkpt><trkpt lat="45.43621" lon="-73.37869"><ele>16</ele></trkpt><trkpt lat="45.43621" lon="-73.37860"><ele>16</ele></trkpt><trkpt lat="45.43621" lon="-73.37851"><ele>16</ele></trkpt><trkpt lat="45.43621" lon="-73.37843"><ele>16</ele></trkpt><trkpt lat="45.43621" lon="-73.37832"><ele>16</ele></trkpt><trkpt lat="45.43620" lon="-73.37825"><ele>16</ele></trkpt><trkpt lat="45.43620" lon="-73.37817"><ele>16</ele></trkpt><trkpt lat="45.43619" lon="-73.37808"><ele>16</ele></trkpt><trkpt lat="45.43618" lon="-73.37800"><ele>16</ele></trkpt><trkpt lat="45.43618" lon="-73.37793"><ele>16</ele></trkpt><trkpt lat="45.43617" lon="-73.37784"><ele>16</ele></trkpt><trkpt lat="45.43616" lon="-73.37779"><ele>16</ele></trkpt><trkpt lat="45.43615" lon="-73.37773"><ele>16</ele></trkpt><trkpt lat="45.43614" lon="-73.37766"><ele>16</ele></trkpt><trkpt lat="45.43613" lon="-73.37760"><ele>16</ele></trkpt><trkpt lat="45.43612" lon="-73.37753"><ele>16</ele></trkpt><trkpt lat="45.43611" lon="-73.37746"><ele>16</ele></trkpt><trkpt lat="45.43610" lon="-73.37743"><ele>16</ele></trkpt><trkpt lat="45.43609" lon="-73.37738"><ele>16</ele></trkpt><trkpt lat="45.43608" lon="-73.37731"><ele>16</ele></trkpt><trkpt lat="45.43606" lon="-73.37722"><ele>16</ele></trkpt><trkpt lat="45.43604" lon="-73.37713"><ele>16</ele></trkpt><trkpt lat="45.43602" lon="-73.37705"><ele>16</ele></trkpt><trkpt lat="45.43600" lon="-73.37698"><ele>16</ele></trkpt><trkpt lat="45.43598" lon="-73.37691"><ele>16</ele></trkpt><trkpt lat="45.43596" lon="-73.37683"><ele>15</ele></trkpt><trkpt lat="45.43594" lon="-73.37676"><ele>15</ele></trkpt><trkpt lat="45.43591" lon="-73.37668"><ele>15</ele></trkpt><trkpt lat="45.43589" lon="-73.37661"><ele>15</ele></trkpt><trkpt lat="45.43587" lon="-73.37656"><ele>15</ele></trkpt><trkpt lat="45.43586" lon="-73.37652"><ele>15</ele></trkpt><trkpt lat="45.43585" lon="-73.37650"><ele>15</ele></trkpt><trkpt lat="45.43584" lon="-73.37647"><ele>15</ele></trkpt><trkpt lat="45.43583" lon="-73.37644"><ele>15</ele></trkpt><trkpt lat="45.43582" lon="-73.37641"><ele>15</ele></trkpt><trkpt lat="45.43580" lon="-73.37637"><ele>15</ele></trkpt><trkpt lat="45.43579" lon="-73.37633"><ele>15</ele></trkpt><trkpt lat="45.43577" lon="-73.37628"><ele>15</ele></trkpt><trkpt lat="45.43575" lon="-73.37624"><ele>15</ele></trkpt><trkpt lat="45.43574" lon="-73.37621"><ele>15</ele></trkpt><trkpt lat="45.43573" lon="-73.37620"><ele>15</ele></trkpt><trkpt lat="45.43571" lon="-73.37616"><ele>15</ele></trkpt><trkpt lat="45.43569" lon="-73.37611"><ele>15</ele></trkpt><trkpt lat="45.43567" lon="-73.37607"><ele>15</ele></trkpt><trkpt lat="45.43565" lon="-73.37603"><ele>15</ele></trkpt><trkpt lat="45.43563" lon="-73.37599"><ele>15</ele></trkpt><trkpt lat="45.43561" lon="-73.37595"><ele>15</ele></trkpt><trkpt lat="45.43559" lon="-73.37592"><ele>15</ele></trkpt><trkpt lat="45.43556" lon="-73.37587"><ele>14</ele></trkpt><trkpt lat="45.43554" lon="-73.37582"><ele>14</ele></trkpt><trkpt lat="45.43551" lon="-73.37577"><ele>14</ele></trkpt><trkpt lat="45.43547" lon="-73.37570"><ele>14</ele></trkpt><trkpt lat="45.43543" lon="-73.37564"><ele>14</ele></trkpt><trkpt lat="45.43539" lon="-73.37558"><ele>14</ele></trkpt><trkpt lat="45.43532" lon="-73.37548"><ele>14</ele></trkpt><trkpt lat="45.43528" lon="-73.37541"><ele>14</ele></trkpt><trkpt lat="45.43523" lon="-73.37534"><ele>14</ele></trkpt><trkpt lat="45.43516" lon="-73.37524"><ele>14</ele></trkpt><trkpt lat="45.43506" lon="-73.37510"><ele>14</ele></trkpt><trkpt lat="45.43505" lon="-73.37508"><ele>14</ele></trkpt><trkpt lat="45.43486" lon="-73.37483"><ele>14</ele></trkpt><trkpt lat="45.43471" lon="-73.37461"><ele>15</ele></trkpt><trkpt lat="45.43460" lon="-73.37446"><ele>15</ele></trkpt><trkpt lat="45.43453" lon="-73.37436"><ele>15</ele></trkpt><trkpt lat="45.43444" lon="-73.37424"><ele>15</ele></trkpt><trkpt lat="45.43433" lon="-73.37410"><ele>15</ele></trkpt><trkpt lat="45.43432" lon="-73.37407"><ele>15</ele></trkpt><trkpt lat="45.43395" lon="-73.37359"><ele>16</ele></trkpt><trkpt lat="45.43389" lon="-73.37350"><ele>16</ele></trkpt><trkpt lat="45.43382" lon="-73.37341"><ele>16</ele></trkpt><trkpt lat="45.43374" lon="-73.37329"><ele>16</ele></trkpt><trkpt lat="45.43373" lon="-73.37327"><ele>16</ele></trkpt><trkpt lat="45.43324" lon="-73.37260"><ele>16</ele></trkpt><trkpt lat="45.43322" lon="-73.37258"><ele>15</ele></trkpt><trkpt lat="45.43301" lon="-73.37228"><ele>15</ele></trkpt><trkpt lat="45.43257" lon="-73.37168"><ele>16</ele></trkpt><trkpt lat="45.43232" lon="-73.37134"><ele>16</ele></trkpt><trkpt lat="45.43219" lon="-73.37115"><ele>16</ele></trkpt><trkpt lat="45.43207" lon="-73.37099"><ele>16</ele></trkpt><trkpt lat="45.43204" lon="-73.37095"><ele>16</ele></trkpt><trkpt lat="45.43189" lon="-73.37074"><ele>16</ele></trkpt><trkpt lat="45.43182" lon="-73.37065"><ele>16</ele></trkpt><trkpt lat="45.43178" lon="-73.37059"><ele>16</ele></trkpt><trkpt lat="45.43176" lon="-73.37057"><ele>16</ele></trkpt><trkpt lat="45.43144" lon="-73.37012"><ele>16</ele></trkpt><trkpt lat="45.43134" lon="-73.36999"><ele>16</ele></trkpt><trkpt lat="45.43120" lon="-73.36979"><ele>15</ele></trkpt><trkpt lat="45.43105" lon="-73.36958"><ele>15</ele></trkpt><trkpt lat="45.43090" lon="-73.36937"><ele>15</ele></trkpt><trkpt lat="45.43088" lon="-73.36935"><ele>14</ele></trkpt><trkpt lat="45.43068" lon="-73.36907"><ele>14</ele></trkpt><trkpt lat="45.43060" lon="-73.36896"><ele>14</ele></trkpt><trkpt lat="45.43054" lon="-73.36888"><ele>13</ele></trkpt><trkpt lat="45.43045" lon="-73.36876"><ele>13</ele></trkpt><trkpt lat="45.43035" lon="-73.36862"><ele>13</ele></trkpt><trkpt lat="45.43029" lon="-73.36854"><ele>13</ele></trkpt><trkpt lat="45.43005" lon="-73.36821"><ele>12</ele></trkpt><trkpt lat="45.43002" lon="-73.36816"><ele>12</ele></trkpt><trkpt lat="45.42994" lon="-73.36805"><ele>12</ele></trkpt><trkpt lat="45.42986" lon="-73.36793"><ele>12</ele></trkpt><trkpt lat="45.42976" lon="-73.36780"><ele>12</ele></trkpt><trkpt lat="45.42938" lon="-73.36728"><ele>12</ele></trkpt><trkpt lat="45.42914" lon="-73.36696"><ele>12</ele></trkpt><trkpt lat="45.42899" lon="-73.36674"><ele>12</ele></trkpt><trkpt lat="45.42893" lon="-73.36666"><ele>13</ele></trkpt><trkpt lat="45.42890" lon="-73.36662"><ele>13</ele></trkpt><trkpt lat="45.42879" lon="-73.36647"><ele>13</ele></trkpt><trkpt lat="45.42866" lon="-73.36629"><ele>13</ele></trkpt><trkpt lat="45.42844" lon="-73.36599"><ele>13</ele></trkpt><trkpt lat="45.42829" lon="-73.36578"><ele>13</ele></trkpt><trkpt lat="45.42822" lon="-73.36568"><ele>12</ele></trkpt><trkpt lat="45.42812" lon="-73.36555"><ele>12</ele></trkpt><trkpt lat="45.42804" lon="-73.36544"><ele>12</ele></trkpt><trkpt lat="45.42797" lon="-73.36534"><ele>12</ele></trkpt><trkpt lat="45.42792" lon="-73.36527"><ele>12</ele></trkpt><trkpt lat="45.42785" lon="-73.36518"><ele>12</ele></trkpt><trkpt lat="45.42775" lon="-73.36503"><ele>11</ele></trkpt><trkpt lat="45.42772" lon="-73.36500"><ele>11</ele></trkpt><trkpt lat="45.42755" lon="-73.36476"><ele>11</ele></trkpt><trkpt lat="45.42742" lon="-73.36457"><ele>11</ele></trkpt><trkpt lat="45.42738" lon="-73.36451"><ele>11</ele></trkpt><trkpt lat="45.42735" lon="-73.36446"><ele>10</ele></trkpt><trkpt lat="45.42732" lon="-73.36441"><ele>10</ele></trkpt><trkpt lat="45.42736" lon="-73.36435"><ele>10</ele></trkpt><trkpt lat="45.42742" lon="-73.36427"><ele>10</ele></trkpt><trkpt lat="45.42755" lon="-73.36410"><ele>10</ele></trkpt><trkpt lat="45.42759" lon="-73.36405"><ele>10</ele></trkpt><trkpt lat="45.42762" lon="-73.36401"><ele>10</ele></trkpt><trkpt lat="45.42767" lon="-73.36393"><ele>10</ele></trkpt><trkpt lat="45.42772" lon="-73.36386"><ele>10</ele></trkpt><trkpt lat="45.42776" lon="-73.36381"><ele>10</ele></trkpt><trkpt lat="45.42779" lon="-73.36378"><ele>10</ele></trkpt><trkpt lat="45.42782" lon="-73.36374"><ele>10</ele></trkpt><trkpt lat="45.42786" lon="-73.36371"><ele>10</ele></trkpt><trkpt lat="45.42787" lon="-73.36370"><ele>10</ele></trkpt><trkpt lat="45.42789" lon="-73.36368"><ele>10</ele></trkpt><trkpt lat="45.42793" lon="-73.36365"><ele>10</ele></trkpt><trkpt lat="45.42798" lon="-73.36361"><ele>10</ele></trkpt><trkpt lat="45.42804" lon="-73.36357"><ele>11</ele></trkpt><trkpt lat="45.42810" lon="-73.36353"><ele>11</ele></trkpt><trkpt lat="45.42822" lon="-73.36345"><ele>11</ele></trkpt><trkpt lat="45.42835" lon="-73.36338"><ele>11</ele></trkpt><trkpt lat="45.42856" lon="-73.36326"><ele>11</ele></trkpt><trkpt lat="45.42864" lon="-73.36321"><ele>12</ele></trkpt><trkpt lat="45.42871" lon="-73.36317"><ele>12</ele></trkpt><trkpt lat="45.42877" lon="-73.36314"><ele>12</ele></trkpt><trkpt lat="45.42886" lon="-73.36308"><ele>12</ele></trkpt><trkpt lat="45.42895" lon="-73.36303"><ele>13</ele></trkpt><trkpt lat="45.42902" lon="-73.36298"><ele>13</ele></trkpt><trkpt lat="45.42912" lon="-73.36292"><ele>13</ele></trkpt><trkpt lat="45.42920" lon="-73.36286"><ele>13</ele></trkpt><trkpt lat="45.42930" lon="-73.36279"><ele>13</ele></trkpt><trkpt lat="45.42943" lon="-73.36270"><ele>13</ele></trkpt><trkpt lat="45.42951" lon="-73.36264"><ele>13</ele></trkpt><trkpt lat="45.42958" lon="-73.36258"><ele>13</ele></trkpt><trkpt lat="45.42961" lon="-73.36256"><ele>13</ele></trkpt><trkpt lat="45.42972" lon="-73.36247"><ele>13</ele></trkpt><trkpt lat="45.42974" lon="-73.36245"><ele>13</ele></trkpt><trkpt lat="45.42981" lon="-73.36239"><ele>13</ele></trkpt><trkpt lat="45.42988" lon="-73.36234"><ele>12</ele></trkpt><trkpt lat="45.42990" lon="-73.36232"><ele>12</ele></trkpt><trkpt lat="45.42994" lon="-73.36229"><ele>12</ele></trkpt><trkpt lat="45.42996" lon="-73.36227"><ele>12</ele></trkpt><trkpt lat="45.42999" lon="-73.36224"><ele>12</ele></trkpt><trkpt lat="45.43001" lon="-73.36222"><ele>12</ele></trkpt><trkpt lat="45.43004" lon="-73.36219"><ele>12</ele></trkpt><trkpt lat="45.43010" lon="-73.36214"><ele>12</ele></trkpt><trkpt lat="45.43015" lon="-73.36209"><ele>12</ele></trkpt><trkpt lat="45.43019" lon="-73.36205"><ele>12</ele></trkpt><trkpt lat="45.43020" lon="-73.36204"><ele>12</ele></trkpt><trkpt lat="45.43027" lon="-73.36197"><ele>12</ele></trkpt><trkpt lat="45.43033" lon="-73.36190"><ele>12</ele></trkpt><trkpt lat="45.43042" lon="-73.36181"><ele>11</ele></trkpt><trkpt lat="45.43051" lon="-73.36171"><ele>11</ele></trkpt><trkpt lat="45.43057" lon="-73.36164"><ele>11</ele></trkpt><trkpt lat="45.43063" lon="-73.36159"><ele>11</ele></trkpt><trkpt lat="45.43067" lon="-73.36155"><ele>11</ele></trkpt><trkpt lat="45.43073" lon="-73.36149"><ele>11</ele></trkpt><trkpt lat="45.43078" lon="-73.36145"><ele>11</ele></trkpt><trkpt lat="45.43084" lon="-73.36141"><ele>11</ele></trkpt><trkpt lat="45.43098" lon="-73.36131"><ele>11</ele></trkpt><trkpt lat="45.43106" lon="-73.36125"><ele>11</ele></trkpt><trkpt lat="45.43113" lon="-73.36120"><ele>11</ele></trkpt><trkpt lat="45.43118" lon="-73.36116"><ele>11</ele></trkpt><trkpt lat="45.43123" lon="-73.36112"><ele>11</ele></trkpt><trkpt lat="45.43128" lon="-73.36108"><ele>11</ele></trkpt><trkpt lat="45.43133" lon="-73.36104"><ele>11</ele></trkpt><trkpt lat="45.43137" lon="-73.36100"><ele>11</ele></trkpt><trkpt lat="45.43142" lon="-73.36096"><ele>11</ele></trkpt><trkpt lat="45.43146" lon="-73.36092"><ele>11</ele></trkpt><trkpt lat="45.43150" lon="-73.36088"><ele>11</ele></trkpt><trkpt lat="45.43153" lon="-73.36084"><ele>11</ele></trkpt><trkpt lat="45.43156" lon="-73.36081"><ele>11</ele></trkpt><trkpt lat="45.43159" lon="-73.36077"><ele>12</ele></trkpt><trkpt lat="45.43163" lon="-73.36073"><ele>12</ele></trkpt><trkpt lat="45.43166" lon="-73.36069"><ele>12</ele></trkpt><trkpt lat="45.43168" lon="-73.36065"><ele>12</ele></trkpt><trkpt lat="45.43171" lon="-73.36060"><ele>12</ele></trkpt><trkpt lat="45.43176" lon="-73.36052"><ele>12</ele></trkpt><trkpt lat="45.43180" lon="-73.36044"><ele>12</ele></trkpt><trkpt lat="45.43184" lon="-73.36038"><ele>12</ele></trkpt><trkpt lat="45.43188" lon="-73.36031"><ele>12</ele></trkpt><trkpt lat="45.43196" lon="-73.36015"><ele>12</ele></trkpt><trkpt lat="45.43203" lon="-73.36003"><ele>12</ele></trkpt><trkpt lat="45.43205" lon="-73.35999"><ele>12</ele></trkpt><trkpt lat="45.43207" lon="-73.35996"><ele>12</ele></trkpt><trkpt lat="45.43211" lon="-73.35989"><ele>12</ele></trkpt><trkpt lat="45.43215" lon="-73.35982"><ele>12</ele></trkpt><trkpt lat="45.43219" lon="-73.35977"><ele>12</ele></trkpt><trkpt lat="45.43221" lon="-73.35974"><ele>12</ele></trkpt><trkpt lat="45.43226" lon="-73.35965"><ele>12</ele></trkpt><trkpt lat="45.43232" lon="-73.35956"><ele>12</ele></trkpt><trkpt lat="45.43234" lon="-73.35952"><ele>12</ele></trkpt><trkpt lat="45.43243" lon="-73.35939"><ele>12</ele></trkpt><trkpt lat="45.43244" lon="-73.35937"><ele>12</ele></trkpt><trkpt lat="45.43246" lon="-73.35934"><ele>12</ele></trkpt><trkpt lat="45.43249" lon="-73.35930"><ele>12</ele></trkpt><trkpt lat="45.43252" lon="-73.35926"><ele>12</ele></trkpt><trkpt lat="45.43254" lon="-73.35921"><ele>12</ele></trkpt><trkpt lat="45.43257" lon="-73.35917"><ele>12</ele></trkpt><trkpt lat="45.43260" lon="-73.35912"><ele>12</ele></trkpt><trkpt lat="45.43262" lon="-73.35908"><ele>12</ele></trkpt><trkpt lat="45.43265" lon="-73.35903"><ele>12</ele></trkpt><trkpt lat="45.43267" lon="-73.35898"><ele>12</ele></trkpt><trkpt lat="45.43269" lon="-73.35894"><ele>12</ele></trkpt><trkpt lat="45.43271" lon="-73.35890"><ele>12</ele></trkpt><trkpt lat="45.43273" lon="-73.35885"><ele>12</ele></trkpt><trkpt lat="45.43275" lon="-73.35881"><ele>11</ele></trkpt><trkpt lat="45.43277" lon="-73.35876"><ele>11</ele></trkpt><trkpt lat="45.43279" lon="-73.35870"><ele>11</ele></trkpt><trkpt lat="45.43281" lon="-73.35865"><ele>11</ele></trkpt><trkpt lat="45.43282" lon="-73.35859"><ele>11</ele></trkpt><trkpt lat="45.43284" lon="-73.35854"><ele>11</ele></trkpt><trkpt lat="45.43285" lon="-73.35850"><ele>11</ele></trkpt><trkpt lat="45.43286" lon="-73.35845"><ele>11</ele></trkpt><trkpt lat="45.43287" lon="-73.35841"><ele>11</ele></trkpt><trkpt lat="45.43288" lon="-73.35836"><ele>11</ele></trkpt><trkpt lat="45.43290" lon="-73.35832"><ele>11</ele></trkpt><trkpt lat="45.43290" lon="-73.35827"><ele>11</ele></trkpt><trkpt lat="45.43291" lon="-73.35823"><ele>11</ele></trkpt><trkpt lat="45.43292" lon="-73.35818"><ele>11</ele></trkpt><trkpt lat="45.43293" lon="-73.35814"><ele>11</ele></trkpt><trkpt lat="45.43294" lon="-73.35809"><ele>11</ele></trkpt><trkpt lat="45.43294" lon="-73.35804"><ele>11</ele></trkpt><trkpt lat="45.43295" lon="-73.35799"><ele>11</ele></trkpt><trkpt lat="45.43296" lon="-73.35793"><ele>11</ele></trkpt><trkpt lat="45.43297" lon="-73.35788"><ele>11</ele></trkpt><trkpt lat="45.43297" lon="-73.35785"><ele>11</ele></trkpt><trkpt lat="45.43297" lon="-73.35783"><ele>11</ele></trkpt><trkpt lat="45.43298" lon="-73.35777"><ele>11</ele></trkpt><trkpt lat="45.43299" lon="-73.35771"><ele>11</ele></trkpt><trkpt lat="45.43299" lon="-73.35765"><ele>11</ele></trkpt><trkpt lat="45.43299" lon="-73.35760"><ele>11</ele></trkpt><trkpt lat="45.43300" lon="-73.35757"><ele>11</ele></trkpt><trkpt lat="45.43300" lon="-73.35754"><ele>11</ele></trkpt><trkpt lat="45.43300" lon="-73.35750"><ele>11</ele></trkpt><trkpt lat="45.43301" lon="-73.35741"><ele>11</ele></trkpt><trkpt lat="45.43301" lon="-73.35732"><ele>11</ele></trkpt><trkpt lat="45.43302" lon="-73.35724"><ele>11</ele></trkpt><trkpt lat="45.43302" lon="-73.35719"><ele>11</ele></trkpt><trkpt lat="45.43302" lon="-73.35717"><ele>11</ele></trkpt><trkpt lat="45.43303" lon="-73.35711"><ele>11</ele></trkpt><trkpt lat="45.43304" lon="-73.35704"><ele>11</ele></trkpt><trkpt lat="45.43304" lon="-73.35698"><ele>11</ele></trkpt><trkpt lat="45.43305" lon="-73.35694"><ele>11</ele></trkpt><trkpt lat="45.43305" lon="-73.35691"><ele>11</ele></trkpt><trkpt lat="45.43306" lon="-73.35685"><ele>11</ele></trkpt><trkpt lat="45.43308" lon="-73.35680"><ele>11</ele></trkpt><trkpt lat="45.43308" lon="-73.35677"><ele>11</ele></trkpt><trkpt lat="45.43309" lon="-73.35674"><ele>11</ele></trkpt><trkpt lat="45.43311" lon="-73.35669"><ele>11</ele></trkpt><trkpt lat="45.43312" lon="-73.35664"><ele>11</ele></trkpt><trkpt lat="45.43314" lon="-73.35660"><ele>11</ele></trkpt><trkpt lat="45.43314" lon="-73.35658"><ele>11</ele></trkpt><trkpt lat="45.43315" lon="-73.35654"><ele>11</ele></trkpt><trkpt lat="45.43317" lon="-73.35649"><ele>11</ele></trkpt><trkpt lat="45.43321" lon="-73.35641"><ele>11</ele></trkpt><trkpt lat="45.43324" lon="-73.35633"><ele>11</ele></trkpt><trkpt lat="45.43328" lon="-73.35625"><ele>11</ele></trkpt><trkpt lat="45.43332" lon="-73.35616"><ele>11</ele></trkpt><trkpt lat="45.43336" lon="-73.35607"><ele>11</ele></trkpt><trkpt lat="45.43341" lon="-73.35597"><ele>11</ele></trkpt><trkpt lat="45.43344" lon="-73.35590"><ele>11</ele></trkpt><trkpt lat="45.43349" lon="-73.35582"><ele>11</ele></trkpt><trkpt lat="45.43352" lon="-73.35576"><ele>11</ele></trkpt><trkpt lat="45.43355" lon="-73.35572"><ele>11</ele></trkpt><trkpt lat="45.43357" lon="-73.35568"><ele>11</ele></trkpt><trkpt lat="45.43360" lon="-73.35564"><ele>11</ele></trkpt><trkpt lat="45.43365" lon="-73.35558"><ele>11</ele></trkpt><trkpt lat="45.43369" lon="-73.35552"><ele>11</ele></trkpt><trkpt lat="45.43373" lon="-73.35547"><ele>11</ele></trkpt><trkpt lat="45.43378" lon="-73.35542"><ele>11</ele></trkpt><trkpt lat="45.43384" lon="-73.35535"><ele>12</ele></trkpt><trkpt lat="45.43391" lon="-73.35527"><ele>12</ele></trkpt><trkpt lat="45.43398" lon="-73.35521"><ele>12</ele></trkpt><trkpt lat="45.43403" lon="-73.35515"><ele>12</ele></trkpt><trkpt lat="45.43410" lon="-73.35509"><ele>12</ele></trkpt><trkpt lat="45.43417" lon="-73.35501"><ele>12</ele></trkpt><trkpt lat="45.43420" lon="-73.35498"><ele>12</ele></trkpt><trkpt lat="45.43427" lon="-73.35490"><ele>12</ele></trkpt><trkpt lat="45.43434" lon="-73.35484"><ele>12</ele></trkpt><trkpt lat="45.43440" lon="-73.35478"><ele>12</ele></trkpt><trkpt lat="45.43446" lon="-73.35470"><ele>12</ele></trkpt><trkpt lat="45.43452" lon="-73.35465"><ele>12</ele></trkpt><trkpt lat="45.43458" lon="-73.35458"><ele>12</ele></trkpt><trkpt lat="45.43462" lon="-73.35452"><ele>12</ele></trkpt><trkpt lat="45.43467" lon="-73.35446"><ele>12</ele></trkpt><trkpt lat="45.43471" lon="-73.35441"><ele>12</ele></trkpt><trkpt lat="45.43475" lon="-73.35435"><ele>12</ele></trkpt><trkpt lat="45.43478" lon="-73.35429"><ele>12</ele></trkpt><trkpt lat="45.43483" lon="-73.35421"><ele>12</ele></trkpt><trkpt lat="45.43487" lon="-73.35411"><ele>12</ele></trkpt><trkpt lat="45.43494" lon="-73.35399"><ele>12</ele></trkpt><trkpt lat="45.43499" lon="-73.35388"><ele>12</ele></trkpt><trkpt lat="45.43504" lon="-73.35376"><ele>12</ele></trkpt><trkpt lat="45.43508" lon="-73.35364"><ele>12</ele></trkpt><trkpt lat="45.43513" lon="-73.35352"><ele>12</ele></trkpt><trkpt lat="45.43518" lon="-73.35339"><ele>12</ele></trkpt><trkpt lat="45.43523" lon="-73.35325"><ele>12</ele></trkpt><trkpt lat="45.43526" lon="-73.35314"><ele>12</ele></trkpt><trkpt lat="45.43529" lon="-73.35305"><ele>12</ele></trkpt><trkpt lat="45.43532" lon="-73.35293"><ele>12</ele></trkpt><trkpt lat="45.43535" lon="-73.35283"><ele>12</ele></trkpt><trkpt lat="45.43536" lon="-73.35276"><ele>12</ele></trkpt><trkpt lat="45.43538" lon="-73.35268"><ele>12</ele></trkpt><trkpt lat="45.43540" lon="-73.35261"><ele>12</ele></trkpt><trkpt lat="45.43541" lon="-73.35252"><ele>12</ele></trkpt><trkpt lat="45.43543" lon="-73.35243"><ele>12</ele></trkpt><trkpt lat="45.43547" lon="-73.35212"><ele>12</ele></trkpt><trkpt lat="45.43554" lon="-73.35160"><ele>12</ele></trkpt><trkpt lat="45.43557" lon="-73.35134"><ele>12</ele></trkpt><trkpt lat="45.43558" lon="-73.35126"><ele>12</ele></trkpt><trkpt lat="45.43559" lon="-73.35120"><ele>12</ele></trkpt><trkpt lat="45.43566" lon="-73.35060"><ele>12</ele></trkpt><trkpt lat="45.43568" lon="-73.35049"><ele>12</ele></trkpt><trkpt lat="45.43571" lon="-73.35022"><ele>12</ele></trkpt><trkpt lat="45.43572" lon="-73.35019"><ele>12</ele></trkpt><trkpt lat="45.43573" lon="-73.35006"><ele>12</ele></trkpt><trkpt lat="45.43575" lon="-73.34994"><ele>12</ele></trkpt><trkpt lat="45.43576" lon="-73.34985"><ele>12</ele></trkpt><trkpt lat="45.43578" lon="-73.34975"><ele>12</ele></trkpt><trkpt lat="45.43579" lon="-73.34965"><ele>12</ele></trkpt><trkpt lat="45.43581" lon="-73.34954"><ele>12</ele></trkpt><trkpt lat="45.43583" lon="-73.34946"><ele>12</ele></trkpt><trkpt lat="45.43584" lon="-73.34937"><ele>12</ele></trkpt><trkpt lat="45.43586" lon="-73.34926"><ele>12</ele></trkpt><trkpt lat="45.43589" lon="-73.34916"><ele>12</ele></trkpt><trkpt lat="45.43590" lon="-73.34913"><ele>12</ele></trkpt><trkpt lat="45.43591" lon="-73.34906"><ele>12</ele></trkpt><trkpt lat="45.43594" lon="-73.34897"><ele>12</ele></trkpt><trkpt lat="45.43596" lon="-73.34889"><ele>12</ele></trkpt><trkpt lat="45.43598" lon="-73.34882"><ele>12</ele></trkpt><trkpt lat="45.43601" lon="-73.34874"><ele>12</ele></trkpt><trkpt lat="45.43603" lon="-73.34865"><ele>12</ele></trkpt><trkpt lat="45.43606" lon="-73.34857"><ele>12</ele></trkpt><trkpt lat="45.43608" lon="-73.34852"><ele>12</ele></trkpt><trkpt lat="45.43609" lon="-73.34850"><ele>12</ele></trkpt><trkpt lat="45.43612" lon="-73.34843"><ele>12</ele></trkpt><trkpt lat="45.43615" lon="-73.34835"><ele>12</ele></trkpt><trkpt lat="45.43618" lon="-73.34827"><ele>12</ele></trkpt><trkpt lat="45.43622" lon="-73.34818"><ele>12</ele></trkpt><trkpt lat="45.43626" lon="-73.34808"><ele>12</ele></trkpt><trkpt lat="45.43631" lon="-73.34797"><ele>12</ele></trkpt><trkpt lat="45.43636" lon="-73.34785"><ele>12</ele></trkpt><trkpt lat="45.43644" lon="-73.34768"><ele>12</ele></trkpt><trkpt lat="45.43653" lon="-73.34750"><ele>12</ele></trkpt><trkpt lat="45.43653" lon="-73.34750"><ele>12</ele></trkpt><trkpt lat="45.43659" lon="-73.34737"><ele>13</ele></trkpt><trkpt lat="45.43666" lon="-73.34724"><ele>13</ele></trkpt><trkpt lat="45.43670" lon="-73.34715"><ele>13</ele></trkpt><trkpt lat="45.43681" lon="-73.34692"><ele>13</ele></trkpt><trkpt lat="45.43692" lon="-73.34672"><ele>13</ele></trkpt><trkpt lat="45.43700" lon="-73.34655"><ele>13</ele></trkpt><trkpt lat="45.43706" lon="-73.34644"><ele>13</ele></trkpt><trkpt lat="45.43713" lon="-73.34631"><ele>13</ele></trkpt><trkpt lat="45.43719" lon="-73.34620"><ele>13</ele></trkpt><trkpt lat="45.43725" lon="-73.34608"><ele>13</ele></trkpt><trkpt lat="45.43735" lon="-73.34592"><ele>13</ele></trkpt><trkpt lat="45.43736" lon="-73.34589"><ele>13</ele></trkpt><trkpt lat="45.43743" lon="-73.34577"><ele>13</ele></trkpt><trkpt lat="45.43751" lon="-73.34563"><ele>13</ele></trkpt><trkpt lat="45.43781" lon="-73.34510"><ele>13</ele></trkpt><trkpt lat="45.43802" lon="-73.34474"><ele>13</ele></trkpt><trkpt lat="45.43807" lon="-73.34465"><ele>13</ele></trkpt><trkpt lat="45.43817" lon="-73.34448"><ele>13</ele></trkpt><trkpt lat="45.43830" lon="-73.34426"><ele>13</ele></trkpt><trkpt lat="45.43847" lon="-73.34397"><ele>13</ele></trkpt><trkpt lat="45.43853" lon="-73.34386"><ele>13</ele></trkpt><trkpt lat="45.43862" lon="-73.34371"><ele>13</ele></trkpt><trkpt lat="45.43876" lon="-73.34347"><ele>13</ele></trkpt><trkpt lat="45.43894" lon="-73.34315"><ele>13</ele></trkpt><trkpt lat="45.43906" lon="-73.34292"><ele>13</ele></trkpt><trkpt lat="45.43911" lon="-73.34284"><ele>13</ele></trkpt><trkpt lat="45.43912" lon="-73.34281"><ele>13</ele></trkpt><trkpt lat="45.43918" lon="-73.34271"><ele>13</ele></trkpt><trkpt lat="45.43921" lon="-73.34264"><ele>13</ele></trkpt><trkpt lat="45.43922" lon="-73.34262"><ele>13</ele></trkpt><trkpt lat="45.43926" lon="-73.34254"><ele>13</ele></trkpt><trkpt lat="45.43927" lon="-73.34252"><ele>13</ele></trkpt><trkpt lat="45.43931" lon="-73.34243"><ele>13</ele></trkpt><trkpt lat="45.43936" lon="-73.34232"><ele>13</ele></trkpt><trkpt lat="45.43943" lon="-73.34218"><ele>13</ele></trkpt><trkpt lat="45.43948" lon="-73.34205"><ele>13</ele></trkpt><trkpt lat="45.43958" lon="-73.34184"><ele>13</ele></trkpt><trkpt lat="45.43963" lon="-73.34172"><ele>13</ele></trkpt><trkpt lat="45.43974" lon="-73.34149"><ele>13</ele></trkpt><trkpt lat="45.43984" lon="-73.34126"><ele>13</ele></trkpt><trkpt lat="45.43986" lon="-73.34121"><ele>13</ele></trkpt><trkpt lat="45.43990" lon="-73.34113"><ele>13</ele></trkpt><trkpt lat="45.43995" lon="-73.34102"><ele>13</ele></trkpt><trkpt lat="45.43996" lon="-73.34101"><ele>13</ele></trkpt><trkpt lat="45.44000" lon="-73.34092"><ele>13</ele></trkpt><trkpt lat="45.44004" lon="-73.34085"><ele>13</ele></trkpt><trkpt lat="45.44007" lon="-73.34080"><ele>13</ele></trkpt><trkpt lat="45.44010" lon="-73.34074"><ele>13</ele></trkpt><trkpt lat="45.44014" lon="-73.34069"><ele>13</ele></trkpt><trkpt lat="45.44018" lon="-73.34063"><ele>13</ele></trkpt><trkpt lat="45.44022" lon="-73.34057"><ele>13</ele></trkpt><trkpt lat="45.44026" lon="-73.34051"><ele>13</ele></trkpt><trkpt lat="45.44031" lon="-73.34046"><ele>13</ele></trkpt><trkpt lat="45.44033" lon="-73.34043"><ele>13</ele></trkpt><trkpt lat="45.44035" lon="-73.34040"><ele>13</ele></trkpt><trkpt lat="45.44040" lon="-73.34034"><ele>13</ele></trkpt><trkpt lat="45.44047" lon="-73.34027"><ele>13</ele></trkpt><trkpt lat="45.44054" lon="-73.34019"><ele>13</ele></trkpt><trkpt lat="45.44077" lon="-73.33994"><ele>13</ele></trkpt><trkpt lat="45.44097" lon="-73.33972"><ele>13</ele></trkpt><trkpt lat="45.44102" lon="-73.33966"><ele>13</ele></trkpt><trkpt lat="45.44106" lon="-73.33962"><ele>13</ele></trkpt><trkpt lat="45.44109" lon="-73.33957"><ele>13</ele></trkpt><trkpt lat="45.44113" lon="-73.33952"><ele>13</ele></trkpt><trkpt lat="45.44117" lon="-73.33945"><ele>13</ele></trkpt><trkpt lat="45.44120" lon="-73.33939"><ele>12</ele></trkpt><trkpt lat="45.44123" lon="-73.33934"><ele>12</ele></trkpt><trkpt lat="45.44126" lon="-73.33927"><ele>12</ele></trkpt><trkpt lat="45.44129" lon="-73.33921"><ele>12</ele></trkpt><trkpt lat="45.44132" lon="-73.33914"><ele>12</ele></trkpt><trkpt lat="45.44134" lon="-73.33907"><ele>12</ele></trkpt><trkpt lat="45.44136" lon="-73.33902"><ele>12</ele></trkpt><trkpt lat="45.44137" lon="-73.33895"><ele>12</ele></trkpt><trkpt lat="45.44139" lon="-73.33888"><ele>12</ele></trkpt><trkpt lat="45.44141" lon="-73.33879"><ele>12</ele></trkpt><trkpt lat="45.44143" lon="-73.33868"><ele>12</ele></trkpt><trkpt lat="45.44145" lon="-73.33851"><ele>12</ele></trkpt><trkpt lat="45.44146" lon="-73.33848"><ele>12</ele></trkpt><trkpt lat="45.44146" lon="-73.33847"><ele>12</ele></trkpt><trkpt lat="45.44148" lon="-73.33836"><ele>12</ele></trkpt><trkpt lat="45.44150" lon="-73.33825"><ele>12</ele></trkpt><trkpt lat="45.44150" lon="-73.33820"><ele>12</ele></trkpt><trkpt lat="45.44159" lon="-73.33760"><ele>12</ele></trkpt><trkpt lat="45.44159" lon="-73.33758"><ele>12</ele></trkpt><trkpt lat="45.44165" lon="-73.33721"><ele>12</ele></trkpt><trkpt lat="45.44166" lon="-73.33712"><ele>13</ele></trkpt><trkpt lat="45.44167" lon="-73.33702"><ele>13</ele></trkpt><trkpt lat="45.44179" lon="-73.33627"><ele>13</ele></trkpt><trkpt lat="45.44186" lon="-73.33585"><ele>14</ele></trkpt><trkpt lat="45.44194" lon="-73.33533"><ele>14</ele></trkpt><trkpt lat="45.44198" lon="-73.33506"><ele>14</ele></trkpt><trkpt lat="45.44261" lon="-73.33107"><ele>13</ele></trkpt><trkpt lat="45.44271" lon="-73.33049"><ele>12</ele></trkpt><trkpt lat="45.44293" lon="-73.32906"><ele>12</ele></trkpt><trkpt lat="45.44319" lon="-73.32735"><ele>12</ele></trkpt><trkpt lat="45.44331" lon="-73.32658"><ele>11</ele></trkpt><trkpt lat="45.44350" lon="-73.32536"><ele>11</ele></trkpt><trkpt lat="45.44353" lon="-73.32520"><ele>11</ele></trkpt><trkpt lat="45.44356" lon="-73.32502"><ele>11</ele></trkpt><trkpt lat="45.44358" lon="-73.32483"><ele>11</ele></trkpt><trkpt lat="45.44361" lon="-73.32468"><ele>11</ele></trkpt><trkpt lat="45.44363" lon="-73.32456"><ele>11</ele></trkpt><trkpt lat="45.44365" lon="-73.32445"><ele>11</ele></trkpt><trkpt lat="45.44367" lon="-73.32435"><ele>11</ele></trkpt><trkpt lat="45.44369" lon="-73.32423"><ele>11</ele></trkpt><trkpt lat="45.44371" lon="-73.32410"><ele>11</ele></trkpt><trkpt lat="45.44373" lon="-73.32398"><ele>11</ele></trkpt><trkpt lat="45.44375" lon="-73.32386"><ele>11</ele></trkpt><trkpt lat="45.44377" lon="-73.32375"><ele>11</ele></trkpt><trkpt lat="45.44379" lon="-73.32364"><ele>11</ele></trkpt><trkpt lat="45.44381" lon="-73.32353"><ele>11</ele></trkpt><trkpt lat="45.44383" lon="-73.32344"><ele>11</ele></trkpt><trkpt lat="45.44384" lon="-73.32334"><ele>11</ele></trkpt><trkpt lat="45.44386" lon="-73.32323"><ele>11</ele></trkpt><trkpt lat="45.44387" lon="-73.32313"><ele>11</ele></trkpt><trkpt lat="45.44389" lon="-73.32301"><ele>11</ele></trkpt><trkpt lat="45.44391" lon="-73.32287"><ele>11</ele></trkpt><trkpt lat="45.44394" lon="-73.32267"><ele>11</ele></trkpt><trkpt lat="45.44412" lon="-73.32143"><ele>11</ele></trkpt><trkpt lat="45.44419" lon="-73.32096"><ele>10</ele></trkpt><trkpt lat="45.44423" lon="-73.32069"><ele>10</ele></trkpt><trkpt lat="45.44427" lon="-73.32039"><ele>10</ele></trkpt><trkpt lat="45.44430" lon="-73.32017"><ele>10</ele></trkpt><trkpt lat="45.44433" lon="-73.31995"><ele>10</ele></trkpt><trkpt lat="45.44437" lon="-73.31969"><ele>10</ele></trkpt><trkpt lat="45.44441" lon="-73.31945"><ele>10</ele></trkpt><trkpt lat="45.44447" lon="-73.31906"><ele>10</ele></trkpt><trkpt lat="45.44465" lon="-73.31784"><ele>9</ele></trkpt><trkpt lat="45.44477" lon="-73.31705"><ele>9</ele></trkpt><trkpt lat="45.44480" lon="-73.31686"><ele>9</ele></trkpt><trkpt lat="45.44483" lon="-73.31669"><ele>9</ele></trkpt><trkpt lat="45.44485" lon="-73.31657"><ele>9</ele></trkpt><trkpt lat="45.44487" lon="-73.31648"><ele>9</ele></trkpt><trkpt lat="45.44489" lon="-73.31641"><ele>9</ele></trkpt><trkpt lat="45.44491" lon="-73.31633"><ele>9</ele></trkpt><trkpt lat="45.44493" lon="-73.31625"><ele>9</ele></trkpt><trkpt lat="45.44495" lon="-73.31619"><ele>9</ele></trkpt><trkpt lat="45.44497" lon="-73.31613"><ele>9</ele></trkpt><trkpt lat="45.44501" lon="-73.31605"><ele>9</ele></trkpt><trkpt lat="45.44504" lon="-73.31596"><ele>9</ele></trkpt><trkpt lat="45.44508" lon="-73.31587"><ele>9</ele></trkpt><trkpt lat="45.44513" lon="-73.31578"><ele>9</ele></trkpt><trkpt lat="45.44517" lon="-73.31571"><ele>9</ele></trkpt><trkpt lat="45.44520" lon="-73.31566"><ele>9</ele></trkpt><trkpt lat="45.44523" lon="-73.31561"><ele>9</ele></trkpt><trkpt lat="45.44526" lon="-73.31555"><ele>9</ele></trkpt><trkpt lat="45.44530" lon="-73.31548"><ele>9</ele></trkpt><trkpt lat="45.44535" lon="-73.31542"><ele>9</ele></trkpt><trkpt lat="45.44539" lon="-73.31536"><ele>9</ele></trkpt><trkpt lat="45.44544" lon="-73.31529"><ele>9</ele></trkpt><trkpt lat="45.44549" lon="-73.31524"><ele>9</ele></trkpt><trkpt lat="45.44553" lon="-73.31519"><ele>9</ele></trkpt><trkpt lat="45.44558" lon="-73.31514"><ele>9</ele></trkpt><trkpt lat="45.44563" lon="-73.31509"><ele>9</ele></trkpt><trkpt lat="45.44567" lon="-73.31504"><ele>9</ele></trkpt><trkpt lat="45.44572" lon="-73.31500"><ele>9</ele></trkpt><trkpt lat="45.44576" lon="-73.31497"><ele>9</ele></trkpt><trkpt lat="45.44581" lon="-73.31493"><ele>9</ele></trkpt><trkpt lat="45.44586" lon="-73.31489"><ele>9</ele></trkpt><trkpt lat="45.44591" lon="-73.31486"><ele>9</ele></trkpt><trkpt lat="45.44594" lon="-73.31484"><ele>9</ele></trkpt><trkpt lat="45.44595" lon="-73.31483"><ele>9</ele></trkpt><trkpt lat="45.44600" lon="-73.31480"><ele>9</ele></trkpt><trkpt lat="45.44604" lon="-73.31477"><ele>9</ele></trkpt><trkpt lat="45.44610" lon="-73.31475"><ele>9</ele></trkpt><trkpt lat="45.44615" lon="-73.31473"><ele>10</ele></trkpt><trkpt lat="45.44619" lon="-73.31471"><ele>10</ele></trkpt><trkpt lat="45.44623" lon="-73.31469"><ele>10</ele></trkpt><trkpt lat="45.44629" lon="-73.31467"><ele>10</ele></trkpt><trkpt lat="45.44633" lon="-73.31466"><ele>10</ele></trkpt><trkpt lat="45.44636" lon="-73.31465"><ele>10</ele></trkpt><trkpt lat="45.44641" lon="-73.31464"><ele>10</ele></trkpt><trkpt lat="45.44647" lon="-73.31462"><ele>10</ele></trkpt><trkpt lat="45.44654" lon="-73.31461"><ele>10</ele></trkpt><trkpt lat="45.44659" lon="-73.31461"><ele>10</ele></trkpt><trkpt lat="45.44664" lon="-73.31460"><ele>10</ele></trkpt><trkpt lat="45.44670" lon="-73.31460"><ele>10</ele></trkpt><trkpt lat="45.44676" lon="-73.31459"><ele>10</ele></trkpt><trkpt lat="45.44682" lon="-73.31460"><ele>10</ele></trkpt><trkpt lat="45.44688" lon="-73.31460"><ele>10</ele></trkpt><trkpt lat="45.44694" lon="-73.31461"><ele>10</ele></trkpt><trkpt lat="45.44701" lon="-73.31461"><ele>10</ele></trkpt><trkpt lat="45.44709" lon="-73.31462"><ele>10</ele></trkpt><trkpt lat="45.44718" lon="-73.31464"><ele>10</ele></trkpt><trkpt lat="45.44720" lon="-73.31464"><ele>10</ele></trkpt><trkpt lat="45.44736" lon="-73.31467"><ele>10</ele></trkpt><trkpt lat="45.44751" lon="-73.31470"><ele>10</ele></trkpt><trkpt lat="45.44767" lon="-73.31473"><ele>10</ele></trkpt><trkpt lat="45.44770" lon="-73.31473"><ele>10</ele></trkpt><trkpt lat="45.44781" lon="-73.31475"><ele>10</ele></trkpt><trkpt lat="45.44788" lon="-73.31476"><ele>10</ele></trkpt><trkpt lat="45.44794" lon="-73.31477"><ele>10</ele></trkpt><trkpt lat="45.44799" lon="-73.31477"><ele>10</ele></trkpt><trkpt lat="45.44804" lon="-73.31477"><ele>10</ele></trkpt><trkpt lat="45.44810" lon="-73.31477"><ele>10</ele></trkpt><trkpt lat="45.44814" lon="-73.31477"><ele>10</ele></trkpt><trkpt lat="45.44820" lon="-73.31476"><ele>10</ele></trkpt><trkpt lat="45.44826" lon="-73.31475"><ele>10</ele></trkpt><trkpt lat="45.44832" lon="-73.31474"><ele>10</ele></trkpt><trkpt lat="45.44835" lon="-73.31473"><ele>10</ele></trkpt><trkpt lat="45.44837" lon="-73.31473"><ele>10</ele></trkpt><trkpt lat="45.44843" lon="-73.31471"><ele>10</ele></trkpt><trkpt lat="45.44849" lon="-73.31469"><ele>10</ele></trkpt><trkpt lat="45.44854" lon="-73.31467"><ele>10</ele></trkpt><trkpt lat="45.44856" lon="-73.31467"><ele>10</ele></trkpt><trkpt lat="45.44858" lon="-73.31466"><ele>10</ele></trkpt><trkpt lat="45.44863" lon="-73.31463"><ele>10</ele></trkpt><trkpt lat="45.44866" lon="-73.31462"><ele>10</ele></trkpt><trkpt lat="45.44868" lon="-73.31461"><ele>10</ele></trkpt><trkpt lat="45.44873" lon="-73.31458"><ele>10</ele></trkpt><trkpt lat="45.44877" lon="-73.31455"><ele>10</ele></trkpt><trkpt lat="45.44881" lon="-73.31452"><ele>10</ele></trkpt><trkpt lat="45.44885" lon="-73.31449"><ele>10</ele></trkpt><trkpt lat="45.44889" lon="-73.31446"><ele>10</ele></trkpt><trkpt lat="45.44891" lon="-73.31444"><ele>10</ele></trkpt><trkpt lat="45.44894" lon="-73.31442"><ele>10</ele></trkpt><trkpt lat="45.44898" lon="-73.31438"><ele>10</ele></trkpt><trkpt lat="45.44903" lon="-73.31432"><ele>10</ele></trkpt><trkpt lat="45.44906" lon="-73.31429"><ele>10</ele></trkpt><trkpt lat="45.44909" lon="-73.31426"><ele>10</ele></trkpt><trkpt lat="45.44912" lon="-73.31422"><ele>10</ele></trkpt><trkpt lat="45.44915" lon="-73.31418"><ele>10</ele></trkpt><trkpt lat="45.44920" lon="-73.31413"><ele>10</ele></trkpt><trkpt lat="45.44922" lon="-73.31411"><ele>10</ele></trkpt><trkpt lat="45.44924" lon="-73.31408"><ele>10</ele></trkpt><trkpt lat="45.44931" lon="-73.31400"><ele>10</ele></trkpt><trkpt lat="45.44932" lon="-73.31398"><ele>10</ele></trkpt><trkpt lat="45.44937" lon="-73.31392"><ele>10</ele></trkpt><trkpt lat="45.44941" lon="-73.31387"><ele>10</ele></trkpt><trkpt lat="45.44946" lon="-73.31381"><ele>10</ele></trkpt><trkpt lat="45.44952" lon="-73.31374"><ele>10</ele></trkpt><trkpt lat="45.44963" lon="-73.31359"><ele>9</ele></trkpt><trkpt lat="45.44974" lon="-73.31345"><ele>9</ele></trkpt><trkpt lat="45.44979" lon="-73.31338"><ele>9</ele></trkpt><trkpt lat="45.44986" lon="-73.31328"><ele>9</ele></trkpt><trkpt lat="45.44990" lon="-73.31322"><ele>9</ele></trkpt><trkpt lat="45.44996" lon="-73.31314"><ele>9</ele></trkpt><trkpt lat="45.45001" lon="-73.31306"><ele>9</ele></trkpt><trkpt lat="45.45005" lon="-73.31300"><ele>9</ele></trkpt><trkpt lat="45.45009" lon="-73.31292"><ele>9</ele></trkpt><trkpt lat="45.45012" lon="-73.31287"><ele>9</ele></trkpt><trkpt lat="45.45015" lon="-73.31281"><ele>9</ele></trkpt><trkpt lat="45.45017" lon="-73.31277"><ele>9</ele></trkpt><trkpt lat="45.45019" lon="-73.31273"><ele>9</ele></trkpt><trkpt lat="45.45026" lon="-73.31258"><ele>9</ele></trkpt><trkpt lat="45.45030" lon="-73.31250"><ele>9</ele></trkpt><trkpt lat="45.45032" lon="-73.31245"><ele>9</ele></trkpt><trkpt lat="45.45037" lon="-73.31237"><ele>9</ele></trkpt><trkpt lat="45.45041" lon="-73.31228"><ele>9</ele></trkpt><trkpt lat="45.45045" lon="-73.31223"><ele>9</ele></trkpt><trkpt lat="45.45047" lon="-73.31219"><ele>9</ele></trkpt><trkpt lat="45.45051" lon="-73.31212"><ele>9</ele></trkpt><trkpt lat="45.45056" lon="-73.31204"><ele>9</ele></trkpt><trkpt lat="45.45060" lon="-73.31199"><ele>9</ele></trkpt><trkpt lat="45.45062" lon="-73.31196"><ele>9</ele></trkpt><trkpt lat="45.45066" lon="-73.31190"><ele>9</ele></trkpt><trkpt lat="45.45072" lon="-73.31183"><ele>9</ele></trkpt><trkpt lat="45.45075" lon="-73.31180"><ele>9</ele></trkpt><trkpt lat="45.45078" lon="-73.31176"><ele>9</ele></trkpt><trkpt lat="45.45085" lon="-73.31169"><ele>9</ele></trkpt><trkpt lat="45.45087" lon="-73.31166"><ele>9</ele></trkpt><trkpt lat="45.45090" lon="-73.31163"><ele>9</ele></trkpt><trkpt lat="45.45097" lon="-73.31157"><ele>9</ele></trkpt><trkpt lat="45.45102" lon="-73.31152"><ele>9</ele></trkpt><trkpt lat="45.45108" lon="-73.31146"><ele>9</ele></trkpt><trkpt lat="45.45112" lon="-73.31143"><ele>9</ele></trkpt><trkpt lat="45.45115" lon="-73.31141"><ele>9</ele></trkpt><trkpt lat="45.45119" lon="-73.31137"><ele>9</ele></trkpt><trkpt lat="45.45131" lon="-73.31128"><ele>9</ele></trkpt><trkpt lat="45.45139" lon="-73.31123"><ele>9</ele></trkpt><trkpt lat="45.45148" lon="-73.31117"><ele>9</ele></trkpt><trkpt lat="45.45174" lon="-73.31102"><ele>8</ele></trkpt><trkpt lat="45.45184" lon="-73.31096"><ele>8</ele></trkpt><trkpt lat="45.45196" lon="-73.31089"><ele>8</ele></trkpt><trkpt lat="45.45201" lon="-73.31086"><ele>8</ele></trkpt><trkpt lat="45.45207" lon="-73.31082"><ele>8</ele></trkpt><trkpt lat="45.45212" lon="-73.31079"><ele>8</ele></trkpt><trkpt lat="45.45218" lon="-73.31076"><ele>8</ele></trkpt><trkpt lat="45.45240" lon="-73.31064"><ele>8</ele></trkpt><trkpt lat="45.45253" lon="-73.31057"><ele>8</ele></trkpt><trkpt lat="45.45254" lon="-73.31056"><ele>8</ele></trkpt><trkpt lat="45.45257" lon="-73.31055"><ele>8</ele></trkpt><trkpt lat="45.45261" lon="-73.31053"><ele>8</ele></trkpt><trkpt lat="45.45269" lon="-73.31049"><ele>8</ele></trkpt><trkpt lat="45.45270" lon="-73.31049"><ele>8</ele></trkpt><trkpt lat="45.45290" lon="-73.31040"><ele>8</ele></trkpt><trkpt lat="45.45298" lon="-73.31037"><ele>8</ele></trkpt><trkpt lat="45.45323" lon="-73.31027"><ele>8</ele></trkpt><trkpt lat="45.45331" lon="-73.31023"><ele>8</ele></trkpt><trkpt lat="45.45335" lon="-73.31022"><ele>8</ele></trkpt><trkpt lat="45.45399" lon="-73.30994"><ele>8</ele></trkpt><trkpt lat="45.45406" lon="-73.30991"><ele>8</ele></trkpt><trkpt lat="45.45424" lon="-73.30984"><ele>8</ele></trkpt><trkpt lat="45.45426" lon="-73.30984"><ele>8</ele></trkpt><trkpt lat="45.45441" lon="-73.30977"><ele>9</ele></trkpt><trkpt lat="45.45442" lon="-73.30976"><ele>9</ele></trkpt><trkpt lat="45.45443" lon="-73.30976"><ele>9</ele></trkpt><trkpt lat="45.45450" lon="-73.30973"><ele>9</ele></trkpt><trkpt lat="45.45455" lon="-73.30970"><ele>9</ele></trkpt><trkpt lat="45.45457" lon="-73.30969"><ele>9</ele></trkpt><trkpt lat="45.45459" lon="-73.30967"><ele>9</ele></trkpt><trkpt lat="45.45463" lon="-73.30965"><ele>9</ele></trkpt><trkpt lat="45.45468" lon="-73.30961"><ele>9</ele></trkpt><trkpt lat="45.45471" lon="-73.30958"><ele>9</ele></trkpt><trkpt lat="45.45475" lon="-73.30954"><ele>9</ele></trkpt><trkpt lat="45.45477" lon="-73.30952"><ele>9</ele></trkpt><trkpt lat="45.45488" lon="-73.30940"><ele>9</ele></trkpt><trkpt lat="45.45493" lon="-73.30935"><ele>9</ele></trkpt><trkpt lat="45.45507" lon="-73.30919"><ele>9</ele></trkpt><trkpt lat="45.45508" lon="-73.30918"><ele>9</ele></trkpt><trkpt lat="45.45511" lon="-73.30914"><ele>9</ele></trkpt><trkpt lat="45.45516" lon="-73.30909"><ele>9</ele></trkpt><trkpt lat="45.45548" lon="-73.30871"><ele>9</ele></trkpt><trkpt lat="45.45554" lon="-73.30864"><ele>9</ele></trkpt><trkpt lat="45.45560" lon="-73.30856"><ele>9</ele></trkpt><trkpt lat="45.45567" lon="-73.30847"><ele>9</ele></trkpt><trkpt lat="45.45571" lon="-73.30842"><ele>9</ele></trkpt><trkpt lat="45.45574" lon="-73.30837"><ele>8</ele></trkpt><trkpt lat="45.45577" lon="-73.30833"><ele>8</ele></trkpt><trkpt lat="45.45608" lon="-73.30784"><ele>8</ele></trkpt><trkpt lat="45.45611" lon="-73.30779"><ele>8</ele></trkpt><trkpt lat="45.45615" lon="-73.30775"><ele>8</ele></trkpt><trkpt lat="45.45618" lon="-73.30771"><ele>8</ele></trkpt><trkpt lat="45.45621" lon="-73.30768"><ele>8</ele></trkpt><trkpt lat="45.45625" lon="-73.30766"><ele>8</ele></trkpt><trkpt lat="45.45627" lon="-73.30764"><ele>8</ele></trkpt><trkpt lat="45.45631" lon="-73.30761"><ele>8</ele></trkpt><trkpt lat="45.45634" lon="-73.30760"><ele>8</ele></trkpt><trkpt lat="45.45638" lon="-73.30759"><ele>8</ele></trkpt><trkpt lat="45.45641" lon="-73.30758"><ele>8</ele></trkpt><trkpt lat="45.45647" lon="-73.30757"><ele>8</ele></trkpt><trkpt lat="45.45654" lon="-73.30756"><ele>8</ele></trkpt><trkpt lat="45.45662" lon="-73.30755"><ele>8</ele></trkpt><trkpt lat="45.45669" lon="-73.30754"><ele>8</ele></trkpt><trkpt lat="45.45677" lon="-73.30753"><ele>8</ele></trkpt><trkpt lat="45.45696" lon="-73.30751"><ele>8</ele></trkpt><trkpt lat="45.45700" lon="-73.30751"><ele>8</ele></trkpt><trkpt lat="45.45714" lon="-73.30749"><ele>9</ele></trkpt><trkpt lat="45.45735" lon="-73.30747"><ele>9</ele></trkpt><trkpt lat="45.45752" lon="-73.30745"><ele>9</ele></trkpt><trkpt lat="45.45754" lon="-73.30744"><ele>9</ele></trkpt><trkpt lat="45.45762" lon="-73.30743"><ele>9</ele></trkpt><trkpt lat="45.45771" lon="-73.30740"><ele>10</ele></trkpt><trkpt lat="45.45776" lon="-73.30739"><ele>10</ele></trkpt><trkpt lat="45.45779" lon="-73.30738"><ele>10</ele></trkpt><trkpt lat="45.45786" lon="-73.30736"><ele>10</ele></trkpt><trkpt lat="45.45797" lon="-73.30733"><ele>10</ele></trkpt><trkpt lat="45.45799" lon="-73.30732"><ele>10</ele></trkpt><trkpt lat="45.45808" lon="-73.30729"><ele>10</ele></trkpt><trkpt lat="45.45827" lon="-73.30723"><ele>10</ele></trkpt><trkpt lat="45.45833" lon="-73.30721"><ele>10</ele></trkpt><trkpt lat="45.45843" lon="-73.30717"><ele>10</ele></trkpt><trkpt lat="45.45847" lon="-73.30716"><ele>10</ele></trkpt><trkpt lat="45.45855" lon="-73.30713"><ele>10</ele></trkpt><trkpt lat="45.45865" lon="-73.30710"><ele>10</ele></trkpt><trkpt lat="45.45868" lon="-73.30708"><ele>10</ele></trkpt><trkpt lat="45.45872" lon="-73.30707"><ele>10</ele></trkpt><trkpt lat="45.45884" lon="-73.30702"><ele>9</ele></trkpt><trkpt lat="45.45895" lon="-73.30698"><ele>9</ele></trkpt><trkpt lat="45.45902" lon="-73.30696"><ele>9</ele></trkpt><trkpt lat="45.45914" lon="-73.30691"><ele>9</ele></trkpt><trkpt lat="45.45920" lon="-73.30689"><ele>9</ele></trkpt><trkpt lat="45.45925" lon="-73.30687"><ele>9</ele></trkpt><trkpt lat="45.45927" lon="-73.30685"><ele>9</ele></trkpt><trkpt lat="45.45934" lon="-73.30683"><ele>9</ele></trkpt><trkpt lat="45.45932" lon="-73.30675"><ele>8</ele></trkpt><trkpt lat="45.45930" lon="-73.30669"><ele>8</ele></trkpt><trkpt lat="45.45928" lon="-73.30659"><ele>8</ele></trkpt><trkpt lat="45.45918" lon="-73.30620"><ele>8</ele></trkpt><trkpt lat="45.45915" lon="-73.30611"><ele>8</ele></trkpt><trkpt lat="45.45913" lon="-73.30602"><ele>8</ele></trkpt><trkpt lat="45.45910" lon="-73.30594"><ele>8</ele></trkpt><trkpt lat="45.45907" lon="-73.30585"><ele>8</ele></trkpt><trkpt lat="45.45905" lon="-73.30577"><ele>8</ele></trkpt><trkpt lat="45.45903" lon="-73.30570"><ele>8</ele></trkpt><trkpt lat="45.45900" lon="-73.30562"><ele>8</ele></trkpt><trkpt lat="45.45897" lon="-73.30554"><ele>9</ele></trkpt><trkpt lat="45.45894" lon="-73.30545"><ele>9</ele></trkpt><trkpt lat="45.45891" lon="-73.30537"><ele>9</ele></trkpt><trkpt lat="45.45888" lon="-73.30530"><ele>9</ele></trkpt><trkpt lat="45.45886" lon="-73.30524"><ele>9</ele></trkpt><trkpt lat="45.45883" lon="-73.30517"><ele>10</ele></trkpt><trkpt lat="45.45880" lon="-73.30510"><ele>10</ele></trkpt><trkpt lat="45.45876" lon="-73.30501"><ele>10</ele></trkpt><trkpt lat="45.45872" lon="-73.30491"><ele>10</ele></trkpt><trkpt lat="45.45867" lon="-73.30480"><ele>10</ele></trkpt><trkpt lat="45.45862" lon="-73.30469"><ele>11</ele></trkpt><trkpt lat="45.45856" lon="-73.30458"><ele>11</ele></trkpt><trkpt lat="45.45852" lon="-73.30451"><ele>11</ele></trkpt><trkpt lat="45.45850" lon="-73.30445"><ele>11</ele></trkpt><trkpt lat="45.45847" lon="-73.30439"><ele>12</ele></trkpt><trkpt lat="45.45844" lon="-73.30434"><ele>12</ele></trkpt><trkpt lat="45.45838" lon="-73.30426"><ele>12</ele></trkpt><trkpt lat="45.45834" lon="-73.30421"><ele>12</ele></trkpt><trkpt lat="45.45826" lon="-73.30409"><ele>13</ele></trkpt><trkpt lat="45.45818" lon="-73.30397"><ele>13</ele></trkpt><trkpt lat="45.45807" lon="-73.30383"><ele>13</ele></trkpt><trkpt lat="45.45799" lon="-73.30373"><ele>13</ele></trkpt><trkpt lat="45.45798" lon="-73.30371"><ele>13</ele></trkpt><trkpt lat="45.45794" lon="-73.30367"><ele>13</ele></trkpt><trkpt lat="45.45782" lon="-73.30354"><ele>13</ele></trkpt><trkpt lat="45.45770" lon="-73.30343"><ele>12</ele></trkpt><trkpt lat="45.45762" lon="-73.30335"><ele>12</ele></trkpt><trkpt lat="45.45752" lon="-73.30327"><ele>12</ele></trkpt><trkpt lat="45.45747" lon="-73.30323"><ele>12</ele></trkpt><trkpt lat="45.45739" lon="-73.30316"><ele>11</ele></trkpt><trkpt lat="45.45730" lon="-73.30310"><ele>11</ele></trkpt><trkpt lat="45.45723" lon="-73.30306"><ele>11</ele></trkpt><trkpt lat="45.45718" lon="-73.30302"><ele>11</ele></trkpt><trkpt lat="45.45718" lon="-73.30302"><ele>11</ele></trkpt><trkpt lat="45.45717" lon="-73.30301"><ele>10</ele></trkpt><trkpt lat="45.45709" lon="-73.30296"><ele>10</ele></trkpt><trkpt lat="45.45703" lon="-73.30293"><ele>10</ele></trkpt><trkpt lat="45.45698" lon="-73.30290"><ele>10</ele></trkpt><trkpt lat="45.45692" lon="-73.30287"><ele>10</ele></trkpt><trkpt lat="45.45688" lon="-73.30285"><ele>10</ele></trkpt><trkpt lat="45.45682" lon="-73.30282"><ele>10</ele></trkpt><trkpt lat="45.45676" lon="-73.30280"><ele>9</ele></trkpt><trkpt lat="45.45670" lon="-73.30278"><ele>9</ele></trkpt><trkpt lat="45.45664" lon="-73.30275"><ele>9</ele></trkpt><trkpt lat="45.45656" lon="-73.30273"><ele>9</ele></trkpt><trkpt lat="45.45650" lon="-73.30270"><ele>9</ele></trkpt><trkpt lat="45.45649" lon="-73.30270"><ele>9</ele></trkpt><trkpt lat="45.45641" lon="-73.30267"><ele>9</ele></trkpt><trkpt lat="45.45634" lon="-73.30266"><ele>9</ele></trkpt><trkpt lat="45.45627" lon="-73.30263"><ele>9</ele></trkpt><trkpt lat="45.45620" lon="-73.30262"><ele>9</ele></trkpt><trkpt lat="45.45604" lon="-73.30256"><ele>9</ele></trkpt><trkpt lat="45.45566" lon="-73.30245"><ele>9</ele></trkpt><trkpt lat="45.45536" lon="-73.30235"><ele>10</ele></trkpt><trkpt lat="45.45477" lon="-73.30217"><ele>10</ele></trkpt><trkpt lat="45.45465" lon="-73.30213"><ele>11</ele></trkpt><trkpt lat="45.45443" lon="-73.30206"><ele>11</ele></trkpt><trkpt lat="45.45411" lon="-73.30196"><ele>11</ele></trkpt><trkpt lat="45.45381" lon="-73.30187"><ele>11</ele></trkpt><trkpt lat="45.45361" lon="-73.30180"><ele>11</ele></trkpt><trkpt lat="45.45340" lon="-73.30174"><ele>11</ele></trkpt><trkpt lat="45.45316" lon="-73.30166"><ele>11</ele></trkpt><trkpt lat="45.45299" lon="-73.30161"><ele>11</ele></trkpt><trkpt lat="45.45280" lon="-73.30155"><ele>11</ele></trkpt><trkpt lat="45.45262" lon="-73.30148"><ele>11</ele></trkpt><trkpt lat="45.45254" lon="-73.30145"><ele>11</ele></trkpt><trkpt lat="45.45247" lon="-73.30142"><ele>11</ele></trkpt><trkpt lat="45.45243" lon="-73.30139"><ele>11</ele></trkpt><trkpt lat="45.45238" lon="-73.30137"><ele>11</ele></trkpt><trkpt lat="45.45229" lon="-73.30131"><ele>11</ele></trkpt><trkpt lat="45.45223" lon="-73.30127"><ele>11</ele></trkpt><trkpt lat="45.45217" lon="-73.30123"><ele>11</ele></trkpt><trkpt lat="45.45212" lon="-73.30120"><ele>11</ele></trkpt><trkpt lat="45.45208" lon="-73.30117"><ele>11</ele></trkpt><trkpt lat="45.45203" lon="-73.30114"><ele>11</ele></trkpt><trkpt lat="45.45198" lon="-73.30110"><ele>11</ele></trkpt><trkpt lat="45.45193" lon="-73.30106"><ele>11</ele></trkpt><trkpt lat="45.45189" lon="-73.30103"><ele>11</ele></trkpt><trkpt lat="45.45187" lon="-73.30101"><ele>11</ele></trkpt><trkpt lat="45.45183" lon="-73.30098"><ele>11</ele></trkpt><trkpt lat="45.45180" lon="-73.30095"><ele>11</ele></trkpt><trkpt lat="45.45177" lon="-73.30093"><ele>11</ele></trkpt><trkpt lat="45.45175" lon="-73.30091"><ele>11</ele></trkpt><trkpt lat="45.45172" lon="-73.30089"><ele>11</ele></trkpt><trkpt lat="45.45170" lon="-73.30087"><ele>11</ele></trkpt><trkpt lat="45.45166" lon="-73.30084"><ele>11</ele></trkpt><trkpt lat="45.45162" lon="-73.30080"><ele>11</ele></trkpt><trkpt lat="45.45157" lon="-73.30075"><ele>11</ele></trkpt><trkpt lat="45.45152" lon="-73.30069"><ele>11</ele></trkpt><trkpt lat="45.45146" lon="-73.30063"><ele>11</ele></trkpt><trkpt lat="45.45140" lon="-73.30057"><ele>11</ele></trkpt><trkpt lat="45.45135" lon="-73.30050"><ele>11</ele></trkpt><trkpt lat="45.45129" lon="-73.30044"><ele>11</ele></trkpt><trkpt lat="45.45125" lon="-73.30039"><ele>11</ele></trkpt><trkpt lat="45.45121" lon="-73.30033"><ele>11</ele></trkpt><trkpt lat="45.45116" lon="-73.30028"><ele>11</ele></trkpt><trkpt lat="45.45112" lon="-73.30022"><ele>11</ele></trkpt><trkpt lat="45.45108" lon="-73.30016"><ele>11</ele></trkpt><trkpt lat="45.45103" lon="-73.30009"><ele>11</ele></trkpt><trkpt lat="45.45100" lon="-73.30003"><ele>11</ele></trkpt><trkpt lat="45.45096" lon="-73.29998"><ele>11</ele></trkpt><trkpt lat="45.45093" lon="-73.29993"><ele>11</ele></trkpt><trkpt lat="45.45090" lon="-73.29987"><ele>11</ele></trkpt><trkpt lat="45.45086" lon="-73.29981"><ele>11</ele></trkpt><trkpt lat="45.45083" lon="-73.29976"><ele>11</ele></trkpt><trkpt lat="45.45079" lon="-73.29968"><ele>11</ele></trkpt><trkpt lat="45.45075" lon="-73.29960"><ele>11</ele></trkpt><trkpt lat="45.45071" lon="-73.29952"><ele>11</ele></trkpt><trkpt lat="45.45066" lon="-73.29943"><ele>11</ele></trkpt><trkpt lat="45.45062" lon="-73.29934"><ele>11</ele></trkpt><trkpt lat="45.45058" lon="-73.29925"><ele>11</ele></trkpt><trkpt lat="45.45054" lon="-73.29915"><ele>11</ele></trkpt><trkpt lat="45.45038" lon="-73.29876"><ele>11</ele></trkpt><trkpt lat="45.45006" lon="-73.29798"><ele>11</ele></trkpt><trkpt lat="45.44977" lon="-73.29730"><ele>11</ele></trkpt><trkpt lat="45.44955" lon="-73.29674"><ele>11</ele></trkpt><trkpt lat="45.44926" lon="-73.29605"><ele>11</ele></trkpt><trkpt lat="45.44901" lon="-73.29544"><ele>10</ele></trkpt><trkpt lat="45.44879" lon="-73.29492"><ele>10</ele></trkpt><trkpt lat="45.44871" lon="-73.29471"><ele>10</ele></trkpt><trkpt lat="45.44864" lon="-73.29455"><ele>10</ele></trkpt><trkpt lat="45.44852" lon="-73.29426"><ele>10</ele></trkpt><trkpt lat="45.44842" lon="-73.29400"><ele>10</ele></trkpt><trkpt lat="45.44840" lon="-73.29397"><ele>10</ele></trkpt><trkpt lat="45.44835" lon="-73.29385"><ele>10</ele></trkpt><trkpt lat="45.44830" lon="-73.29373"><ele>10</ele></trkpt><trkpt lat="45.44632" lon="-73.28892"><ele>11</ele></trkpt><trkpt lat="45.44621" lon="-73.28867"><ele>12</ele></trkpt><trkpt lat="45.44603" lon="-73.28823"><ele>12</ele></trkpt><trkpt lat="45.44579" lon="-73.28766"><ele>12</ele></trkpt><trkpt lat="45.44577" lon="-73.28760"><ele>12</ele></trkpt><trkpt lat="45.44573" lon="-73.28752"><ele>12</ele></trkpt><trkpt lat="45.44570" lon="-73.28743"><ele>12</ele></trkpt><trkpt lat="45.44566" lon="-73.28735"><ele>12</ele></trkpt><trkpt lat="45.44546" lon="-73.28686"><ele>12</ele></trkpt><trkpt lat="45.44540" lon="-73.28671"><ele>12</ele></trkpt><trkpt lat="45.44535" lon="-73.28660"><ele>12</ele></trkpt><trkpt lat="45.44532" lon="-73.28652"><ele>12</ele></trkpt><trkpt lat="45.44529" lon="-73.28643"><ele>12</ele></trkpt><trkpt lat="45.44525" lon="-73.28633"><ele>12</ele></trkpt><trkpt lat="45.44522" lon="-73.28623"><ele>12</ele></trkpt><trkpt lat="45.44517" lon="-73.28610"><ele>12</ele></trkpt><trkpt lat="45.44513" lon="-73.28595"><ele>12</ele></trkpt><trkpt lat="45.44508" lon="-73.28581"><ele>12</ele></trkpt><trkpt lat="45.44505" lon="-73.28570"><ele>12</ele></trkpt><trkpt lat="45.44501" lon="-73.28557"><ele>12</ele></trkpt><trkpt lat="45.44497" lon="-73.28542"><ele>12</ele></trkpt><trkpt lat="45.44493" lon="-73.28526"><ele>12</ele></trkpt><trkpt lat="45.44491" lon="-73.28519"><ele>12</ele></trkpt><trkpt lat="45.44488" lon="-73.28510"><ele>12</ele></trkpt><trkpt lat="45.44486" lon="-73.28498"><ele>12</ele></trkpt><trkpt lat="45.44483" lon="-73.28487"><ele>12</ele></trkpt><trkpt lat="45.44480" lon="-73.28474"><ele>12</ele></trkpt><trkpt lat="45.44477" lon="-73.28461"><ele>12</ele></trkpt><trkpt lat="45.44477" lon="-73.28459"><ele>12</ele></trkpt><trkpt lat="45.44474" lon="-73.28447"><ele>12</ele></trkpt><trkpt lat="45.44361" lon="-73.27918"><ele>12</ele></trkpt><trkpt lat="45.44353" lon="-73.27881"><ele>12</ele></trkpt><trkpt lat="45.44343" lon="-73.27836"><ele>12</ele></trkpt><trkpt lat="45.44328" lon="-73.27766"><ele>12</ele></trkpt><trkpt lat="45.44325" lon="-73.27752"><ele>12</ele></trkpt><trkpt lat="45.44322" lon="-73.27737"><ele>12</ele></trkpt><trkpt lat="45.44301" lon="-73.27645"><ele>12</ele></trkpt><trkpt lat="45.44292" lon="-73.27604"><ele>13</ele></trkpt><trkpt lat="45.44282" lon="-73.27556"><ele>13</ele></trkpt><trkpt lat="45.44270" lon="-73.27501"><ele>13</ele></trkpt><trkpt lat="45.44259" lon="-73.27446"><ele>14</ele></trkpt><trkpt lat="45.44250" lon="-73.27404"><ele>14</ele></trkpt><trkpt lat="45.44245" lon="-73.27380"><ele>15</ele></trkpt><trkpt lat="45.44236" lon="-73.27339"><ele>15</ele></trkpt><trkpt lat="45.44225" lon="-73.27290"><ele>16</ele></trkpt><trkpt lat="45.44215" lon="-73.27241"><ele>16</ele></trkpt><trkpt lat="45.44210" lon="-73.27217"><ele>17</ele></trkpt><trkpt lat="45.44205" lon="-73.27199"><ele>17</ele></trkpt><trkpt lat="45.44201" lon="-73.27179"><ele>17</ele></trkpt><trkpt lat="45.44199" lon="-73.27175"><ele>17</ele></trkpt><trkpt lat="45.44195" lon="-73.27161"><ele>18</ele></trkpt><trkpt lat="45.44191" lon="-73.27148"><ele>18</ele></trkpt><trkpt lat="45.44186" lon="-73.27128"><ele>18</ele></trkpt><trkpt lat="45.44181" lon="-73.27113"><ele>18</ele></trkpt><trkpt lat="45.44175" lon="-73.27098"><ele>18</ele></trkpt><trkpt lat="45.44170" lon="-73.27083"><ele>19</ele></trkpt><trkpt lat="45.44163" lon="-73.27065"><ele>19</ele></trkpt><trkpt lat="45.44156" lon="-73.27046"><ele>19</ele></trkpt><trkpt lat="45.44151" lon="-73.27034"><ele>19</ele></trkpt><trkpt lat="45.44145" lon="-73.27019"><ele>19</ele></trkpt><trkpt lat="45.44139" lon="-73.27007"><ele>20</ele></trkpt><trkpt lat="45.44128" lon="-73.26984"><ele>20</ele></trkpt><trkpt lat="45.44122" lon="-73.26971"><ele>20</ele></trkpt><trkpt lat="45.44114" lon="-73.26956"><ele>20</ele></trkpt><trkpt lat="45.44104" lon="-73.26936"><ele>20</ele></trkpt><trkpt lat="45.44077" lon="-73.26885"><ele>21</ele></trkpt><trkpt lat="45.44054" lon="-73.26842"><ele>21</ele></trkpt><trkpt lat="45.44029" lon="-73.26794"><ele>21</ele></trkpt><trkpt lat="45.44026" lon="-73.26787"><ele>22</ele></trkpt><trkpt lat="45.44022" lon="-73.26780"><ele>22</ele></trkpt><trkpt lat="45.44019" lon="-73.26773"><ele>22</ele></trkpt><trkpt lat="45.44013" lon="-73.26760"><ele>22</ele></trkpt><trkpt lat="45.44008" lon="-73.26748"><ele>22</ele></trkpt><trkpt lat="45.44004" lon="-73.26737"><ele>22</ele></trkpt><trkpt lat="45.43999" lon="-73.26725"><ele>22</ele></trkpt><trkpt lat="45.43995" lon="-73.26711"><ele>22</ele></trkpt><trkpt lat="45.43991" lon="-73.26701"><ele>22</ele></trkpt><trkpt lat="45.43988" lon="-73.26689"><ele>22</ele></trkpt><trkpt lat="45.43986" lon="-73.26683"><ele>22</ele></trkpt><trkpt lat="45.43984" lon="-73.26677"><ele>22</ele></trkpt><trkpt lat="45.43981" lon="-73.26665"><ele>22</ele></trkpt><trkpt lat="45.43979" lon="-73.26654"><ele>22</ele></trkpt><trkpt lat="45.43976" lon="-73.26641"><ele>23</ele></trkpt><trkpt lat="45.43973" lon="-73.26626"><ele>23</ele></trkpt><trkpt lat="45.43970" lon="-73.26612"><ele>23</ele></trkpt><trkpt lat="45.43968" lon="-73.26598"><ele>23</ele></trkpt><trkpt lat="45.43967" lon="-73.26585"><ele>23</ele></trkpt><trkpt lat="45.43965" lon="-73.26570"><ele>23</ele></trkpt><trkpt lat="45.43964" lon="-73.26556"><ele>23</ele></trkpt><trkpt lat="45.43963" lon="-73.26543"><ele>23</ele></trkpt><trkpt lat="45.43962" lon="-73.26530"><ele>23</ele></trkpt><trkpt lat="45.43961" lon="-73.26516"><ele>23</ele></trkpt><trkpt lat="45.43961" lon="-73.26502"><ele>23</ele></trkpt><trkpt lat="45.43961" lon="-73.26489"><ele>23</ele></trkpt><trkpt lat="45.43961" lon="-73.26477"><ele>23</ele></trkpt><trkpt lat="45.43962" lon="-73.26464"><ele>23</ele></trkpt><trkpt lat="45.43962" lon="-73.26451"><ele>23</ele></trkpt><trkpt lat="45.43963" lon="-73.26438"><ele>23</ele></trkpt><trkpt lat="45.43965" lon="-73.26424"><ele>23</ele></trkpt><trkpt lat="45.43966" lon="-73.26411"><ele>23</ele></trkpt><trkpt lat="45.43968" lon="-73.26399"><ele>23</ele></trkpt><trkpt lat="45.43970" lon="-73.26384"><ele>24</ele></trkpt><trkpt lat="45.43972" lon="-73.26369"><ele>24</ele></trkpt><trkpt lat="45.43976" lon="-73.26354"><ele>24</ele></trkpt><trkpt lat="45.43978" lon="-73.26340"><ele>24</ele></trkpt><trkpt lat="45.43981" lon="-73.26328"><ele>24</ele></trkpt><trkpt lat="45.43992" lon="-73.26282"><ele>24</ele></trkpt><trkpt lat="45.44021" lon="-73.26155"><ele>25</ele></trkpt><trkpt lat="45.44033" lon="-73.26108"><ele>25</ele></trkpt><trkpt lat="45.44041" lon="-73.26074"><ele>25</ele></trkpt><trkpt lat="45.44050" lon="-73.26039"><ele>25</ele></trkpt><trkpt lat="45.44057" lon="-73.26011"><ele>24</ele></trkpt><trkpt lat="45.44064" lon="-73.25985"><ele>24</ele></trkpt><trkpt lat="45.44070" lon="-73.25965"><ele>24</ele></trkpt><trkpt lat="45.44076" lon="-73.25946"><ele>24</ele></trkpt><trkpt lat="45.44083" lon="-73.25925"><ele>23</ele></trkpt><trkpt lat="45.44096" lon="-73.25889"><ele>23</ele></trkpt><trkpt lat="45.44097" lon="-73.25886"><ele>23</ele></trkpt><trkpt lat="45.44105" lon="-73.25878"><ele>21</ele></trkpt><trkpt lat="45.44109" lon="-73.25869"><ele>20</ele></trkpt><trkpt lat="45.44109" lon="-73.25866"><ele>18</ele></trkpt><trkpt lat="45.44115" lon="-73.25850"><ele>16</ele></trkpt><trkpt lat="45.44123" lon="-73.25828"><ele>13</ele></trkpt><trkpt lat="45.44180" lon="-73.25670"><ele>13</ele></trkpt><trkpt lat="45.44216" lon="-73.25573"><ele>14</ele></trkpt><trkpt lat="45.44227" lon="-73.25540"><ele>16</ele></trkpt><trkpt lat="45.44235" lon="-73.25518"><ele>17</ele></trkpt><trkpt lat="45.44240" lon="-73.25504"><ele>18</ele></trkpt><trkpt lat="45.44246" lon="-73.25486"><ele>19</ele></trkpt><trkpt lat="45.44248" lon="-73.25483"><ele>20</ele></trkpt><trkpt lat="45.44251" lon="-73.25474"><ele>20</ele></trkpt><trkpt lat="45.44251" lon="-73.25459"><ele>21</ele></trkpt><trkpt lat="45.44251" lon="-73.25456"><ele>21</ele></trkpt><trkpt lat="45.44253" lon="-73.25450"><ele>22</ele></trkpt><trkpt lat="45.44255" lon="-73.25443"><ele>22</ele></trkpt><trkpt lat="45.44258" lon="-73.25435"><ele>22</ele></trkpt><trkpt lat="45.44260" lon="-73.25428"><ele>22</ele></trkpt><trkpt lat="45.44266" lon="-73.25410"><ele>23</ele></trkpt><trkpt lat="45.44268" lon="-73.25406"><ele>23</ele></trkpt><trkpt lat="45.44275" lon="-73.25386"><ele>23</ele></trkpt><trkpt lat="45.44278" lon="-73.25379"><ele>24</ele></trkpt><trkpt lat="45.44287" lon="-73.25356"><ele>24</ele></trkpt><trkpt lat="45.44289" lon="-73.25350"><ele>24</ele></trkpt><trkpt lat="45.44291" lon="-73.25343"><ele>25</ele></trkpt><trkpt lat="45.44294" lon="-73.25335"><ele>25</ele></trkpt><trkpt lat="45.44303" lon="-73.25309"><ele>25</ele></trkpt><trkpt lat="45.44308" lon="-73.25294"><ele>25</ele></trkpt><trkpt lat="45.44309" lon="-73.25291"><ele>26</ele></trkpt><trkpt lat="45.44318" lon="-73.25266"><ele>26</ele></trkpt><trkpt lat="45.44320" lon="-73.25260"><ele>26</ele></trkpt><trkpt lat="45.44324" lon="-73.25248"><ele>26</ele></trkpt><trkpt lat="45.44334" lon="-73.25217"><ele>26</ele></trkpt><trkpt lat="45.44335" lon="-73.25212"><ele>26</ele></trkpt><trkpt lat="45.44338" lon="-73.25204"><ele>26</ele></trkpt><trkpt lat="45.44340" lon="-73.25198"><ele>26</ele></trkpt><trkpt lat="45.44343" lon="-73.25192"><ele>27</ele></trkpt><trkpt lat="45.44346" lon="-73.25180"><ele>27</ele></trkpt><trkpt lat="45.44350" lon="-73.25167"><ele>27</ele></trkpt><trkpt lat="45.44354" lon="-73.25155"><ele>27</ele></trkpt><trkpt lat="45.44356" lon="-73.25146"><ele>27</ele></trkpt><trkpt lat="45.44359" lon="-73.25134"><ele>27</ele></trkpt><trkpt lat="45.44362" lon="-73.25125"><ele>27</ele></trkpt><trkpt lat="45.44365" lon="-73.25112"><ele>27</ele></trkpt><trkpt lat="45.44367" lon="-73.25099"><ele>27</ele></trkpt><trkpt lat="45.44370" lon="-73.25085"><ele>27</ele></trkpt><trkpt lat="45.44372" lon="-73.25076"><ele>27</ele></trkpt><trkpt lat="45.44374" lon="-73.25068"><ele>28</ele></trkpt><trkpt lat="45.44376" lon="-73.25056"><ele>28</ele></trkpt><trkpt lat="45.44376" lon="-73.25051"><ele>28</ele></trkpt><trkpt lat="45.44378" lon="-73.25043"><ele>28</ele></trkpt><trkpt lat="45.44380" lon="-73.25024"><ele>28</ele></trkpt><trkpt lat="45.44382" lon="-73.25006"><ele>28</ele></trkpt><trkpt lat="45.44384" lon="-73.24986"><ele>28</ele></trkpt><trkpt lat="45.44385" lon="-73.24978"><ele>28</ele></trkpt><trkpt lat="45.44386" lon="-73.24969"><ele>28</ele></trkpt><trkpt lat="45.44386" lon="-73.24955"><ele>28</ele></trkpt><trkpt lat="45.44387" lon="-73.24950"><ele>28</ele></trkpt><trkpt lat="45.44387" lon="-73.24943"><ele>28</ele></trkpt><trkpt lat="45.44387" lon="-73.24933"><ele>28</ele></trkpt><trkpt lat="45.44387" lon="-73.24928"><ele>28</ele></trkpt><trkpt lat="45.44387" lon="-73.24896"><ele>28</ele></trkpt><trkpt lat="45.44387" lon="-73.24887"><ele>28</ele></trkpt><trkpt lat="45.44386" lon="-73.24875"><ele>28</ele></trkpt><trkpt lat="45.44386" lon="-73.24864"><ele>28</ele></trkpt><trkpt lat="45.44385" lon="-73.24850"><ele>28</ele></trkpt><trkpt lat="45.44384" lon="-73.24837"><ele>28</ele></trkpt><trkpt lat="45.44382" lon="-73.24821"><ele>28</ele></trkpt><trkpt lat="45.44380" lon="-73.24807"><ele>28</ele></trkpt><trkpt lat="45.44380" lon="-73.24801"><ele>28</ele></trkpt><trkpt lat="45.44379" lon="-73.24792"><ele>28</ele></trkpt><trkpt lat="45.44377" lon="-73.24782"><ele>28</ele></trkpt><trkpt lat="45.44375" lon="-73.24769"><ele>28</ele></trkpt><trkpt lat="45.44374" lon="-73.24761"><ele>28</ele></trkpt><trkpt lat="45.44373" lon="-73.24751"><ele>28</ele></trkpt><trkpt lat="45.44371" lon="-73.24741"><ele>28</ele></trkpt><trkpt lat="45.44368" lon="-73.24730"><ele>28</ele></trkpt><trkpt lat="45.44365" lon="-73.24717"><ele>28</ele></trkpt><trkpt lat="45.44364" lon="-73.24712"><ele>28</ele></trkpt><trkpt lat="45.44361" lon="-73.24703"><ele>28</ele></trkpt><trkpt lat="45.44358" lon="-73.24691"><ele>28</ele></trkpt><trkpt lat="45.44356" lon="-73.24683"><ele>28</ele></trkpt><trkpt lat="45.44355" lon="-73.24681"><ele>28</ele></trkpt><trkpt lat="45.44352" lon="-73.24669"><ele>28</ele></trkpt><trkpt lat="45.44350" lon="-73.24662"><ele>28</ele></trkpt><trkpt lat="45.44345" lon="-73.24645"><ele>28</ele></trkpt><trkpt lat="45.44342" lon="-73.24636"><ele>28</ele></trkpt><trkpt lat="45.44340" lon="-73.24629"><ele>28</ele></trkpt><trkpt lat="45.44335" lon="-73.24617"><ele>28</ele></trkpt><trkpt lat="45.44331" lon="-73.24604"><ele>28</ele></trkpt><trkpt lat="45.44327" lon="-73.24592"><ele>28</ele></trkpt><trkpt lat="45.44308" lon="-73.24533"><ele>28</ele></trkpt><trkpt lat="45.44300" lon="-73.24507"><ele>28</ele></trkpt><trkpt lat="45.44292" lon="-73.24483"><ele>28</ele></trkpt><trkpt lat="45.44286" lon="-73.24464"><ele>27</ele></trkpt><trkpt lat="45.44280" lon="-73.24448"><ele>27</ele></trkpt><trkpt lat="45.44272" lon="-73.24423"><ele>27</ele></trkpt><trkpt lat="45.44263" lon="-73.24398"><ele>27</ele></trkpt><trkpt lat="45.44248" lon="-73.24354"><ele>26</ele></trkpt><trkpt lat="45.44233" lon="-73.24307"><ele>26</ele></trkpt><trkpt lat="45.44217" lon="-73.24259"><ele>26</ele></trkpt><trkpt lat="45.44195" lon="-73.24190"><ele>27</ele></trkpt><trkpt lat="45.44183" lon="-73.24152"><ele>27</ele></trkpt><trkpt lat="45.44149" lon="-73.24048"><ele>28</ele></trkpt><trkpt lat="45.44119" lon="-73.23954"><ele>28</ele></trkpt><trkpt lat="45.44076" lon="-73.23820"><ele>29</ele></trkpt><trkpt lat="45.44021" lon="-73.23648"><ele>29</ele></trkpt><trkpt lat="45.43963" lon="-73.23470"><ele>29</ele></trkpt><trkpt lat="45.43948" lon="-73.23421"><ele>29</ele></trkpt><trkpt lat="45.43937" lon="-73.23389"><ele>29</ele></trkpt><trkpt lat="45.43930" lon="-73.23364"><ele>29</ele></trkpt><trkpt lat="45.43926" lon="-73.23351"><ele>29</ele></trkpt><trkpt lat="45.43922" lon="-73.23337"><ele>30</ele></trkpt><trkpt lat="45.43917" lon="-73.23323"><ele>30</ele></trkpt><trkpt lat="45.43914" lon="-73.23310"><ele>30</ele></trkpt><trkpt lat="45.43910" lon="-73.23297"><ele>30</ele></trkpt><trkpt lat="45.43907" lon="-73.23284"><ele>30</ele></trkpt><trkpt lat="45.43904" lon="-73.23271"><ele>30</ele></trkpt><trkpt lat="45.43901" lon="-73.23258"><ele>30</ele></trkpt><trkpt lat="45.43898" lon="-73.23244"><ele>30</ele></trkpt><trkpt lat="45.43895" lon="-73.23232"><ele>30</ele></trkpt><trkpt lat="45.43892" lon="-73.23219"><ele>30</ele></trkpt><trkpt lat="45.43890" lon="-73.23207"><ele>30</ele></trkpt><trkpt lat="45.43888" lon="-73.23196"><ele>30</ele></trkpt><trkpt lat="45.43885" lon="-73.23184"><ele>30</ele></trkpt><trkpt lat="45.43883" lon="-73.23171"><ele>30</ele></trkpt><trkpt lat="45.43881" lon="-73.23159"><ele>30</ele></trkpt><trkpt lat="45.43879" lon="-73.23147"><ele>30</ele></trkpt><trkpt lat="45.43877" lon="-73.23136"><ele>30</ele></trkpt><trkpt lat="45.43876" lon="-73.23125"><ele>30</ele></trkpt><trkpt lat="45.43874" lon="-73.23113"><ele>31</ele></trkpt><trkpt lat="45.43872" lon="-73.23101"><ele>31</ele></trkpt><trkpt lat="45.43871" lon="-73.23090"><ele>31</ele></trkpt><trkpt lat="45.43870" lon="-73.23079"><ele>31</ele></trkpt><trkpt lat="45.43869" lon="-73.23069"><ele>31</ele></trkpt><trkpt lat="45.43868" lon="-73.23058"><ele>31</ele></trkpt><trkpt lat="45.43867" lon="-73.23049"><ele>31</ele></trkpt><trkpt lat="45.43866" lon="-73.23041"><ele>31</ele></trkpt><trkpt lat="45.43865" lon="-73.23031"><ele>31</ele></trkpt><trkpt lat="45.43864" lon="-73.23021"><ele>31</ele></trkpt><trkpt lat="45.43864" lon="-73.23011"><ele>31</ele></trkpt><trkpt lat="45.43863" lon="-73.23001"><ele>31</ele></trkpt><trkpt lat="45.43863" lon="-73.22995"><ele>31</ele></trkpt><trkpt lat="45.43862" lon="-73.22988"><ele>31</ele></trkpt><trkpt lat="45.43862" lon="-73.22978"><ele>31</ele></trkpt><trkpt lat="45.43861" lon="-73.22961"><ele>31</ele></trkpt><trkpt lat="45.43861" lon="-73.22940"><ele>31</ele></trkpt><trkpt lat="45.43861" lon="-73.22923"><ele>31</ele></trkpt><trkpt lat="45.43861" lon="-73.22906"><ele>31</ele></trkpt><trkpt lat="45.43861" lon="-73.22880"><ele>31</ele></trkpt><trkpt lat="45.43861" lon="-73.22865"><ele>31</ele></trkpt><trkpt lat="45.43861" lon="-73.22851"><ele>31</ele></trkpt><trkpt lat="45.43861" lon="-73.22834"><ele>31</ele></trkpt><trkpt lat="45.43862" lon="-73.22821"><ele>31</ele></trkpt><trkpt lat="45.43863" lon="-73.22809"><ele>31</ele></trkpt><trkpt lat="45.43863" lon="-73.22794"><ele>31</ele></trkpt><trkpt lat="45.43864" lon="-73.22783"><ele>31</ele></trkpt><trkpt lat="45.43865" lon="-73.22770"><ele>31</ele></trkpt><trkpt lat="45.43866" lon="-73.22756"><ele>31</ele></trkpt><trkpt lat="45.43868" lon="-73.22740"><ele>31</ele></trkpt><trkpt lat="45.43870" lon="-73.22723"><ele>31</ele></trkpt><trkpt lat="45.43872" lon="-73.22708"><ele>31</ele></trkpt><trkpt lat="45.43883" lon="-73.22629"><ele>31</ele></trkpt><trkpt lat="45.43884" lon="-73.22619"><ele>31</ele></trkpt><trkpt lat="45.43887" lon="-73.22594"><ele>31</ele></trkpt><trkpt lat="45.43900" lon="-73.22500"><ele>30</ele></trkpt><trkpt lat="45.43902" lon="-73.22486"><ele>30</ele></trkpt><trkpt lat="45.43916" lon="-73.22384"><ele>30</ele></trkpt><trkpt lat="45.43936" lon="-73.22389"><ele>30</ele></trkpt><trkpt lat="45.43955" lon="-73.22394"><ele>30</ele></trkpt><trkpt lat="45.43956" lon="-73.22394"><ele>30</ele></trkpt><trkpt lat="45.44080" lon="-73.22421"><ele>30</ele></trkpt><trkpt lat="45.44099" lon="-73.22425"><ele>30</ele></trkpt><trkpt lat="45.44165" lon="-73.22439"><ele>31</ele></trkpt><trkpt lat="45.44206" lon="-73.22447"><ele>31</ele></trkpt><trkpt lat="45.44229" lon="-73.22452"><ele>31</ele></trkpt><trkpt lat="45.44261" lon="-73.22458"><ele>31</ele></trkpt><trkpt lat="45.44361" lon="-73.22478"><ele>31</ele></trkpt><trkpt lat="45.44392" lon="-73.22483"><ele>31</ele></trkpt><trkpt lat="45.44441" lon="-73.22493"><ele>31</ele></trkpt><trkpt lat="45.44494" lon="-73.22503"><ele>31</ele></trkpt><trkpt lat="45.44522" lon="-73.22509"><ele>31</ele></trkpt><trkpt lat="45.44565" lon="-73.22517"><ele>31</ele></trkpt><trkpt lat="45.44575" lon="-73.22519"><ele>31</ele></trkpt><trkpt lat="45.44582" lon="-73.22519"><ele>31</ele></trkpt><trkpt lat="45.44587" lon="-73.22519"><ele>31</ele></trkpt><trkpt lat="45.44589" lon="-73.22519"><ele>31</ele></trkpt><trkpt lat="45.44593" lon="-73.22519"><ele>31</ele></trkpt><trkpt lat="45.44600" lon="-73.22519"><ele>31</ele></trkpt><trkpt lat="45.44606" lon="-73.22517"><ele>31</ele></trkpt><trkpt lat="45.44613" lon="-73.22516"><ele>31</ele></trkpt><trkpt lat="45.44619" lon="-73.22513"><ele>31</ele></trkpt><trkpt lat="45.44626" lon="-73.22511"><ele>31</ele></trkpt><trkpt lat="45.44633" lon="-73.22507"><ele>31</ele></trkpt><trkpt lat="45.44641" lon="-73.22503"><ele>31</ele></trkpt><trkpt lat="45.44695" lon="-73.22473"><ele>31</ele></trkpt><trkpt lat="45.44727" lon="-73.22455"><ele>31</ele></trkpt><trkpt lat="45.44789" lon="-73.22420"><ele>32</ele></trkpt><trkpt lat="45.44834" lon="-73.22395"><ele>32</ele></trkpt><trkpt lat="45.44863" lon="-73.22379"><ele>32</ele></trkpt><trkpt lat="45.44864" lon="-73.22379"><ele>32</ele></trkpt><trkpt lat="45.44872" lon="-73.22374"><ele>32</ele></trkpt><trkpt lat="45.44988" lon="-73.22309"><ele>32</ele></trkpt><trkpt lat="45.45005" lon="-73.22299"><ele>32</ele></trkpt><trkpt lat="45.45045" lon="-73.22277"><ele>32</ele></trkpt><trkpt lat="45.45190" lon="-73.22196"><ele>32</ele></trkpt><trkpt lat="45.45258" lon="-73.22158"><ele>31</ele></trkpt><trkpt lat="45.45299" lon="-73.22134"><ele>30</ele></trkpt><trkpt lat="45.45340" lon="-73.22111"><ele>30</ele></trkpt><trkpt lat="45.45381" lon="-73.22088"><ele>29</ele></trkpt><trkpt lat="45.45429" lon="-73.22061"><ele>29</ele></trkpt><trkpt lat="45.45490" lon="-73.22026"><ele>30</ele></trkpt><trkpt lat="45.45519" lon="-73.22010"><ele>30</ele></trkpt><trkpt lat="45.45588" lon="-73.21971"><ele>30</ele></trkpt><trkpt lat="45.45670" lon="-73.21926"><ele>31</ele></trkpt><trkpt lat="45.45747" lon="-73.21883"><ele>31</ele></trkpt><trkpt lat="45.45812" lon="-73.21848"><ele>31</ele></trkpt><trkpt lat="45.45866" lon="-73.21818"><ele>31</ele></trkpt><trkpt lat="45.45920" lon="-73.21787"><ele>31</ele></trkpt><trkpt lat="45.45999" lon="-73.21742"><ele>31</ele></trkpt><trkpt lat="45.46010" lon="-73.21736"><ele>31</ele></trkpt><trkpt lat="45.46031" lon="-73.21725"><ele>31</ele></trkpt><trkpt lat="45.46088" lon="-73.21691"><ele>31</ele></trkpt><trkpt lat="45.46146" lon="-73.21649"><ele>31</ele></trkpt><trkpt lat="45.46195" lon="-73.21606"><ele>31</ele></trkpt><trkpt lat="45.46366" lon="-73.21445"><ele>31</ele></trkpt><trkpt lat="45.46622" lon="-73.21214"><ele>31</ele></trkpt><trkpt lat="45.46931" lon="-73.20936"><ele>31</ele></trkpt><trkpt lat="45.47341" lon="-73.20536"><ele>30</ele></trkpt><trkpt lat="45.47385" lon="-73.20494"><ele>29</ele></trkpt><trkpt lat="45.47442" lon="-73.20451"><ele>29</ele></trkpt><trkpt lat="45.47666" lon="-73.20296"><ele>28</ele></trkpt><trkpt lat="45.47831" lon="-73.20171"><ele>28</ele></trkpt><trkpt lat="45.48054" lon="-73.19986"><ele>28</ele></trkpt><trkpt lat="45.48324" lon="-73.19735"><ele>27</ele></trkpt><trkpt lat="45.48357" lon="-73.19716"><ele>25</ele></trkpt><trkpt lat="45.48373" lon="-73.19710"><ele>25</ele></trkpt><trkpt lat="45.48390" lon="-73.19708"><ele>24</ele></trkpt><trkpt lat="45.48424" lon="-73.19712"><ele>24</ele></trkpt><trkpt lat="45.48440" lon="-73.19719"><ele>24</ele></trkpt><trkpt lat="45.48471" lon="-73.19744"><ele>23</ele></trkpt><trkpt lat="45.48672" lon="-73.20004"><ele>23</ele></trkpt><trkpt lat="45.48799" lon="-73.19794"><ele>23</ele></trkpt><trkpt lat="45.48799" lon="-73.19794"><ele>23</ele></trkpt><trkpt lat="45.48817" lon="-73.19766"><ele>23</ele></trkpt><trkpt lat="45.48839" lon="-73.19742"><ele>23</ele></trkpt><trkpt lat="45.48943" lon="-73.19667"><ele>23</ele></trkpt><trkpt lat="45.48964" lon="-73.19646"><ele>23</ele></trkpt><trkpt lat="45.48982" lon="-73.19618"><ele>23</ele></trkpt><trkpt lat="45.48994" lon="-73.19573"><ele>23</ele></trkpt><trkpt lat="45.49012" lon="-73.19448"><ele>23</ele></trkpt><trkpt lat="45.49021" lon="-73.19413"><ele>23</ele></trkpt><trkpt lat="45.49052" lon="-73.19299"><ele>23</ele></trkpt><trkpt lat="45.49060" lon="-73.19260"><ele>23</ele></trkpt><trkpt lat="45.49065" lon="-73.19208"><ele>23</ele></trkpt><trkpt lat="45.49065" lon="-73.19131"><ele>23</ele></trkpt><trkpt lat="45.49067" lon="-73.19003"><ele>23</ele></trkpt><trkpt lat="45.49065" lon="-73.18950"><ele>23</ele></trkpt><trkpt lat="45.49061" lon="-73.18908"><ele>23</ele></trkpt><trkpt lat="45.49026" lon="-73.18680"><ele>23</ele></trkpt><trkpt lat="45.49021" lon="-73.18635"><ele>23</ele></trkpt><trkpt lat="45.49019" lon="-73.18603"><ele>23</ele></trkpt><trkpt lat="45.49059" lon="-73.18586"><ele>23</ele></trkpt><trkpt lat="45.49091" lon="-73.18569"><ele>23</ele></trkpt><trkpt lat="45.49144" lon="-73.18541"><ele>23</ele></trkpt><trkpt lat="45.49161" lon="-73.18529"><ele>23</ele></trkpt><trkpt lat="45.49167" lon="-73.18521"><ele>23</ele></trkpt><trkpt lat="45.49171" lon="-73.18510"><ele>23</ele></trkpt><trkpt lat="45.49177" lon="-73.18482"><ele>23</ele></trkpt><trkpt lat="45.49189" lon="-73.18261"><ele>23</ele></trkpt><trkpt lat="45.49193" lon="-73.18196"><ele>24</ele></trkpt><trkpt lat="45.49195" lon="-73.18170"><ele>24</ele></trkpt><trkpt lat="45.49202" lon="-73.18116"><ele>24</ele></trkpt><trkpt lat="45.49219" lon="-73.18057"><ele>24</ele></trkpt><trkpt lat="45.49288" lon="-73.17898"><ele>25</ele></trkpt><trkpt lat="45.49303" lon="-73.17851"><ele>26</ele></trkpt><trkpt lat="45.49316" lon="-73.17782"><ele>26</ele></trkpt><trkpt lat="45.49386" lon="-73.17323"><ele>26</ele></trkpt><trkpt lat="45.49388" lon="-73.17313"><ele>27</ele></trkpt><trkpt lat="45.49391" lon="-73.17297"><ele>27</ele></trkpt><trkpt lat="45.49406" lon="-73.17239"><ele>27</ele></trkpt><trkpt lat="45.49420" lon="-73.17189"><ele>27</ele></trkpt><trkpt lat="45.49453" lon="-73.17087"><ele>26</ele></trkpt><trkpt lat="45.49491" lon="-73.16998"><ele>26</ele></trkpt><trkpt lat="45.49517" lon="-73.16939"><ele>25</ele></trkpt><trkpt lat="45.49535" lon="-73.16882"><ele>25</ele></trkpt><trkpt lat="45.49551" lon="-73.16807"><ele>25</ele></trkpt><trkpt lat="45.49565" lon="-73.16735"><ele>25</ele></trkpt><trkpt lat="45.49579" lon="-73.16675"><ele>25</ele></trkpt><trkpt lat="45.49595" lon="-73.16611"><ele>25</ele></trkpt><trkpt lat="45.49636" lon="-73.16477"><ele>25</ele></trkpt><trkpt lat="45.49723" lon="-73.16229"><ele>25</ele></trkpt><trkpt lat="45.49781" lon="-73.16068"><ele>25</ele></trkpt><trkpt lat="45.49834" lon="-73.15953"><ele>26</ele></trkpt><trkpt lat="45.49848" lon="-73.15921"><ele>26</ele></trkpt><trkpt lat="45.49888" lon="-73.15826"><ele>26</ele></trkpt><trkpt lat="45.49908" lon="-73.15785"><ele>26</ele></trkpt><trkpt lat="45.49983" lon="-73.15645"><ele>26</ele></trkpt><trkpt lat="45.50104" lon="-73.15447"><ele>25</ele></trkpt><trkpt lat="45.50202" lon="-73.15320"><ele>25</ele></trkpt><trkpt lat="45.50536" lon="-73.14901"><ele>26</ele></trkpt><trkpt lat="45.50645" lon="-73.14785"><ele>26</ele></trkpt><trkpt lat="45.50844" lon="-73.14590"><ele>26</ele></trkpt><trkpt lat="45.50874" lon="-73.14566"><ele>26</ele></trkpt><trkpt lat="45.51015" lon="-73.14450"><ele>26</ele></trkpt><trkpt lat="45.51123" lon="-73.14344"><ele>26</ele></trkpt><trkpt lat="45.51150" lon="-73.14317"><ele>25</ele></trkpt><trkpt lat="45.51356" lon="-73.14116"><ele>26</ele></trkpt><trkpt lat="45.51494" lon="-73.13989"><ele>26</ele></trkpt><trkpt lat="45.51501" lon="-73.13983"><ele>26</ele></trkpt><trkpt lat="45.51538" lon="-73.13949"><ele>26</ele></trkpt><trkpt lat="45.51538" lon="-73.13949"><ele>26</ele></trkpt><trkpt lat="45.51632" lon="-73.13861"><ele>27</ele></trkpt><trkpt lat="45.51660" lon="-73.13834"><ele>27</ele></trkpt><trkpt lat="45.51668" lon="-73.13825"><ele>27</ele></trkpt><trkpt lat="45.51683" lon="-73.13809"><ele>27</ele></trkpt><trkpt lat="45.51706" lon="-73.13784"><ele>27</ele></trkpt><trkpt lat="45.51737" lon="-73.13749"><ele>27</ele></trkpt><trkpt lat="45.51744" lon="-73.13741"><ele>28</ele></trkpt><trkpt lat="45.51749" lon="-73.13748"><ele>28</ele></trkpt><trkpt lat="45.51767" lon="-73.13776"><ele>28</ele></trkpt><trkpt lat="45.51827" lon="-73.13855"><ele>28</ele></trkpt><trkpt lat="45.52229" lon="-73.14432"><ele>30</ele></trkpt><trkpt lat="45.52298" lon="-73.14531"><ele>31</ele></trkpt><trkpt lat="45.52311" lon="-73.14550"><ele>32</ele></trkpt><trkpt lat="45.52440" lon="-73.14734"><ele>33</ele></trkpt><trkpt lat="45.52506" lon="-73.14829"><ele>35</ele></trkpt><trkpt lat="45.52596" lon="-73.14960"><ele>38</ele></trkpt><trkpt lat="45.52605" lon="-73.14971"><ele>40</ele></trkpt><trkpt lat="45.52634" lon="-73.15008"><ele>41</ele></trkpt><trkpt lat="45.52642" lon="-73.15002"><ele>42</ele></trkpt><trkpt lat="45.52651" lon="-73.14997"><ele>43</ele></trkpt><trkpt lat="45.52675" lon="-73.14988"><ele>44</ele></trkpt><trkpt lat="45.52717" lon="-73.14973"><ele>45</ele></trkpt><trkpt lat="45.52721" lon="-73.14972"><ele>45</ele></trkpt><trkpt lat="45.52725" lon="-73.14971"><ele>46</ele></trkpt><trkpt lat="45.52729" lon="-73.14971"><ele>46</ele></trkpt><trkpt lat="45.52733" lon="-73.14971"><ele>46</ele></trkpt><trkpt lat="45.52737" lon="-73.14972"><ele>47</ele></trkpt><trkpt lat="45.52740" lon="-73.14973"><ele>47</ele></trkpt><trkpt lat="45.52744" lon="-73.14975"><ele>47</ele></trkpt><trkpt lat="45.52747" lon="-73.14977"><ele>47</ele></trkpt><trkpt lat="45.52751" lon="-73.14979"><ele>47</ele></trkpt><trkpt lat="45.52754" lon="-73.14982"><ele>47</ele></trkpt><trkpt lat="45.52757" lon="-73.14986"><ele>47</ele></trkpt><trkpt lat="45.52760" lon="-73.14989"><ele>47</ele></trkpt><trkpt lat="45.52762" lon="-73.14993"><ele>48</ele></trkpt><trkpt lat="45.52782" lon="-73.15022"><ele>48</ele></trkpt><trkpt lat="45.52814" lon="-73.15068"><ele>50</ele></trkpt><trkpt lat="45.52843" lon="-73.15109"><ele>51</ele></trkpt><trkpt lat="45.52903" lon="-73.15197"><ele>54</ele></trkpt><trkpt lat="45.53015" lon="-73.15361"><ele>59</ele></trkpt><trkpt lat="45.53045" lon="-73.15404"><ele>63</ele></trkpt><trkpt lat="45.53090" lon="-73.15469"><ele>67</ele></trkpt><trkpt lat="45.53104" lon="-73.15490"><ele>70</ele></trkpt><trkpt lat="45.53135" lon="-73.15538"><ele>73</ele></trkpt><trkpt lat="45.53195" lon="-73.15627"><ele>77</ele></trkpt><trkpt lat="45.53274" lon="-73.15743"><ele>82</ele></trkpt><trkpt lat="45.53406" lon="-73.15933"><ele>89</ele></trkpt><trkpt lat="45.53413" lon="-73.15943"><ele>94</ele></trkpt><trkpt lat="45.53407" lon="-73.15959"><ele>97</ele></trkpt><trkpt lat="45.53399" lon="-73.15981"><ele>99</ele></trkpt><trkpt lat="45.53386" lon="-73.16016"><ele>100</ele></trkpt><trkpt lat="45.53376" lon="-73.16044"><ele>100</ele></trkpt><trkpt lat="45.53370" lon="-73.16062"><ele>101</ele></trkpt><trkpt lat="45.53367" lon="-73.16071"><ele>101</ele></trkpt><trkpt lat="45.53364" lon="-73.16080"><ele>101</ele></trkpt><trkpt lat="45.53363" lon="-73.16089"><ele>101</ele></trkpt><trkpt lat="45.53361" lon="-73.16098"><ele>101</ele></trkpt><trkpt lat="45.53361" lon="-73.16107"><ele>101</ele></trkpt><trkpt lat="45.53360" lon="-73.16115"><ele>101</ele></trkpt><trkpt lat="45.53360" lon="-73.16125"><ele>101</ele></trkpt><trkpt lat="45.53361" lon="-73.16137"><ele>100</ele></trkpt><trkpt lat="45.53363" lon="-73.16150"><ele>100</ele></trkpt><trkpt lat="45.53366" lon="-73.16163"><ele>100</ele></trkpt><trkpt lat="45.53369" lon="-73.16175"><ele>100</ele></trkpt><trkpt lat="45.53377" lon="-73.16203"><ele>100</ele></trkpt><trkpt lat="45.53384" lon="-73.16228"><ele>100</ele></trkpt><trkpt lat="45.53391" lon="-73.16254"><ele>99</ele></trkpt><trkpt lat="45.53399" lon="-73.16279"><ele>99</ele></trkpt><trkpt lat="45.53402" lon="-73.16291"><ele>99</ele></trkpt><trkpt lat="45.53406" lon="-73.16303"><ele>99</ele></trkpt><trkpt lat="45.53408" lon="-73.16313"><ele>99</ele></trkpt><trkpt lat="45.53411" lon="-73.16324"><ele>99</ele></trkpt><trkpt lat="45.53413" lon="-73.16335"><ele>99</ele></trkpt><trkpt lat="45.53416" lon="-73.16348"><ele>99</ele></trkpt><trkpt lat="45.53418" lon="-73.16362"><ele>99</ele></trkpt><trkpt lat="45.53422" lon="-73.16381"><ele>99</ele></trkpt><trkpt lat="45.53427" lon="-73.16411"><ele>99</ele></trkpt><trkpt lat="45.53430" lon="-73.16429"><ele>99</ele></trkpt><trkpt lat="45.53432" lon="-73.16443"><ele>99</ele></trkpt><trkpt lat="45.53433" lon="-73.16459"><ele>98</ele></trkpt><trkpt lat="45.53434" lon="-73.16470"><ele>98</ele></trkpt><trkpt lat="45.53435" lon="-73.16483"><ele>98</ele></trkpt><trkpt lat="45.53437" lon="-73.16494"><ele>98</ele></trkpt><trkpt lat="45.53438" lon="-73.16507"><ele>98</ele></trkpt><trkpt lat="45.53441" lon="-73.16519"><ele>98</ele></trkpt><trkpt lat="45.53444" lon="-73.16534"><ele>98</ele></trkpt><trkpt lat="45.53446" lon="-73.16544"><ele>98</ele></trkpt><trkpt lat="45.53450" lon="-73.16560"><ele>98</ele></trkpt><trkpt lat="45.53454" lon="-73.16578"><ele>98</ele></trkpt><trkpt lat="45.53457" lon="-73.16594"><ele>97</ele></trkpt><trkpt lat="45.53460" lon="-73.16607"><ele>97</ele></trkpt><trkpt lat="45.53465" lon="-73.16629"><ele>97</ele></trkpt><trkpt lat="45.53468" lon="-73.16648"><ele>97</ele></trkpt><trkpt lat="45.53472" lon="-73.16667"><ele>97</ele></trkpt><trkpt lat="45.53474" lon="-73.16677"><ele>97</ele></trkpt><trkpt lat="45.53476" lon="-73.16688"><ele>97</ele></trkpt><trkpt lat="45.53480" lon="-73.16700"><ele>97</ele></trkpt><trkpt lat="45.53483" lon="-73.16711"><ele>97</ele></trkpt><trkpt lat="45.53486" lon="-73.16722"><ele>97</ele></trkpt><trkpt lat="45.53493" lon="-73.16741"><ele>97</ele></trkpt><trkpt lat="45.53496" lon="-73.16750"><ele>97</ele></trkpt><trkpt lat="45.53500" lon="-73.16764"><ele>97</ele></trkpt><trkpt lat="45.53504" lon="-73.16781"><ele>97</ele></trkpt><trkpt lat="45.53507" lon="-73.16795"><ele>97</ele></trkpt><trkpt lat="45.53509" lon="-73.16811"><ele>97</ele></trkpt><trkpt lat="45.53512" lon="-73.16828"><ele>97</ele></trkpt><trkpt lat="45.53515" lon="-73.16851"><ele>97</ele></trkpt><trkpt lat="45.53523" lon="-73.16904"><ele>97</ele></trkpt><trkpt lat="45.53525" lon="-73.16918"><ele>97</ele></trkpt><trkpt lat="45.53526" lon="-73.16926"><ele>97</ele></trkpt><trkpt lat="45.53527" lon="-73.16937"><ele>96</ele></trkpt><trkpt lat="45.53528" lon="-73.16948"><ele>96</ele></trkpt><trkpt lat="45.53529" lon="-73.16960"><ele>96</ele></trkpt><trkpt lat="45.53529" lon="-73.16970"><ele>95</ele></trkpt><trkpt lat="45.53529" lon="-73.16982"><ele>95</ele></trkpt><trkpt lat="45.53529" lon="-73.16993"><ele>95</ele></trkpt><trkpt lat="45.53528" lon="-73.17006"><ele>94</ele></trkpt><trkpt lat="45.53527" lon="-73.17018"><ele>94</ele></trkpt><trkpt lat="45.53525" lon="-73.17039"><ele>93</ele></trkpt><trkpt lat="45.53523" lon="-73.17055"><ele>92</ele></trkpt><trkpt lat="45.53522" lon="-73.17068"><ele>92</ele></trkpt><trkpt lat="45.53520" lon="-73.17085"><ele>91</ele></trkpt><trkpt lat="45.53519" lon="-73.17100"><ele>91</ele></trkpt><trkpt lat="45.53519" lon="-73.17111"><ele>90</ele></trkpt><trkpt lat="45.53519" lon="-73.17122"><ele>89</ele></trkpt><trkpt lat="45.53519" lon="-73.17132"><ele>89</ele></trkpt><trkpt lat="45.53520" lon="-73.17145"><ele>88</ele></trkpt><trkpt lat="45.53522" lon="-73.17158"><ele>88</ele></trkpt><trkpt lat="45.53524" lon="-73.17171"><ele>87</ele></trkpt><trkpt lat="45.53526" lon="-73.17180"><ele>87</ele></trkpt><trkpt lat="45.53528" lon="-73.17189"><ele>86</ele></trkpt><trkpt lat="45.53531" lon="-73.17199"><ele>86</ele></trkpt><trkpt lat="45.53534" lon="-73.17208"><ele>86</ele></trkpt><trkpt lat="45.53538" lon="-73.17219"><ele>86</ele></trkpt><trkpt lat="45.53542" lon="-73.17230"><ele>86</ele></trkpt><trkpt lat="45.53549" lon="-73.17247"><ele>87</ele></trkpt><trkpt lat="45.53553" lon="-73.17258"><ele>87</ele></trkpt><trkpt lat="45.53557" lon="-73.17269"><ele>87</ele></trkpt><trkpt lat="45.53560" lon="-73.17279"><ele>87</ele></trkpt><trkpt lat="45.53563" lon="-73.17291"><ele>88</ele></trkpt><trkpt lat="45.53565" lon="-73.17300"><ele>88</ele></trkpt><trkpt lat="45.53567" lon="-73.17313"><ele>88</ele></trkpt><trkpt lat="45.53569" lon="-73.17324"><ele>88</ele></trkpt><trkpt lat="45.53571" lon="-73.17335"><ele>89</ele></trkpt><trkpt lat="45.53572" lon="-73.17346"><ele>89</ele></trkpt><trkpt lat="45.53573" lon="-73.17360"><ele>89</ele></trkpt><trkpt lat="45.53574" lon="-73.17383"><ele>90</ele></trkpt><trkpt lat="45.53575" lon="-73.17411"><ele>90</ele></trkpt><trkpt lat="45.53576" lon="-73.17426"><ele>90</ele></trkpt><trkpt lat="45.53578" lon="-73.17438"><ele>91</ele></trkpt><trkpt lat="45.53580" lon="-73.17449"><ele>91</ele></trkpt><trkpt lat="45.53583" lon="-73.17460"><ele>91</ele></trkpt><trkpt lat="45.53587" lon="-73.17470"><ele>91</ele></trkpt><trkpt lat="45.53591" lon="-73.17479"><ele>91</ele></trkpt><trkpt lat="45.53596" lon="-73.17488"><ele>92</ele></trkpt><trkpt lat="45.53601" lon="-73.17496"><ele>92</ele></trkpt><trkpt lat="45.53608" lon="-73.17505"><ele>92</ele></trkpt><trkpt lat="45.53629" lon="-73.17535"><ele>92</ele></trkpt><trkpt lat="45.53638" lon="-73.17546"><ele>92</ele></trkpt><trkpt lat="45.53648" lon="-73.17561"><ele>92</ele></trkpt><trkpt lat="45.53657" lon="-73.17572"><ele>92</ele></trkpt><trkpt lat="45.53664" lon="-73.17581"><ele>92</ele></trkpt><trkpt lat="45.53673" lon="-73.17592"><ele>92</ele></trkpt><trkpt lat="45.53682" lon="-73.17602"><ele>92</ele></trkpt><trkpt lat="45.53694" lon="-73.17616"><ele>92</ele></trkpt><trkpt lat="45.53710" lon="-73.17634"><ele>92</ele></trkpt><trkpt lat="45.53723" lon="-73.17649"><ele>92</ele></trkpt><trkpt lat="45.53736" lon="-73.17664"><ele>92</ele></trkpt><trkpt lat="45.53746" lon="-73.17677"><ele>91</ele></trkpt><trkpt lat="45.53755" lon="-73.17689"><ele>91</ele></trkpt><trkpt lat="45.53766" lon="-73.17705"><ele>90</ele></trkpt><trkpt lat="45.53782" lon="-73.17727"><ele>89</ele></trkpt><trkpt lat="45.53797" lon="-73.17748"><ele>88</ele></trkpt><trkpt lat="45.53808" lon="-73.17764"><ele>88</ele></trkpt><trkpt lat="45.53816" lon="-73.17779"><ele>87</ele></trkpt><trkpt lat="45.53826" lon="-73.17795"><ele>86</ele></trkpt><trkpt lat="45.53832" lon="-73.17806"><ele>86</ele></trkpt><trkpt lat="45.53836" lon="-73.17815"><ele>85</ele></trkpt><trkpt lat="45.53839" lon="-73.17824"><ele>84</ele></trkpt><trkpt lat="45.53844" lon="-73.17839"><ele>84</ele></trkpt><trkpt lat="45.53851" lon="-73.17863"><ele>83</ele></trkpt><trkpt lat="45.53861" lon="-73.17890"><ele>83</ele></trkpt><trkpt lat="45.53865" lon="-73.17903"><ele>82</ele></trkpt><trkpt lat="45.53871" lon="-73.17914"><ele>82</ele></trkpt><trkpt lat="45.53876" lon="-73.17924"><ele>81</ele></trkpt><trkpt lat="45.53884" lon="-73.17941"><ele>81</ele></trkpt><trkpt lat="45.53894" lon="-73.17958"><ele>80</ele></trkpt><trkpt lat="45.53903" lon="-73.17974"><ele>80</ele></trkpt><trkpt lat="45.53914" lon="-73.17995"><ele>79</ele></trkpt><trkpt lat="45.53923" lon="-73.18012"><ele>79</ele></trkpt><trkpt lat="45.53936" lon="-73.18037"><ele>78</ele></trkpt><trkpt lat="45.53940" lon="-73.18047"><ele>78</ele></trkpt><trkpt lat="45.53945" lon="-73.18059"><ele>77</ele></trkpt><trkpt lat="45.53948" lon="-73.18070"><ele>77</ele></trkpt><trkpt lat="45.53950" lon="-73.18080"><ele>77</ele></trkpt><trkpt lat="45.53953" lon="-73.18091"><ele>76</ele></trkpt><trkpt lat="45.53955" lon="-73.18101"><ele>76</ele></trkpt><trkpt lat="45.53957" lon="-73.18111"><ele>76</ele></trkpt><trkpt lat="45.53959" lon="-73.18125"><ele>76</ele></trkpt><trkpt lat="45.53960" lon="-73.18137"><ele>76</ele></trkpt><trkpt lat="45.53961" lon="-73.18149"><ele>76</ele></trkpt><trkpt lat="45.53960" lon="-73.18161"><ele>75</ele></trkpt><trkpt lat="45.53960" lon="-73.18185"><ele>75</ele></trkpt><trkpt lat="45.53959" lon="-73.18209"><ele>75</ele></trkpt><trkpt lat="45.53958" lon="-73.18228"><ele>75</ele></trkpt><trkpt lat="45.53957" lon="-73.18249"><ele>75</ele></trkpt><trkpt lat="45.53956" lon="-73.18270"><ele>74</ele></trkpt><trkpt lat="45.53956" lon="-73.18288"><ele>74</ele></trkpt><trkpt lat="45.53956" lon="-73.18292"><ele>74</ele></trkpt><trkpt lat="45.53957" lon="-73.18309"><ele>74</ele></trkpt><trkpt lat="45.53958" lon="-73.18329"><ele>74</ele></trkpt><trkpt lat="45.53960" lon="-73.18351"><ele>74</ele></trkpt><trkpt lat="45.53962" lon="-73.18369"><ele>73</ele></trkpt><trkpt lat="45.53964" lon="-73.18379"><ele>73</ele></trkpt><trkpt lat="45.53966" lon="-73.18389"><ele>73</ele></trkpt><trkpt lat="45.53969" lon="-73.18399"><ele>73</ele></trkpt><trkpt lat="45.53972" lon="-73.18409"><ele>73</ele></trkpt><trkpt lat="45.53976" lon="-73.18420"><ele>73</ele></trkpt><trkpt lat="45.53981" lon="-73.18430"><ele>73</ele></trkpt><trkpt lat="45.53986" lon="-73.18438"><ele>73</ele></trkpt><trkpt lat="45.53993" lon="-73.18449"><ele>73</ele></trkpt><trkpt lat="45.53999" lon="-73.18457"><ele>73</ele></trkpt><trkpt lat="45.54009" lon="-73.18469"><ele>73</ele></trkpt><trkpt lat="45.54019" lon="-73.18482"><ele>73</ele></trkpt><trkpt lat="45.54041" lon="-73.18510"><ele>73</ele></trkpt><trkpt lat="45.54052" lon="-73.18524"><ele>73</ele></trkpt><trkpt lat="45.54063" lon="-73.18539"><ele>72</ele></trkpt><trkpt lat="45.54076" lon="-73.18558"><ele>72</ele></trkpt><trkpt lat="45.54085" lon="-73.18571"><ele>72</ele></trkpt><trkpt lat="45.54092" lon="-73.18581"><ele>71</ele></trkpt><trkpt lat="45.54104" lon="-73.18597"><ele>71</ele></trkpt><trkpt lat="45.54111" lon="-73.18605"><ele>70</ele></trkpt><trkpt lat="45.54118" lon="-73.18612"><ele>70</ele></trkpt><trkpt lat="45.54129" lon="-73.18624"><ele>69</ele></trkpt><trkpt lat="45.54138" lon="-73.18633"><ele>69</ele></trkpt><trkpt lat="45.54147" lon="-73.18644"><ele>69</ele></trkpt><trkpt lat="45.54155" lon="-73.18654"><ele>68</ele></trkpt><trkpt lat="45.54167" lon="-73.18671"><ele>68</ele></trkpt><trkpt lat="45.54179" lon="-73.18688"><ele>67</ele></trkpt><trkpt lat="45.54184" lon="-73.18694"><ele>67</ele></trkpt><trkpt lat="45.54191" lon="-73.18704"><ele>66</ele></trkpt><trkpt lat="45.54198" lon="-73.18716"><ele>66</ele></trkpt><trkpt lat="45.54203" lon="-73.18726"><ele>66</ele></trkpt><trkpt lat="45.54204" lon="-73.18728"><ele>65</ele></trkpt><trkpt lat="45.54206" lon="-73.18736"><ele>65</ele></trkpt><trkpt lat="45.54198" lon="-73.18742"><ele>65</ele></trkpt><trkpt lat="45.54171" lon="-73.18761"><ele>64</ele></trkpt><trkpt lat="45.54139" lon="-73.18783"><ele>64</ele></trkpt><trkpt lat="45.54133" lon="-73.18787"><ele>63</ele></trkpt><trkpt lat="45.54116" lon="-73.18799"><ele>62</ele></trkpt><trkpt lat="45.54102" lon="-73.18809"><ele>62</ele></trkpt><trkpt lat="45.54075" lon="-73.18829"><ele>61</ele></trkpt><trkpt lat="45.54069" lon="-73.18833"><ele>61</ele></trkpt><trkpt lat="45.54069" lon="-73.18833"><ele>60</ele></trkpt><trkpt lat="45.54060" lon="-73.18841"><ele>60</ele></trkpt><trkpt lat="45.54052" lon="-73.18847"><ele>60</ele></trkpt><trkpt lat="45.54046" lon="-73.18852"><ele>59</ele></trkpt><trkpt lat="45.54036" lon="-73.18861"><ele>59</ele></trkpt><trkpt lat="45.54015" lon="-73.18880"><ele>59</ele></trkpt><trkpt lat="45.53998" lon="-73.18897"><ele>58</ele></trkpt><trkpt lat="45.53960" lon="-73.18935"><ele>58</ele></trkpt><trkpt lat="45.53899" lon="-73.18991"><ele>57</ele></trkpt><trkpt lat="45.53885" lon="-73.19006"><ele>56</ele></trkpt><trkpt lat="45.53870" lon="-73.19021"><ele>55</ele></trkpt><trkpt lat="45.53860" lon="-73.19032"><ele>54</ele></trkpt><trkpt lat="45.53845" lon="-73.19050"><ele>54</ele></trkpt><trkpt lat="45.53831" lon="-73.19067"><ele>53</ele></trkpt><trkpt lat="45.53822" lon="-73.19080"><ele>52</ele></trkpt><trkpt lat="45.53811" lon="-73.19095"><ele>52</ele></trkpt><trkpt lat="45.53767" lon="-73.19164"><ele>51</ele></trkpt><trkpt lat="45.53735" lon="-73.19215"><ele>49</ele></trkpt><trkpt lat="45.53721" lon="-73.19238"><ele>48</ele></trkpt><trkpt lat="45.53709" lon="-73.19259"><ele>47</ele></trkpt><trkpt lat="45.53701" lon="-73.19273"><ele>46</ele></trkpt><trkpt lat="45.53693" lon="-73.19288"><ele>46</ele></trkpt><trkpt lat="45.53685" lon="-73.19304"><ele>45</ele></trkpt><trkpt lat="45.53679" lon="-73.19316"><ele>44</ele></trkpt><trkpt lat="45.53675" lon="-73.19326"><ele>44</ele></trkpt><trkpt lat="45.53661" lon="-73.19361"><ele>43</ele></trkpt><trkpt lat="45.53656" lon="-73.19378"><ele>43</ele></trkpt><trkpt lat="45.53644" lon="-73.19424"><ele>42</ele></trkpt><trkpt lat="45.53638" lon="-73.19444"><ele>42</ele></trkpt><trkpt lat="45.53630" lon="-73.19473"><ele>41</ele></trkpt><trkpt lat="45.53625" lon="-73.19498"><ele>41</ele></trkpt><trkpt lat="45.53620" lon="-73.19523"><ele>41</ele></trkpt><trkpt lat="45.53616" lon="-73.19545"><ele>41</ele></trkpt><trkpt lat="45.53611" lon="-73.19571"><ele>40</ele></trkpt><trkpt lat="45.53607" lon="-73.19601"><ele>40</ele></trkpt><trkpt lat="45.53604" lon="-73.19619"><ele>40</ele></trkpt><trkpt lat="45.53602" lon="-73.19631"><ele>40</ele></trkpt><trkpt lat="45.53599" lon="-73.19642"><ele>40</ele></trkpt><trkpt lat="45.53596" lon="-73.19652"><ele>40</ele></trkpt><trkpt lat="45.53592" lon="-73.19663"><ele>40</ele></trkpt><trkpt lat="45.53587" lon="-73.19675"><ele>39</ele></trkpt><trkpt lat="45.53580" lon="-73.19686"><ele>39</ele></trkpt><trkpt lat="45.53568" lon="-73.19705"><ele>39</ele></trkpt><trkpt lat="45.53550" lon="-73.19733"><ele>39</ele></trkpt><trkpt lat="45.53535" lon="-73.19758"><ele>39</ele></trkpt><trkpt lat="45.53524" lon="-73.19777"><ele>39</ele></trkpt><trkpt lat="45.53502" lon="-73.19819"><ele>39</ele></trkpt><trkpt lat="45.53481" lon="-73.19862"><ele>39</ele></trkpt><trkpt lat="45.53423" lon="-73.19982"><ele>39</ele></trkpt><trkpt lat="45.53414" lon="-73.20002"><ele>38</ele></trkpt><trkpt lat="45.53406" lon="-73.20018"><ele>38</ele></trkpt><trkpt lat="45.53391" lon="-73.20048"><ele>38</ele></trkpt><trkpt lat="45.53370" lon="-73.20091"><ele>38</ele></trkpt><trkpt lat="45.53351" lon="-73.20131"><ele>38</ele></trkpt><trkpt lat="45.53325" lon="-73.20185"><ele>37</ele></trkpt><trkpt lat="45.53304" lon="-73.20229"><ele>37</ele></trkpt><trkpt lat="45.53270" lon="-73.20299"><ele>37</ele></trkpt><trkpt lat="45.53256" lon="-73.20328"><ele>36</ele></trkpt><trkpt lat="45.53230" lon="-73.20383"><ele>36</ele></trkpt><trkpt lat="45.53161" lon="-73.20529"><ele>35</ele></trkpt><trkpt lat="45.53143" lon="-73.20567"><ele>34</ele></trkpt><trkpt lat="45.53127" lon="-73.20601"><ele>33</ele></trkpt><trkpt lat="45.53119" lon="-73.20617"><ele>32</ele></trkpt><trkpt lat="45.53113" lon="-73.20628"><ele>32</ele></trkpt><trkpt lat="45.53105" lon="-73.20641"><ele>31</ele></trkpt><trkpt lat="45.53089" lon="-73.20667"><ele>30</ele></trkpt><trkpt lat="45.53082" lon="-73.20677"><ele>29</ele></trkpt><trkpt lat="45.53066" lon="-73.20700"><ele>29</ele></trkpt><trkpt lat="45.53058" lon="-73.20711"><ele>28</ele></trkpt><trkpt lat="45.53046" lon="-73.20726"><ele>27</ele></trkpt><trkpt lat="45.53029" lon="-73.20746"><ele>26</ele></trkpt><trkpt lat="45.53008" lon="-73.20771"><ele>25</ele></trkpt><trkpt lat="45.52960" lon="-73.20826"><ele>24</ele></trkpt><trkpt lat="45.52920" lon="-73.20873"><ele>23</ele></trkpt><trkpt lat="45.52882" lon="-73.20913"><ele>22</ele></trkpt><trkpt lat="45.52872" lon="-73.20921"><ele>21</ele></trkpt><trkpt lat="45.52858" lon="-73.20934"><ele>20</ele></trkpt><trkpt lat="45.52819" lon="-73.20972"><ele>19</ele></trkpt><trkpt lat="45.52811" lon="-73.20980"><ele>19</ele></trkpt><trkpt lat="45.52805" lon="-73.20985"><ele>19</ele></trkpt><trkpt lat="45.52781" lon="-73.21004"><ele>18</ele></trkpt><trkpt lat="45.52758" lon="-73.21019"><ele>18</ele></trkpt><trkpt lat="45.52730" lon="-73.21037"><ele>18</ele></trkpt><trkpt lat="45.52696" lon="-73.21061"><ele>18</ele></trkpt><trkpt lat="45.52637" lon="-73.21101"><ele>18</ele></trkpt><trkpt lat="45.52445" lon="-73.21226"><ele>17</ele></trkpt><trkpt lat="45.52345" lon="-73.21290"><ele>16</ele></trkpt><trkpt lat="45.52319" lon="-73.21303"><ele>16</ele></trkpt><trkpt lat="45.52283" lon="-73.21319"><ele>15</ele></trkpt><trkpt lat="45.52226" lon="-73.21343"><ele>15</ele></trkpt><trkpt lat="45.52187" lon="-73.21359"><ele>15</ele></trkpt><trkpt lat="45.52109" lon="-73.21388"><ele>15</ele></trkpt><trkpt lat="45.51888" lon="-73.21473"><ele>14</ele></trkpt><trkpt lat="45.51814" lon="-73.21501"><ele>14</ele></trkpt><trkpt lat="45.51621" lon="-73.21578"><ele>13</ele></trkpt><trkpt lat="45.51567" lon="-73.21605"><ele>13</ele></trkpt><trkpt lat="45.51548" lon="-73.21615"><ele>13</ele></trkpt><trkpt lat="45.51466" lon="-73.21666"><ele>13</ele></trkpt><trkpt lat="45.51396" lon="-73.21718"><ele>14</ele></trkpt><trkpt lat="45.51308" lon="-73.21779"><ele>14</ele></trkpt><trkpt lat="45.51071" lon="-73.21958"><ele>13</ele></trkpt><trkpt lat="45.50976" lon="-73.22024"><ele>12</ele></trkpt><trkpt lat="45.50852" lon="-73.22093"><ele>13</ele></trkpt><trkpt lat="45.50743" lon="-73.22153"><ele>13</ele></trkpt><trkpt lat="45.50700" lon="-73.22173"><ele>13</ele></trkpt><trkpt lat="45.50521" lon="-73.22237"><ele>13</ele></trkpt><trkpt lat="45.50471" lon="-73.22261"><ele>13</ele></trkpt><trkpt lat="45.50455" lon="-73.22270"><ele>13</ele></trkpt><trkpt lat="45.50438" lon="-73.22285"><ele>13</ele></trkpt><trkpt lat="45.50425" lon="-73.22303"><ele>14</ele></trkpt><trkpt lat="45.50354" lon="-73.22410"><ele>14</ele></trkpt><trkpt lat="45.50339" lon="-73.22432"><ele>15</ele></trkpt><trkpt lat="45.50324" lon="-73.22448"><ele>15</ele></trkpt><trkpt lat="45.50190" lon="-73.22546"><ele>16</ele></trkpt><trkpt lat="45.50033" lon="-73.22647"><ele>15</ele></trkpt><trkpt lat="45.49958" lon="-73.22684"><ele>15</ele></trkpt><trkpt lat="45.49850" lon="-73.22734"><ele>14</ele></trkpt><trkpt lat="45.49739" lon="-73.22778"><ele>13</ele></trkpt><trkpt lat="45.49480" lon="-73.22877"><ele>13</ele></trkpt><trkpt lat="45.49361" lon="-73.22924"><ele>13</ele></trkpt><trkpt lat="45.49267" lon="-73.22970"><ele>13</ele></trkpt><trkpt lat="45.49073" lon="-73.23088"><ele>14</ele></trkpt><trkpt lat="45.48898" lon="-73.23196"><ele>14</ele></trkpt><trkpt lat="45.48860" lon="-73.23219"><ele>14</ele></trkpt><trkpt lat="45.48818" lon="-73.23238"><ele>14</ele></trkpt><trkpt lat="45.48770" lon="-73.23247"><ele>14</ele></trkpt><trkpt lat="45.48707" lon="-73.23250"><ele>14</ele></trkpt><trkpt lat="45.48636" lon="-73.23248"><ele>14</ele></trkpt><trkpt lat="45.48595" lon="-73.23246"><ele>14</ele></trkpt><trkpt lat="45.48360" lon="-73.23238"><ele>14</ele></trkpt><trkpt lat="45.48275" lon="-73.23235"><ele>15</ele></trkpt><trkpt lat="45.48208" lon="-73.23224"><ele>15</ele></trkpt><trkpt lat="45.48154" lon="-73.23197"><ele>16</ele></trkpt><trkpt lat="45.48065" lon="-73.23140"><ele>15</ele></trkpt><trkpt lat="45.48033" lon="-73.23115"><ele>14</ele></trkpt><trkpt lat="45.47991" lon="-73.23080"><ele>13</ele></trkpt><trkpt lat="45.47937" lon="-73.23037"><ele>13</ele></trkpt><trkpt lat="45.47926" lon="-73.23062"><ele>13</ele></trkpt><trkpt lat="45.47914" lon="-73.23089"><ele>12</ele></trkpt><trkpt lat="45.47886" lon="-73.23154"><ele>12</ele></trkpt><trkpt lat="45.47871" lon="-73.23179"><ele>12</ele></trkpt><trkpt lat="45.47834" lon="-73.23235"><ele>12</ele></trkpt><trkpt lat="45.47800" lon="-73.23287"><ele>12</ele></trkpt><trkpt lat="45.47770" lon="-73.23347"><ele>12</ele></trkpt><trkpt lat="45.47742" lon="-73.23405"><ele>12</ele></trkpt><trkpt lat="45.47663" lon="-73.23566"><ele>13</ele></trkpt><trkpt lat="45.47653" lon="-73.23579"><ele>13</ele></trkpt><trkpt lat="45.47617" lon="-73.23625"><ele>13</ele></trkpt><trkpt lat="45.47595" lon="-73.23643"><ele>13</ele></trkpt><trkpt lat="45.47543" lon="-73.23669"><ele>13</ele></trkpt><trkpt lat="45.47482" lon="-73.23698"><ele>13</ele></trkpt><trkpt lat="45.47443" lon="-73.23715"><ele>12</ele></trkpt><trkpt lat="45.47426" lon="-73.23728"><ele>12</ele></trkpt><trkpt lat="45.47401" lon="-73.23753"><ele>12</ele></trkpt><trkpt lat="45.47336" lon="-73.23831"><ele>11</ele></trkpt><trkpt lat="45.47336" lon="-73.23831"><ele>11</ele></trkpt><trkpt lat="45.47324" lon="-73.23845"><ele>11</ele></trkpt><trkpt lat="45.47222" lon="-73.23967"><ele>10</ele></trkpt><trkpt lat="45.47189" lon="-73.24017"><ele>10</ele></trkpt><trkpt lat="45.47142" lon="-73.24090"><ele>10</ele></trkpt><trkpt lat="45.47126" lon="-73.24110"><ele>11</ele></trkpt><trkpt lat="45.46858" lon="-73.24377"><ele>12</ele></trkpt><trkpt lat="45.46844" lon="-73.24396"><ele>13</ele></trkpt><trkpt lat="45.46837" lon="-73.24420"><ele>13</ele></trkpt><trkpt lat="45.46808" lon="-73.24529"><ele>13</ele></trkpt><trkpt lat="45.46793" lon="-73.24572"><ele>13</ele></trkpt><trkpt lat="45.46777" lon="-73.24600"><ele>12</ele></trkpt><trkpt lat="45.46665" lon="-73.24743"><ele>11</ele></trkpt><trkpt lat="45.46644" lon="-73.24765"><ele>11</ele></trkpt><trkpt lat="45.46470" lon="-73.24897"><ele>12</ele></trkpt><trkpt lat="45.46433" lon="-73.24946"><ele>12</ele></trkpt><trkpt lat="45.46399" lon="-73.25025"><ele>12</ele></trkpt><trkpt lat="45.46370" lon="-73.25080"><ele>12</ele></trkpt><trkpt lat="45.46346" lon="-73.25114"><ele>12</ele></trkpt><trkpt lat="45.46278" lon="-73.25185"><ele>12</ele></trkpt><trkpt lat="45.46248" lon="-73.25206"><ele>12</ele></trkpt><trkpt lat="45.46213" lon="-73.25218"><ele>12</ele></trkpt><trkpt lat="45.46194" lon="-73.25228"><ele>12</ele></trkpt><trkpt lat="45.46186" lon="-73.25235"><ele>12</ele></trkpt><trkpt lat="45.46108" lon="-73.25324"><ele>12</ele></trkpt><trkpt lat="45.46082" lon="-73.25353"><ele>12</ele></trkpt><trkpt lat="45.46070" lon="-73.25372"><ele>12</ele></trkpt><trkpt lat="45.46060" lon="-73.25393"><ele>12</ele></trkpt><trkpt lat="45.46033" lon="-73.25482"><ele>12</ele></trkpt><trkpt lat="45.45984" lon="-73.25605"><ele>13</ele></trkpt><trkpt lat="45.45974" lon="-73.25624"><ele>13</ele></trkpt><trkpt lat="45.45944" lon="-73.25672"><ele>13</ele></trkpt><trkpt lat="45.45833" lon="-73.25548"><ele>14</ele></trkpt><trkpt lat="45.45773" lon="-73.25498"><ele>15</ele></trkpt><trkpt lat="45.45647" lon="-73.25407"><ele>17</ele></trkpt><trkpt lat="45.45550" lon="-73.25341"><ele>18</ele></trkpt><trkpt lat="45.45376" lon="-73.25223"><ele>20</ele></trkpt><trkpt lat="45.45136" lon="-73.25051"><ele>21</ele></trkpt><trkpt lat="45.45110" lon="-73.25033"><ele>22</ele></trkpt><trkpt lat="45.45105" lon="-73.25029"><ele>23</ele></trkpt><trkpt lat="45.45039" lon="-73.24983"><ele>24</ele></trkpt><trkpt lat="45.45028" lon="-73.24975"><ele>24</ele></trkpt><trkpt lat="45.44951" lon="-73.24921"><ele>25</ele></trkpt><trkpt lat="45.44906" lon="-73.24889"><ele>26</ele></trkpt><trkpt lat="45.44857" lon="-73.24855"><ele>27</ele></trkpt><trkpt lat="45.44788" lon="-73.24806"><ele>28</ele></trkpt><trkpt lat="45.44723" lon="-73.24761"><ele>28</ele></trkpt><trkpt lat="45.44666" lon="-73.24721"><ele>28</ele></trkpt><trkpt lat="45.44645" lon="-73.24706"><ele>28</ele></trkpt><trkpt lat="45.44637" lon="-73.24700"><ele>28</ele></trkpt><trkpt lat="45.44627" lon="-73.24693"><ele>28</ele></trkpt><trkpt lat="45.44617" lon="-73.24687"><ele>28</ele></trkpt><trkpt lat="45.44608" lon="-73.24681"><ele>28</ele></trkpt><trkpt lat="45.44599" lon="-73.24676"><ele>28</ele></trkpt><trkpt lat="45.44591" lon="-73.24672"><ele>28</ele></trkpt><trkpt lat="45.44584" lon="-73.24668"><ele>28</ele></trkpt><trkpt lat="45.44582" lon="-73.24667"><ele>28</ele></trkpt><trkpt lat="45.44579" lon="-73.24665"><ele>28</ele></trkpt><trkpt lat="45.44576" lon="-73.24663"><ele>28</ele></trkpt><trkpt lat="45.44572" lon="-73.24661"><ele>28</ele></trkpt><trkpt lat="45.44568" lon="-73.24659"><ele>28</ele></trkpt><trkpt lat="45.44564" lon="-73.24657"><ele>28</ele></trkpt><trkpt lat="45.44560" lon="-73.24655"><ele>28</ele></trkpt><trkpt lat="45.44557" lon="-73.24654"><ele>28</ele></trkpt><trkpt lat="45.44554" lon="-73.24653"><ele>28</ele></trkpt><trkpt lat="45.44551" lon="-73.24651"><ele>28</ele></trkpt><trkpt lat="45.44548" lon="-73.24650"><ele>28</ele></trkpt><trkpt lat="45.44545" lon="-73.24649"><ele>28</ele></trkpt><trkpt lat="45.44542" lon="-73.24647"><ele>28</ele></trkpt><trkpt lat="45.44538" lon="-73.24646"><ele>28</ele></trkpt><trkpt lat="45.44534" lon="-73.24644"><ele>28</ele></trkpt><trkpt lat="45.44530" lon="-73.24643"><ele>28</ele></trkpt><trkpt lat="45.44525" lon="-73.24641"><ele>28</ele></trkpt><trkpt lat="45.44520" lon="-73.24639"><ele>29</ele></trkpt><trkpt lat="45.44515" lon="-73.24637"><ele>29</ele></trkpt><trkpt lat="45.44510" lon="-73.24636"><ele>29</ele></trkpt><trkpt lat="45.44505" lon="-73.24634"><ele>29</ele></trkpt><trkpt lat="45.44501" lon="-73.24633"><ele>29</ele></trkpt><trkpt lat="45.44496" lon="-73.24631"><ele>29</ele></trkpt><trkpt lat="45.44491" lon="-73.24630"><ele>29</ele></trkpt><trkpt lat="45.44486" lon="-73.24629"><ele>29</ele></trkpt><trkpt lat="45.44481" lon="-73.24628"><ele>29</ele></trkpt><trkpt lat="45.44476" lon="-73.24627"><ele>29</ele></trkpt><trkpt lat="45.44471" lon="-73.24626"><ele>29</ele></trkpt><trkpt lat="45.44466" lon="-73.24625"><ele>29</ele></trkpt><trkpt lat="45.44461" lon="-73.24623"><ele>29</ele></trkpt><trkpt lat="45.44455" lon="-73.24622"><ele>29</ele></trkpt><trkpt lat="45.44450" lon="-73.24622"><ele>29</ele></trkpt><trkpt lat="45.44443" lon="-73.24620"><ele>29</ele></trkpt><trkpt lat="45.44436" lon="-73.24620"><ele>29</ele></trkpt><trkpt lat="45.44426" lon="-73.24621"><ele>29</ele></trkpt><trkpt lat="45.44409" lon="-73.24620"><ele>29</ele></trkpt><trkpt lat="45.44402" lon="-73.24621"><ele>29</ele></trkpt><trkpt lat="45.44393" lon="-73.24624"><ele>29</ele></trkpt><trkpt lat="45.44388" lon="-73.24626"><ele>29</ele></trkpt><trkpt lat="45.44386" lon="-73.24627"><ele>29</ele></trkpt><trkpt lat="45.44383" lon="-73.24629"><ele>29</ele></trkpt><trkpt lat="45.44380" lon="-73.24631"><ele>29</ele></trkpt><trkpt lat="45.44380" lon="-73.24631"><ele>29</ele></trkpt><trkpt lat="45.44378" lon="-73.24632"><ele>29</ele></trkpt><trkpt lat="45.44376" lon="-73.24634"><ele>29</ele></trkpt><trkpt lat="45.44375" lon="-73.24636"><ele>29</ele></trkpt><trkpt lat="45.44373" lon="-73.24638"><ele>29</ele></trkpt><trkpt lat="45.44372" lon="-73.24641"><ele>29</ele></trkpt><trkpt lat="45.44371" lon="-73.24643"><ele>29</ele></trkpt><trkpt lat="45.44370" lon="-73.24646"><ele>29</ele></trkpt><trkpt lat="45.44369" lon="-73.24649"><ele>29</ele></trkpt><trkpt lat="45.44368" lon="-73.24652"><ele>29</ele></trkpt><trkpt lat="45.44368" lon="-73.24655"><ele>29</ele></trkpt><trkpt lat="45.44368" lon="-73.24658"><ele>29</ele></trkpt><trkpt lat="45.44367" lon="-73.24663"><ele>29</ele></trkpt><trkpt lat="45.44367" lon="-73.24666"><ele>29</ele></trkpt><trkpt lat="45.44367" lon="-73.24677"><ele>29</ele></trkpt><trkpt lat="45.44370" lon="-73.24686"><ele>29</ele></trkpt><trkpt lat="45.44372" lon="-73.24697"><ele>29</ele></trkpt><trkpt lat="45.44373" lon="-73.24700"><ele>29</ele></trkpt><trkpt lat="45.44374" lon="-73.24705"><ele>29</ele></trkpt><trkpt lat="45.44377" lon="-73.24717"><ele>29</ele></trkpt><trkpt lat="45.44379" lon="-73.24728"><ele>29</ele></trkpt><trkpt lat="45.44382" lon="-73.24739"><ele>29</ele></trkpt><trkpt lat="45.44384" lon="-73.24752"><ele>29</ele></trkpt><trkpt lat="45.44386" lon="-73.24764"><ele>29</ele></trkpt><trkpt lat="45.44388" lon="-73.24775"><ele>29</ele></trkpt><trkpt lat="45.44390" lon="-73.24786"><ele>29</ele></trkpt><trkpt lat="45.44391" lon="-73.24797"><ele>29</ele></trkpt><trkpt lat="45.44392" lon="-73.24806"><ele>29</ele></trkpt><trkpt lat="45.44393" lon="-73.24814"><ele>29</ele></trkpt><trkpt lat="45.44394" lon="-73.24822"><ele>29</ele></trkpt><trkpt lat="45.44394" lon="-73.24828"><ele>29</ele></trkpt><trkpt lat="45.44395" lon="-73.24838"><ele>29</ele></trkpt><trkpt lat="45.44397" lon="-73.24854"><ele>29</ele></trkpt><trkpt lat="45.44398" lon="-73.24865"><ele>29</ele></trkpt><trkpt lat="45.44398" lon="-73.24876"><ele>29</ele></trkpt><trkpt lat="45.44399" lon="-73.24887"><ele>29</ele></trkpt><trkpt lat="45.44399" lon="-73.24899"><ele>29</ele></trkpt><trkpt lat="45.44399" lon="-73.24912"><ele>29</ele></trkpt><trkpt lat="45.44399" lon="-73.24924"><ele>29</ele></trkpt><trkpt lat="45.44399" lon="-73.24938"><ele>29</ele></trkpt><trkpt lat="45.44399" lon="-73.24950"><ele>29</ele></trkpt><trkpt lat="45.44398" lon="-73.24962"><ele>29</ele></trkpt><trkpt lat="45.44397" lon="-73.24975"><ele>29</ele></trkpt><trkpt lat="45.44396" lon="-73.24986"><ele>29</ele></trkpt><trkpt lat="45.44396" lon="-73.24993"><ele>29</ele></trkpt><trkpt lat="45.44394" lon="-73.25005"><ele>29</ele></trkpt><trkpt lat="45.44392" lon="-73.25028"><ele>29</ele></trkpt><trkpt lat="45.44391" lon="-73.25037"><ele>29</ele></trkpt><trkpt lat="45.44390" lon="-73.25047"><ele>29</ele></trkpt><trkpt lat="45.44388" lon="-73.25059"><ele>29</ele></trkpt><trkpt lat="45.44385" lon="-73.25073"><ele>28</ele></trkpt><trkpt lat="45.44382" lon="-73.25088"><ele>28</ele></trkpt><trkpt lat="45.44380" lon="-73.25101"><ele>28</ele></trkpt><trkpt lat="45.44377" lon="-73.25114"><ele>28</ele></trkpt><trkpt lat="45.44373" lon="-73.25127"><ele>28</ele></trkpt><trkpt lat="45.44372" lon="-73.25133"><ele>28</ele></trkpt><trkpt lat="45.44370" lon="-73.25140"><ele>28</ele></trkpt><trkpt lat="45.44369" lon="-73.25144"><ele>28</ele></trkpt><trkpt lat="45.44367" lon="-73.25149"><ele>27</ele></trkpt><trkpt lat="45.44366" lon="-73.25155"><ele>27</ele></trkpt><trkpt lat="45.44364" lon="-73.25160"><ele>27</ele></trkpt><trkpt lat="45.44360" lon="-73.25174"><ele>27</ele></trkpt><trkpt lat="45.44356" lon="-73.25186"><ele>27</ele></trkpt><trkpt lat="45.44355" lon="-73.25190"><ele>27</ele></trkpt><trkpt lat="45.44352" lon="-73.25200"><ele>27</ele></trkpt><trkpt lat="45.44350" lon="-73.25206"><ele>27</ele></trkpt><trkpt lat="45.44346" lon="-73.25220"><ele>27</ele></trkpt><trkpt lat="45.44327" lon="-73.25275"><ele>26</ele></trkpt><trkpt lat="45.44324" lon="-73.25283"><ele>26</ele></trkpt><trkpt lat="45.44318" lon="-73.25301"><ele>26</ele></trkpt><trkpt lat="45.44313" lon="-73.25317"><ele>26</ele></trkpt><trkpt lat="45.44312" lon="-73.25320"><ele>25</ele></trkpt><trkpt lat="45.44308" lon="-73.25330"><ele>25</ele></trkpt><trkpt lat="45.44301" lon="-73.25351"><ele>25</ele></trkpt><trkpt lat="45.44299" lon="-73.25357"><ele>25</ele></trkpt><trkpt lat="45.44296" lon="-73.25364"><ele>24</ele></trkpt><trkpt lat="45.44283" lon="-73.25400"><ele>24</ele></trkpt><trkpt lat="45.44277" lon="-73.25416"><ele>24</ele></trkpt><trkpt lat="45.44275" lon="-73.25419"><ele>23</ele></trkpt><trkpt lat="45.44266" lon="-73.25445"><ele>23</ele></trkpt><trkpt lat="45.44260" lon="-73.25462"><ele>22</ele></trkpt><trkpt lat="45.44259" lon="-73.25464"><ele>22</ele></trkpt><trkpt lat="45.44258" lon="-73.25465"><ele>22</ele></trkpt><trkpt lat="45.44251" lon="-73.25474"><ele>22</ele></trkpt><trkpt lat="45.44248" lon="-73.25483"><ele>21</ele></trkpt><trkpt lat="45.44246" lon="-73.25486"><ele>21</ele></trkpt><trkpt lat="45.44240" lon="-73.25504"><ele>21</ele></trkpt><trkpt lat="45.44235" lon="-73.25518"><ele>21</ele></trkpt><trkpt lat="45.44227" lon="-73.25540"><ele>20</ele></trkpt><trkpt lat="45.44216" lon="-73.25573"><ele>19</ele></trkpt><trkpt lat="45.44186" lon="-73.25652"><ele>17</ele></trkpt><trkpt lat="45.44186" lon="-73.25652"><ele>16</ele></trkpt><trkpt lat="45.44180" lon="-73.25670"><ele>15</ele></trkpt><trkpt lat="45.44123" lon="-73.25828"><ele>12</ele></trkpt><trkpt lat="45.44115" lon="-73.25850"><ele>11</ele></trkpt><trkpt lat="45.44109" lon="-73.25866"><ele>10</ele></trkpt><trkpt lat="45.44109" lon="-73.25869"><ele>10</ele></trkpt><trkpt lat="45.44105" lon="-73.25878"><ele>10</ele></trkpt><trkpt lat="45.44105" lon="-73.25892"><ele>10</ele></trkpt><trkpt lat="45.44095" lon="-73.25921"><ele>11</ele></trkpt><trkpt lat="45.44082" lon="-73.25959"><ele>12</ele></trkpt><trkpt lat="45.44072" lon="-73.25993"><ele>14</ele></trkpt><trkpt lat="45.44063" lon="-73.26028"><ele>16</ele></trkpt><trkpt lat="45.44055" lon="-73.26056"><ele>18</ele></trkpt><trkpt lat="45.44052" lon="-73.26069"><ele>19</ele></trkpt><trkpt lat="45.44049" lon="-73.26083"><ele>21</ele></trkpt><trkpt lat="45.44039" lon="-73.26123"><ele>21</ele></trkpt><trkpt lat="45.44027" lon="-73.26173"><ele>22</ele></trkpt><trkpt lat="45.43997" lon="-73.26301"><ele>23</ele></trkpt><trkpt lat="45.43991" lon="-73.26330"><ele>23</ele></trkpt><trkpt lat="45.43986" lon="-73.26349"><ele>24</ele></trkpt><trkpt lat="45.43983" lon="-73.26366"><ele>24</ele></trkpt><trkpt lat="45.43980" lon="-73.26381"><ele>24</ele></trkpt><trkpt lat="45.43978" lon="-73.26398"><ele>24</ele></trkpt><trkpt lat="45.43976" lon="-73.26413"><ele>24</ele></trkpt><trkpt lat="45.43974" lon="-73.26429"><ele>24</ele></trkpt><trkpt lat="45.43973" lon="-73.26442"><ele>24</ele></trkpt><trkpt lat="45.43972" lon="-73.26454"><ele>24</ele></trkpt><trkpt lat="45.43972" lon="-73.26466"><ele>24</ele></trkpt><trkpt lat="45.43971" lon="-73.26479"><ele>24</ele></trkpt><trkpt lat="45.43972" lon="-73.26493"><ele>24</ele></trkpt><trkpt lat="45.43972" lon="-73.26509"><ele>24</ele></trkpt><trkpt lat="45.43972" lon="-73.26524"><ele>24</ele></trkpt><trkpt lat="45.43973" lon="-73.26539"><ele>24</ele></trkpt><trkpt lat="45.43974" lon="-73.26552"><ele>24</ele></trkpt><trkpt lat="45.43976" lon="-73.26568"><ele>24</ele></trkpt><trkpt lat="45.43977" lon="-73.26580"><ele>24</ele></trkpt><trkpt lat="45.43979" lon="-73.26591"><ele>24</ele></trkpt><trkpt lat="45.43981" lon="-73.26605"><ele>24</ele></trkpt><trkpt lat="45.43983" lon="-73.26618"><ele>23</ele></trkpt><trkpt lat="45.43986" lon="-73.26631"><ele>23</ele></trkpt><trkpt lat="45.43988" lon="-73.26643"><ele>23</ele></trkpt><trkpt lat="45.43991" lon="-73.26655"><ele>23</ele></trkpt><trkpt lat="45.43994" lon="-73.26668"><ele>23</ele></trkpt><trkpt lat="45.43998" lon="-73.26682"><ele>23</ele></trkpt><trkpt lat="45.44002" lon="-73.26695"><ele>23</ele></trkpt><trkpt lat="45.44006" lon="-73.26708"><ele>22</ele></trkpt><trkpt lat="45.44011" lon="-73.26722"><ele>22</ele></trkpt><trkpt lat="45.44016" lon="-73.26735"><ele>22</ele></trkpt><trkpt lat="45.44021" lon="-73.26747"><ele>22</ele></trkpt><trkpt lat="45.44028" lon="-73.26763"><ele>22</ele></trkpt><trkpt lat="45.44035" lon="-73.26777"><ele>22</ele></trkpt><trkpt lat="45.44042" lon="-73.26793"><ele>21</ele></trkpt><trkpt lat="45.44059" lon="-73.26823"><ele>21</ele></trkpt><trkpt lat="45.44070" lon="-73.26844"><ele>21</ele></trkpt><trkpt lat="45.44104" lon="-73.26908"><ele>20</ele></trkpt><trkpt lat="45.44112" lon="-73.26923"><ele>20</ele></trkpt><trkpt lat="45.44126" lon="-73.26949"><ele>20</ele></trkpt><trkpt lat="45.44134" lon="-73.26966"><ele>20</ele></trkpt><trkpt lat="45.44145" lon="-73.26987"><ele>19</ele></trkpt><trkpt lat="45.44149" lon="-73.26997"><ele>19</ele></trkpt><trkpt lat="45.44162" lon="-73.27029"><ele>19</ele></trkpt><trkpt lat="45.44170" lon="-73.27048"><ele>19</ele></trkpt><trkpt lat="45.44176" lon="-73.27063"><ele>19</ele></trkpt><trkpt lat="45.44181" lon="-73.27079"><ele>19</ele></trkpt><trkpt lat="45.44184" lon="-73.27085"><ele>18</ele></trkpt><trkpt lat="45.44186" lon="-73.27092"><ele>18</ele></trkpt><trkpt lat="45.44192" lon="-73.27109"><ele>18</ele></trkpt><trkpt lat="45.44197" lon="-73.27125"><ele>18</ele></trkpt><trkpt lat="45.44201" lon="-73.27138"><ele>18</ele></trkpt><trkpt lat="45.44202" lon="-73.27142"><ele>18</ele></trkpt><trkpt lat="45.44206" lon="-73.27156"><ele>17</ele></trkpt><trkpt lat="45.44211" lon="-73.27171"><ele>17</ele></trkpt><trkpt lat="45.44213" lon="-73.27179"><ele>17</ele></trkpt><trkpt lat="45.44214" lon="-73.27185"><ele>17</ele></trkpt><trkpt lat="45.44217" lon="-73.27196"><ele>17</ele></trkpt><trkpt lat="45.44219" lon="-73.27205"><ele>17</ele></trkpt><trkpt lat="45.44223" lon="-73.27222"><ele>17</ele></trkpt><trkpt lat="45.44226" lon="-73.27236"><ele>17</ele></trkpt><trkpt lat="45.44229" lon="-73.27249"><ele>16</ele></trkpt><trkpt lat="45.44241" lon="-73.27306"><ele>16</ele></trkpt><trkpt lat="45.44245" lon="-73.27324"><ele>16</ele></trkpt><trkpt lat="45.44250" lon="-73.27347"><ele>16</ele></trkpt><trkpt lat="45.44253" lon="-73.27360"><ele>15</ele></trkpt><trkpt lat="45.44262" lon="-73.27403"><ele>15</ele></trkpt><trkpt lat="45.44266" lon="-73.27421"><ele>15</ele></trkpt><trkpt lat="45.44276" lon="-73.27470"><ele>15</ele></trkpt><trkpt lat="45.44282" lon="-73.27497"><ele>15</ele></trkpt><trkpt lat="45.44286" lon="-73.27517"><ele>14</ele></trkpt><trkpt lat="45.44296" lon="-73.27564"><ele>14</ele></trkpt><trkpt lat="45.44299" lon="-73.27579"><ele>14</ele></trkpt><trkpt lat="45.44308" lon="-73.27623"><ele>14</ele></trkpt><trkpt lat="45.44315" lon="-73.27654"><ele>14</ele></trkpt><trkpt lat="45.44318" lon="-73.27666"><ele>14</ele></trkpt><trkpt lat="45.44321" lon="-73.27680"><ele>14</ele></trkpt><trkpt lat="45.44323" lon="-73.27690"><ele>14</ele></trkpt><trkpt lat="45.44332" lon="-73.27731"><ele>14</ele></trkpt><trkpt lat="45.44335" lon="-73.27747"><ele>14</ele></trkpt><trkpt lat="45.44339" lon="-73.27761"><ele>14</ele></trkpt><trkpt lat="45.44346" lon="-73.27793"><ele>14</ele></trkpt><trkpt lat="45.44351" lon="-73.27816"><ele>14</ele></trkpt><trkpt lat="45.44356" lon="-73.27842"><ele>14</ele></trkpt><trkpt lat="45.44362" lon="-73.27867"><ele>14</ele></trkpt><trkpt lat="45.44407" lon="-73.28075"><ele>14</ele></trkpt><trkpt lat="45.44434" lon="-73.28203"><ele>14</ele></trkpt><trkpt lat="45.44447" lon="-73.28265"><ele>14</ele></trkpt><trkpt lat="45.44461" lon="-73.28330"><ele>14</ele></trkpt><trkpt lat="45.44472" lon="-73.28379"><ele>13</ele></trkpt><trkpt lat="45.44483" lon="-73.28429"><ele>13</ele></trkpt><trkpt lat="45.44486" lon="-73.28442"><ele>13</ele></trkpt><trkpt lat="45.44488" lon="-73.28454"><ele>13</ele></trkpt><trkpt lat="45.44491" lon="-73.28465"><ele>13</ele></trkpt><trkpt lat="45.44492" lon="-73.28472"><ele>13</ele></trkpt><trkpt lat="45.44495" lon="-73.28482"><ele>12</ele></trkpt><trkpt lat="45.44499" lon="-73.28498"><ele>12</ele></trkpt><trkpt lat="45.44502" lon="-73.28512"><ele>12</ele></trkpt><trkpt lat="45.44505" lon="-73.28523"><ele>12</ele></trkpt><trkpt lat="45.44508" lon="-73.28534"><ele>12</ele></trkpt><trkpt lat="45.44511" lon="-73.28548"><ele>12</ele></trkpt><trkpt lat="45.44515" lon="-73.28560"><ele>12</ele></trkpt><trkpt lat="45.44518" lon="-73.28570"><ele>12</ele></trkpt><trkpt lat="45.44521" lon="-73.28581"><ele>12</ele></trkpt><trkpt lat="45.44524" lon="-73.28592"><ele>12</ele></trkpt><trkpt lat="45.44528" lon="-73.28603"><ele>12</ele></trkpt><trkpt lat="45.44530" lon="-73.28612"><ele>12</ele></trkpt><trkpt lat="45.44533" lon="-73.28621"><ele>12</ele></trkpt><trkpt lat="45.44537" lon="-73.28629"><ele>12</ele></trkpt><trkpt lat="45.44540" lon="-73.28639"><ele>12</ele></trkpt><trkpt lat="45.44546" lon="-73.28654"><ele>12</ele></trkpt><trkpt lat="45.44551" lon="-73.28666"><ele>12</ele></trkpt><trkpt lat="45.44557" lon="-73.28682"><ele>12</ele></trkpt><trkpt lat="45.44577" lon="-73.28728"><ele>12</ele></trkpt><trkpt lat="45.44578" lon="-73.28731"><ele>12</ele></trkpt><trkpt lat="45.44584" lon="-73.28744"><ele>12</ele></trkpt><trkpt lat="45.44573" lon="-73.28752"><ele>12</ele></trkpt><trkpt lat="45.44566" lon="-73.28754"><ele>12</ele></trkpt><trkpt lat="45.44558" lon="-73.28757"><ele>12</ele></trkpt><trkpt lat="45.44554" lon="-73.28759"><ele>12</ele></trkpt><trkpt lat="45.44524" lon="-73.28769"><ele>12</ele></trkpt><trkpt lat="45.44476" lon="-73.28785"><ele>12</ele></trkpt><trkpt lat="45.44460" lon="-73.28790"><ele>12</ele></trkpt><trkpt lat="45.44458" lon="-73.28790"><ele>12</ele></trkpt><trkpt lat="45.44434" lon="-73.28798"><ele>12</ele></trkpt><trkpt lat="45.44430" lon="-73.28799"><ele>12</ele></trkpt><trkpt lat="45.44423" lon="-73.28802"><ele>12</ele></trkpt><trkpt lat="45.44415" lon="-73.28804"><ele>12</ele></trkpt><trkpt lat="45.44380" lon="-73.28817"><ele>12</ele></trkpt><trkpt lat="45.44282" lon="-73.28849"><ele>12</ele></trkpt><trkpt lat="45.44241" lon="-73.28862"><ele>12</ele></trkpt><trkpt lat="45.44089" lon="-73.28912"><ele>12</ele></trkpt><trkpt lat="45.44084" lon="-73.28913"><ele>12</ele></trkpt><trkpt lat="45.44076" lon="-73.28916"><ele>12</ele></trkpt><trkpt lat="45.44069" lon="-73.28918"><ele>12</ele></trkpt><trkpt lat="45.43919" lon="-73.28968"><ele>12</ele></trkpt><trkpt lat="45.43917" lon="-73.28969"><ele>12</ele></trkpt><trkpt lat="45.43910" lon="-73.28971"><ele>12</ele></trkpt><trkpt lat="45.43901" lon="-73.28974"><ele>12</ele></trkpt><trkpt lat="45.43895" lon="-73.28976"><ele>12</ele></trkpt><trkpt lat="45.43642" lon="-73.29059"><ele>12</ele></trkpt><trkpt lat="45.43639" lon="-73.29060"><ele>12</ele></trkpt><trkpt lat="45.43633" lon="-73.29062"><ele>13</ele></trkpt><trkpt lat="45.43627" lon="-73.29064"><ele>13</ele></trkpt><trkpt lat="45.43619" lon="-73.29067"><ele>13</ele></trkpt><trkpt lat="45.43617" lon="-73.29067"><ele>13</ele></trkpt><trkpt lat="45.43608" lon="-73.29071"><ele>13</ele></trkpt><trkpt lat="45.43601" lon="-73.29074"><ele>13</ele></trkpt><trkpt lat="45.43593" lon="-73.29077"><ele>13</ele></trkpt><trkpt lat="45.43584" lon="-73.29082"><ele>13</ele></trkpt><trkpt lat="45.43576" lon="-73.29087"><ele>13</ele></trkpt><trkpt lat="45.43568" lon="-73.29091"><ele>13</ele></trkpt><trkpt lat="45.43561" lon="-73.29096"><ele>13</ele></trkpt><trkpt lat="45.43556" lon="-73.29100"><ele>13</ele></trkpt><trkpt lat="45.43550" lon="-73.29106"><ele>13</ele></trkpt><trkpt lat="45.43542" lon="-73.29113"><ele>13</ele></trkpt><trkpt lat="45.43535" lon="-73.29120"><ele>13</ele></trkpt><trkpt lat="45.43528" lon="-73.29127"><ele>13</ele></trkpt><trkpt lat="45.43521" lon="-73.29135"><ele>13</ele></trkpt><trkpt lat="45.43515" lon="-73.29143"><ele>13</ele></trkpt><trkpt lat="45.43507" lon="-73.29153"><ele>13</ele></trkpt><trkpt lat="45.43501" lon="-73.29161"><ele>13</ele></trkpt><trkpt lat="45.43496" lon="-73.29169"><ele>13</ele></trkpt><trkpt lat="45.43494" lon="-73.29173"><ele>13</ele></trkpt><trkpt lat="45.43490" lon="-73.29180"><ele>13</ele></trkpt><trkpt lat="45.43487" lon="-73.29186"><ele>13</ele></trkpt><trkpt lat="45.43484" lon="-73.29191"><ele>13</ele></trkpt><trkpt lat="45.43482" lon="-73.29196"><ele>13</ele></trkpt><trkpt lat="45.43479" lon="-73.29203"><ele>13</ele></trkpt><trkpt lat="45.43473" lon="-73.29215"><ele>13</ele></trkpt><trkpt lat="45.43468" lon="-73.29227"><ele>13</ele></trkpt><trkpt lat="45.43463" lon="-73.29240"><ele>13</ele></trkpt><trkpt lat="45.43459" lon="-73.29253"><ele>13</ele></trkpt><trkpt lat="45.43454" lon="-73.29272"><ele>13</ele></trkpt><trkpt lat="45.43450" lon="-73.29289"><ele>13</ele></trkpt><trkpt lat="45.43446" lon="-73.29307"><ele>12</ele></trkpt><trkpt lat="45.43430" lon="-73.29385"><ele>12</ele></trkpt><trkpt lat="45.43405" lon="-73.29502"><ele>11</ele></trkpt><trkpt lat="45.43402" lon="-73.29520"><ele>11</ele></trkpt><trkpt lat="45.43402" lon="-73.29520"><ele>10</ele></trkpt><trkpt lat="45.43399" lon="-73.29532"><ele>10</ele></trkpt><trkpt lat="45.43391" lon="-73.29576"><ele>10</ele></trkpt><trkpt lat="45.43384" lon="-73.29614"><ele>10</ele></trkpt><trkpt lat="45.43383" lon="-73.29620"><ele>10</ele></trkpt><trkpt lat="45.43383" lon="-73.29624"><ele>10</ele></trkpt><trkpt lat="45.43383" lon="-73.29629"><ele>10</ele></trkpt><trkpt lat="45.43383" lon="-73.29633"><ele>10</ele></trkpt><trkpt lat="45.43383" lon="-73.29636"><ele>10</ele></trkpt><trkpt lat="45.43384" lon="-73.29641"><ele>10</ele></trkpt><trkpt lat="45.43386" lon="-73.29645"><ele>10</ele></trkpt><trkpt lat="45.43389" lon="-73.29650"><ele>10</ele></trkpt><trkpt lat="45.43391" lon="-73.29652"><ele>10</ele></trkpt><trkpt lat="45.43393" lon="-73.29654"><ele>10</ele></trkpt><trkpt lat="45.43394" lon="-73.29657"><ele>10</ele></trkpt><trkpt lat="45.43395" lon="-73.29660"><ele>10</ele></trkpt><trkpt lat="45.43396" lon="-73.29663"><ele>10</ele></trkpt><trkpt lat="45.43397" lon="-73.29667"><ele>10</ele></trkpt><trkpt lat="45.43397" lon="-73.29671"><ele>10</ele></trkpt><trkpt lat="45.43397" lon="-73.29675"><ele>10</ele></trkpt><trkpt lat="45.43396" lon="-73.29680"><ele>10</ele></trkpt><trkpt lat="45.43395" lon="-73.29684"><ele>10</ele></trkpt><trkpt lat="45.43393" lon="-73.29688"><ele>10</ele></trkpt><trkpt lat="45.43390" lon="-73.29692"><ele>10</ele></trkpt><trkpt lat="45.43388" lon="-73.29694"><ele>10</ele></trkpt><trkpt lat="45.43384" lon="-73.29700"><ele>10</ele></trkpt><trkpt lat="45.43380" lon="-73.29705"><ele>10</ele></trkpt><trkpt lat="45.43378" lon="-73.29710"><ele>10</ele></trkpt><trkpt lat="45.43376" lon="-73.29715"><ele>10</ele></trkpt><trkpt lat="45.43374" lon="-73.29719"><ele>10</ele></trkpt><trkpt lat="45.43370" lon="-73.29730"><ele>10</ele></trkpt><trkpt lat="45.43365" lon="-73.29745"><ele>10</ele></trkpt><trkpt lat="45.43353" lon="-73.29784"><ele>10</ele></trkpt><trkpt lat="45.43350" lon="-73.29791"><ele>11</ele></trkpt><trkpt lat="45.43349" lon="-73.29797"><ele>11</ele></trkpt><trkpt lat="45.43347" lon="-73.29802"><ele>11</ele></trkpt><trkpt lat="45.43345" lon="-73.29811"><ele>11</ele></trkpt><trkpt lat="45.43343" lon="-73.29819"><ele>11</ele></trkpt><trkpt lat="45.43341" lon="-73.29827"><ele>11</ele></trkpt><trkpt lat="45.43269" lon="-73.30182"><ele>11</ele></trkpt><trkpt lat="45.43261" lon="-73.30220"><ele>11</ele></trkpt><trkpt lat="45.43253" lon="-73.30260"><ele>11</ele></trkpt><trkpt lat="45.43242" lon="-73.30317"><ele>12</ele></trkpt><trkpt lat="45.43238" lon="-73.30334"><ele>12</ele></trkpt><trkpt lat="45.43227" lon="-73.30388"><ele>12</ele></trkpt><trkpt lat="45.43219" lon="-73.30431"><ele>12</ele></trkpt><trkpt lat="45.43212" lon="-73.30464"><ele>12</ele></trkpt><trkpt lat="45.43209" lon="-73.30478"><ele>13</ele></trkpt><trkpt lat="45.43204" lon="-73.30495"><ele>13</ele></trkpt><trkpt lat="45.43200" lon="-73.30512"><ele>13</ele></trkpt><trkpt lat="45.43193" lon="-73.30535"><ele>13</ele></trkpt><trkpt lat="45.43191" lon="-73.30541"><ele>13</ele></trkpt><trkpt lat="45.43190" lon="-73.30544"><ele>13</ele></trkpt><trkpt lat="45.43190" lon="-73.30548"><ele>13</ele></trkpt><trkpt lat="45.43190" lon="-73.30552"><ele>13</ele></trkpt><trkpt lat="45.43190" lon="-73.30557"><ele>13</ele></trkpt><trkpt lat="45.43191" lon="-73.30561"><ele>13</ele></trkpt><trkpt lat="45.43192" lon="-73.30566"><ele>14</ele></trkpt><trkpt lat="45.43194" lon="-73.30572"><ele>14</ele></trkpt><trkpt lat="45.43194" lon="-73.30578"><ele>14</ele></trkpt><trkpt lat="45.43194" lon="-73.30583"><ele>14</ele></trkpt><trkpt lat="45.43193" lon="-73.30589"><ele>14</ele></trkpt><trkpt lat="45.43190" lon="-73.30596"><ele>14</ele></trkpt><trkpt lat="45.43187" lon="-73.30599"><ele>14</ele></trkpt><trkpt lat="45.43184" lon="-73.30603"><ele>14</ele></trkpt><trkpt lat="45.43180" lon="-73.30604"><ele>14</ele></trkpt><trkpt lat="45.43177" lon="-73.30609"><ele>14</ele></trkpt><trkpt lat="45.43173" lon="-73.30614"><ele>14</ele></trkpt><trkpt lat="45.43171" lon="-73.30620"><ele>14</ele></trkpt><trkpt lat="45.43168" lon="-73.30626"><ele>14</ele></trkpt><trkpt lat="45.43164" lon="-73.30635"><ele>14</ele></trkpt><trkpt lat="45.43158" lon="-73.30648"><ele>14</ele></trkpt><trkpt lat="45.43152" lon="-73.30662"><ele>14</ele></trkpt><trkpt lat="45.43142" lon="-73.30683"><ele>14</ele></trkpt><trkpt lat="45.43134" lon="-73.30700"><ele>14</ele></trkpt><trkpt lat="45.43125" lon="-73.30717"><ele>14</ele></trkpt><trkpt lat="45.43112" lon="-73.30742"><ele>14</ele></trkpt><trkpt lat="45.43101" lon="-73.30761"><ele>14</ele></trkpt><trkpt lat="45.43095" lon="-73.30769"><ele>14</ele></trkpt><trkpt lat="45.43088" lon="-73.30777"><ele>14</ele></trkpt><trkpt lat="45.43041" lon="-73.30846"><ele>13</ele></trkpt><trkpt lat="45.43025" lon="-73.30863"><ele>13</ele></trkpt><trkpt lat="45.43015" lon="-73.30874"><ele>13</ele></trkpt><trkpt lat="45.42981" lon="-73.30906"><ele>13</ele></trkpt><trkpt lat="45.42944" lon="-73.30938"><ele>13</ele></trkpt><trkpt lat="45.42902" lon="-73.30967"><ele>13</ele></trkpt><trkpt lat="45.42855" lon="-73.30994"><ele>13</ele></trkpt><trkpt lat="45.42835" lon="-73.31005"><ele>13</ele></trkpt><trkpt lat="45.42822" lon="-73.31011"><ele>13</ele></trkpt><trkpt lat="45.42816" lon="-73.31014"><ele>13</ele></trkpt><trkpt lat="45.42803" lon="-73.31017"><ele>13</ele></trkpt><trkpt lat="45.42798" lon="-73.31019"><ele>13</ele></trkpt><trkpt lat="45.42786" lon="-73.31021"><ele>13</ele></trkpt><trkpt lat="45.42782" lon="-73.31022"><ele>13</ele></trkpt><trkpt lat="45.42780" lon="-73.31023"><ele>13</ele></trkpt><trkpt lat="45.42778" lon="-73.31025"><ele>13</ele></trkpt><trkpt lat="45.42776" lon="-73.31027"><ele>13</ele></trkpt><trkpt lat="45.42774" lon="-73.31030"><ele>13</ele></trkpt><trkpt lat="45.42772" lon="-73.31033"><ele>13</ele></trkpt><trkpt lat="45.42767" lon="-73.31043"><ele>13</ele></trkpt><trkpt lat="45.42764" lon="-73.31049"><ele>13</ele></trkpt><trkpt lat="45.42762" lon="-73.31052"><ele>13</ele></trkpt><trkpt lat="45.42759" lon="-73.31054"><ele>13</ele></trkpt><trkpt lat="45.42756" lon="-73.31056"><ele>13</ele></trkpt><trkpt lat="45.42753" lon="-73.31056"><ele>13</ele></trkpt><trkpt lat="45.42749" lon="-73.31056"><ele>13</ele></trkpt><trkpt lat="45.42747" lon="-73.31055"><ele>13</ele></trkpt><trkpt lat="45.42743" lon="-73.31053"><ele>13</ele></trkpt><trkpt lat="45.42736" lon="-73.31049"><ele>13</ele></trkpt><trkpt lat="45.42733" lon="-73.31047"><ele>13</ele></trkpt><trkpt lat="45.42730" lon="-73.31046"><ele>13</ele></trkpt><trkpt lat="45.42727" lon="-73.31046"><ele>13</ele></trkpt><trkpt lat="45.42724" lon="-73.31046"><ele>13</ele></trkpt><trkpt lat="45.42721" lon="-73.31046"><ele>13</ele></trkpt><trkpt lat="45.42717" lon="-73.31047"><ele>13</ele></trkpt><trkpt lat="45.42711" lon="-73.31048"><ele>13</ele></trkpt><trkpt lat="45.42693" lon="-73.31053"><ele>13</ele></trkpt><trkpt lat="45.42678" lon="-73.31057"><ele>13</ele></trkpt><trkpt lat="45.42611" lon="-73.31080"><ele>12</ele></trkpt><trkpt lat="45.42564" lon="-73.31091"><ele>12</ele></trkpt><trkpt lat="45.42543" lon="-73.31099"><ele>12</ele></trkpt><trkpt lat="45.42521" lon="-73.31106"><ele>11</ele></trkpt><trkpt lat="45.42492" lon="-73.31116"><ele>11</ele></trkpt><trkpt lat="45.42437" lon="-73.31134"><ele>11</ele></trkpt><trkpt lat="45.42387" lon="-73.31150"><ele>11</ele></trkpt><trkpt lat="45.42352" lon="-73.31162"><ele>11</ele></trkpt><trkpt lat="45.42252" lon="-73.31194"><ele>11</ele></trkpt><trkpt lat="45.42252" lon="-73.31194"><ele>11</ele></trkpt><trkpt lat="45.42130" lon="-73.31234"><ele>11</ele></trkpt><trkpt lat="45.41968" lon="-73.31287"><ele>11</ele></trkpt><trkpt lat="45.41848" lon="-73.31326"><ele>12</ele></trkpt><trkpt lat="45.41773" lon="-73.31351"><ele>12</ele></trkpt><trkpt lat="45.41563" lon="-73.31420"><ele>13</ele></trkpt><trkpt lat="45.41513" lon="-73.31437"><ele>14</ele></trkpt><trkpt lat="45.41360" lon="-73.31489"><ele>15</ele></trkpt><trkpt lat="45.41347" lon="-73.31493"><ele>16</ele></trkpt><trkpt lat="45.41333" lon="-73.31498"><ele>16</ele></trkpt><trkpt lat="45.41322" lon="-73.31501"><ele>17</ele></trkpt><trkpt lat="45.41313" lon="-73.31503"><ele>17</ele></trkpt><trkpt lat="45.41300" lon="-73.31507"><ele>17</ele></trkpt><trkpt lat="45.41290" lon="-73.31509"><ele>18</ele></trkpt><trkpt lat="45.41281" lon="-73.31511"><ele>18</ele></trkpt><trkpt lat="45.41271" lon="-73.31513"><ele>18</ele></trkpt><trkpt lat="45.41262" lon="-73.31515"><ele>18</ele></trkpt><trkpt lat="45.41244" lon="-73.31518"><ele>18</ele></trkpt><trkpt lat="45.41208" lon="-73.31523"><ele>18</ele></trkpt><trkpt lat="45.41199" lon="-73.31524"><ele>18</ele></trkpt><trkpt lat="45.41189" lon="-73.31526"><ele>18</ele></trkpt><trkpt lat="45.41176" lon="-73.31527"><ele>18</ele></trkpt><trkpt lat="45.41151" lon="-73.31528"><ele>19</ele></trkpt><trkpt lat="45.41128" lon="-73.31529"><ele>19</ele></trkpt><trkpt lat="45.41105" lon="-73.31529"><ele>19</ele></trkpt><trkpt lat="45.41092" lon="-73.31529"><ele>20</ele></trkpt><trkpt lat="45.41079" lon="-73.31529"><ele>20</ele></trkpt><trkpt lat="45.41069" lon="-73.31529"><ele>21</ele></trkpt><trkpt lat="45.40977" lon="-73.31525"><ele>22</ele></trkpt><trkpt lat="45.40878" lon="-73.31520"><ele>23</ele></trkpt><trkpt lat="45.40848" lon="-73.31518"><ele>24</ele></trkpt><trkpt lat="45.40798" lon="-73.31516"><ele>25</ele></trkpt><trkpt lat="45.40778" lon="-73.31515"><ele>26</ele></trkpt><trkpt lat="45.40749" lon="-73.31513"><ele>27</ele></trkpt><trkpt lat="45.40707" lon="-73.31512"><ele>28</ele></trkpt><trkpt lat="45.40674" lon="-73.31510"><ele>29</ele></trkpt><trkpt lat="45.40645" lon="-73.31508"><ele>29</ele></trkpt><trkpt lat="45.40615" lon="-73.31522"><ele>29</ele></trkpt><trkpt lat="45.40610" lon="-73.31524"><ele>30</ele></trkpt><trkpt lat="45.40606" lon="-73.31527"><ele>30</ele></trkpt><trkpt lat="45.40602" lon="-73.31531"><ele>30</ele></trkpt><trkpt lat="45.40598" lon="-73.31535"><ele>30</ele></trkpt><trkpt lat="45.40594" lon="-73.31539"><ele>30</ele></trkpt><trkpt lat="45.40591" lon="-73.31544"><ele>30</ele></trkpt><trkpt lat="45.40587" lon="-73.31550"><ele>30</ele></trkpt><trkpt lat="45.40584" lon="-73.31556"><ele>30</ele></trkpt><trkpt lat="45.40581" lon="-73.31561"><ele>30</ele></trkpt><trkpt lat="45.40579" lon="-73.31568"><ele>30</ele></trkpt><trkpt lat="45.40577" lon="-73.31574"><ele>30</ele></trkpt><trkpt lat="45.40575" lon="-73.31580"><ele>30</ele></trkpt><trkpt lat="45.40574" lon="-73.31586"><ele>30</ele></trkpt><trkpt lat="45.40573" lon="-73.31592"><ele>30</ele></trkpt><trkpt lat="45.40573" lon="-73.31598"><ele>29</ele></trkpt><trkpt lat="45.40572" lon="-73.31605"><ele>29</ele></trkpt><trkpt lat="45.40572" lon="-73.31611"><ele>29</ele></trkpt><trkpt lat="45.40572" lon="-73.31617"><ele>29</ele></trkpt><trkpt lat="45.40573" lon="-73.31623"><ele>29</ele></trkpt><trkpt lat="45.40574" lon="-73.31630"><ele>29</ele></trkpt><trkpt lat="45.40575" lon="-73.31636"><ele>29</ele></trkpt><trkpt lat="45.40576" lon="-73.31642"><ele>29</ele></trkpt><trkpt lat="45.40578" lon="-73.31648"><ele>29</ele></trkpt><trkpt lat="45.40580" lon="-73.31654"><ele>28</ele></trkpt><trkpt lat="45.40582" lon="-73.31659"><ele>28</ele></trkpt><trkpt lat="45.40584" lon="-73.31665"><ele>28</ele></trkpt><trkpt lat="45.40588" lon="-73.31671"><ele>28</ele></trkpt><trkpt lat="45.40590" lon="-73.31675"><ele>28</ele></trkpt><trkpt lat="45.40594" lon="-73.31680"><ele>28</ele></trkpt><trkpt lat="45.40597" lon="-73.31684"><ele>28</ele></trkpt><trkpt lat="45.40601" lon="-73.31688"><ele>28</ele></trkpt><trkpt lat="45.40604" lon="-73.31691"><ele>28</ele></trkpt><trkpt lat="45.40609" lon="-73.31695"><ele>27</ele></trkpt><trkpt lat="45.40614" lon="-73.31699"><ele>27</ele></trkpt><trkpt lat="45.40618" lon="-73.31701"><ele>27</ele></trkpt><trkpt lat="45.40622" lon="-73.31703"><ele>27</ele></trkpt><trkpt lat="45.40626" lon="-73.31704"><ele>27</ele></trkpt><trkpt lat="45.40631" lon="-73.31705"><ele>27</ele></trkpt><trkpt lat="45.40635" lon="-73.31706"><ele>27</ele></trkpt><trkpt lat="45.40640" lon="-73.31706"><ele>27</ele></trkpt><trkpt lat="45.40645" lon="-73.31706"><ele>27</ele></trkpt><trkpt lat="45.40652" lon="-73.31704"><ele>26</ele></trkpt><trkpt lat="45.40680" lon="-73.31700"><ele>26</ele></trkpt><trkpt lat="45.40694" lon="-73.31698"><ele>26</ele></trkpt><trkpt lat="45.40727" lon="-73.31694"><ele>26</ele></trkpt><trkpt lat="45.40740" lon="-73.31692"><ele>26</ele></trkpt><trkpt lat="45.40727" lon="-73.31540"><ele>26</ele></trkpt><trkpt lat="45.40722" lon="-73.31477"><ele>27</ele></trkpt><trkpt lat="45.40716" lon="-73.31391"><ele>27</ele></trkpt><trkpt lat="45.40714" lon="-73.31369"><ele>28</ele></trkpt><trkpt lat="45.40709" lon="-73.31305"><ele>28</ele></trkpt><trkpt lat="45.40705" lon="-73.31261"><ele>28</ele></trkpt><trkpt lat="45.40703" lon="-73.31241"><ele>29</ele></trkpt><trkpt lat="45.40701" lon="-73.31208"><ele>29</ele></trkpt><trkpt lat="45.40699" lon="-73.31184"><ele>29</ele></trkpt><trkpt lat="45.40695" lon="-73.31135"><ele>29</ele></trkpt><trkpt lat="45.40689" lon="-73.31054"><ele>29</ele></trkpt><trkpt lat="45.40687" lon="-73.31033"><ele>29</ele></trkpt><trkpt lat="45.40686" lon="-73.31019"><ele>29</ele></trkpt><trkpt lat="45.40684" lon="-73.31004"><ele>29</ele></trkpt><trkpt lat="45.40683" lon="-73.30994"><ele>29</ele></trkpt><trkpt lat="45.40681" lon="-73.30984"><ele>29</ele></trkpt><trkpt lat="45.40680" lon="-73.30974"><ele>29</ele></trkpt><trkpt lat="45.40678" lon="-73.30966"><ele>29</ele></trkpt><trkpt lat="45.40676" lon="-73.30956"><ele>29</ele></trkpt><trkpt lat="45.40674" lon="-73.30948"><ele>29</ele></trkpt><trkpt lat="45.40674" lon="-73.30947"><ele>30</ele></trkpt><trkpt lat="45.40671" lon="-73.30937"><ele>30</ele></trkpt><trkpt lat="45.40669" lon="-73.30930"><ele>30</ele></trkpt><trkpt lat="45.40666" lon="-73.30921"><ele>30</ele></trkpt><trkpt lat="45.40662" lon="-73.30913"><ele>30</ele></trkpt><trkpt lat="45.40659" lon="-73.30907"><ele>30</ele></trkpt><trkpt lat="45.40657" lon="-73.30901"><ele>30</ele></trkpt><trkpt lat="45.40653" lon="-73.30895"><ele>30</ele></trkpt><trkpt lat="45.40650" lon="-73.30888"><ele>30</ele></trkpt><trkpt lat="45.40646" lon="-73.30881"><ele>30</ele></trkpt><trkpt lat="45.40642" lon="-73.30875"><ele>30</ele></trkpt><trkpt lat="45.40638" lon="-73.30869"><ele>30</ele></trkpt><trkpt lat="45.40633" lon="-73.30862"><ele>31</ele></trkpt><trkpt lat="45.40627" lon="-73.30853"><ele>31</ele></trkpt><trkpt lat="45.40613" lon="-73.30833"><ele>31</ele></trkpt><trkpt lat="45.40577" lon="-73.30782"><ele>31</ele></trkpt><trkpt lat="45.40556" lon="-73.30753"><ele>32</ele></trkpt><trkpt lat="45.40548" lon="-73.30742"><ele>32</ele></trkpt><trkpt lat="45.40539" lon="-73.30728"><ele>32</ele></trkpt><trkpt lat="45.40511" lon="-73.30688"><ele>32</ele></trkpt><trkpt lat="45.40486" lon="-73.30653"><ele>32</ele></trkpt><trkpt lat="45.40460" lon="-73.30616"><ele>32</ele></trkpt><trkpt lat="45.40418" lon="-73.30556"><ele>32</ele></trkpt><trkpt lat="45.40368" lon="-73.30484"><ele>32</ele></trkpt><trkpt lat="45.40353" lon="-73.30462"><ele>32</ele></trkpt><trkpt lat="45.40299" lon="-73.30384"><ele>32</ele></trkpt><trkpt lat="45.40221" lon="-73.30274"><ele>32</ele></trkpt><trkpt lat="45.40079" lon="-73.30070"><ele>32</ele></trkpt><trkpt lat="45.39883" lon="-73.29792"><ele>33</ele></trkpt><trkpt lat="45.39684" lon="-73.29507"><ele>33</ele></trkpt><trkpt lat="45.39684" lon="-73.29507"><ele>33</ele></trkpt><trkpt lat="45.39541" lon="-73.29304"><ele>33</ele></trkpt><trkpt lat="45.39482" lon="-73.29221"><ele>33</ele></trkpt><trkpt lat="45.39317" lon="-73.28990"><ele>34</ele></trkpt><trkpt lat="45.39060" lon="-73.28621"><ele>33</ele></trkpt><trkpt lat="45.38770" lon="-73.28211"><ele>33</ele></trkpt><trkpt lat="45.38500" lon="-73.27824"><ele>33</ele></trkpt><trkpt lat="45.38276" lon="-73.27491"><ele>34</ele></trkpt><trkpt lat="45.38274" lon="-73.27488"><ele>35</ele></trkpt><trkpt lat="45.38272" lon="-73.27486"><ele>35</ele></trkpt><trkpt lat="45.38269" lon="-73.27484"><ele>35</ele></trkpt><trkpt lat="45.38267" lon="-73.27482"><ele>35</ele></trkpt><trkpt lat="45.38265" lon="-73.27482"><ele>35</ele></trkpt><trkpt lat="45.38263" lon="-73.27481"><ele>35</ele></trkpt><trkpt lat="45.38263" lon="-73.27486"><ele>35</ele></trkpt><trkpt lat="45.38262" lon="-73.27491"><ele>35</ele></trkpt><trkpt lat="45.38261" lon="-73.27496"><ele>35</ele></trkpt><trkpt lat="45.38260" lon="-73.27503"><ele>35</ele></trkpt><trkpt lat="45.38259" lon="-73.27508"><ele>35</ele></trkpt><trkpt lat="45.38258" lon="-73.27511"><ele>35</ele></trkpt><trkpt lat="45.38256" lon="-73.27516"><ele>35</ele></trkpt><trkpt lat="45.38254" lon="-73.27521"><ele>35</ele></trkpt><trkpt lat="45.38252" lon="-73.27526"><ele>35</ele></trkpt><trkpt lat="45.38247" lon="-73.27538"><ele>35</ele></trkpt><trkpt lat="45.38232" lon="-73.27571"><ele>34</ele></trkpt><trkpt lat="45.38226" lon="-73.27582"><ele>34</ele></trkpt><trkpt lat="45.38167" lon="-73.27707"><ele>33</ele></trkpt><trkpt lat="45.38110" lon="-73.27832"><ele>33</ele></trkpt><trkpt lat="45.38104" lon="-73.27845"><ele>33</ele></trkpt><trkpt lat="45.38100" lon="-73.27852"><ele>33</ele></trkpt><trkpt lat="45.38096" lon="-73.27859"><ele>33</ele></trkpt><trkpt lat="45.38092" lon="-73.27866"><ele>33</ele></trkpt><trkpt lat="45.38088" lon="-73.27873"><ele>33</ele></trkpt><trkpt lat="45.38083" lon="-73.27879"><ele>33</ele></trkpt><trkpt lat="45.38078" lon="-73.27885"><ele>33</ele></trkpt><trkpt lat="45.38073" lon="-73.27891"><ele>34</ele></trkpt><trkpt lat="45.38068" lon="-73.27896"><ele>34</ele></trkpt><trkpt lat="45.38027" lon="-73.27935"><ele>34</ele></trkpt><trkpt lat="45.37965" lon="-73.27994"><ele>34</ele></trkpt><trkpt lat="45.37956" lon="-73.28007"><ele>33</ele></trkpt><trkpt lat="45.37949" lon="-73.28015"><ele>33</ele></trkpt><trkpt lat="45.37947" lon="-73.28019"><ele>33</ele></trkpt><trkpt lat="45.37940" lon="-73.28028"><ele>33</ele></trkpt><trkpt lat="45.37931" lon="-73.28040"><ele>32</ele></trkpt><trkpt lat="45.37928" lon="-73.28043"><ele>32</ele></trkpt><trkpt lat="45.37924" lon="-73.28050"><ele>32</ele></trkpt><trkpt lat="45.37919" lon="-73.28056"><ele>32</ele></trkpt><trkpt lat="45.37914" lon="-73.28063"><ele>32</ele></trkpt><trkpt lat="45.37906" lon="-73.28074"><ele>31</ele></trkpt><trkpt lat="45.37898" lon="-73.28088"><ele>31</ele></trkpt><trkpt lat="45.37892" lon="-73.28098"><ele>31</ele></trkpt><trkpt lat="45.37887" lon="-73.28105"><ele>31</ele></trkpt><trkpt lat="45.37883" lon="-73.28112"><ele>31</ele></trkpt><trkpt lat="45.37877" lon="-73.28124"><ele>31</ele></trkpt><trkpt lat="45.37872" lon="-73.28134"><ele>31</ele></trkpt><trkpt lat="45.37868" lon="-73.28144"><ele>31</ele></trkpt><trkpt lat="45.37864" lon="-73.28153"><ele>31</ele></trkpt><trkpt lat="45.37861" lon="-73.28160"><ele>31</ele></trkpt><trkpt lat="45.37854" lon="-73.28176"><ele>31</ele></trkpt><trkpt lat="45.37851" lon="-73.28183"><ele>31</ele></trkpt><trkpt lat="45.37846" lon="-73.28195"><ele>31</ele></trkpt><trkpt lat="45.37837" lon="-73.28222"><ele>31</ele></trkpt><trkpt lat="45.37799" lon="-73.28334"><ele>32</ele></trkpt><trkpt lat="45.37768" lon="-73.28413"><ele>32</ele></trkpt><trkpt lat="45.37756" lon="-73.28444"><ele>33</ele></trkpt><trkpt lat="45.37724" lon="-73.28538"><ele>33</ele></trkpt><trkpt lat="45.37706" lon="-73.28593"><ele>34</ele></trkpt><trkpt lat="45.37678" lon="-73.28676"><ele>34</ele></trkpt><trkpt lat="45.37658" lon="-73.28733"><ele>33</ele></trkpt><trkpt lat="45.37652" lon="-73.28750"><ele>33</ele></trkpt><trkpt lat="45.37638" lon="-73.28794"><ele>33</ele></trkpt><trkpt lat="45.37621" lon="-73.28847"><ele>32</ele></trkpt><trkpt lat="45.37611" lon="-73.28875"><ele>32</ele></trkpt><trkpt lat="45.37607" lon="-73.28889"><ele>32</ele></trkpt><trkpt lat="45.37605" lon="-73.28893"><ele>32</ele></trkpt><trkpt lat="45.37582" lon="-73.28968"><ele>32</ele></trkpt><trkpt lat="45.37418" lon="-73.29489"><ele>32</ele></trkpt><trkpt lat="45.37415" lon="-73.29499"><ele>32</ele></trkpt><trkpt lat="45.37394" lon="-73.29564"><ele>32</ele></trkpt><trkpt lat="45.37354" lon="-73.29695"><ele>32</ele></trkpt><trkpt lat="45.37354" lon="-73.29695"><ele>32</ele></trkpt><trkpt lat="45.37269" lon="-73.29966"><ele>32</ele></trkpt><trkpt lat="45.37258" lon="-73.29997"><ele>32</ele></trkpt><trkpt lat="45.37253" lon="-73.30012"><ele>32</ele></trkpt><trkpt lat="45.37232" lon="-73.30063"><ele>33</ele></trkpt><trkpt lat="45.37189" lon="-73.30181"><ele>33</ele></trkpt><trkpt lat="45.37128" lon="-73.30369"><ele>34</ele></trkpt><trkpt lat="45.37082" lon="-73.30514"><ele>34</ele></trkpt><trkpt lat="45.37048" lon="-73.30585"><ele>34</ele></trkpt><trkpt lat="45.37040" lon="-73.30597"><ele>34</ele></trkpt><trkpt lat="45.36960" lon="-73.30702"><ele>35</ele></trkpt><trkpt lat="45.36883" lon="-73.30799"><ele>35</ele></trkpt><trkpt lat="45.36784" lon="-73.30930"><ele>35</ele></trkpt><trkpt lat="45.36590" lon="-73.31178"><ele>35</ele></trkpt><trkpt lat="45.36523" lon="-73.31264"><ele>35</ele></trkpt><trkpt lat="45.36430" lon="-73.31382"><ele>36</ele></trkpt><trkpt lat="45.36407" lon="-73.31413"><ele>36</ele></trkpt><trkpt lat="45.36395" lon="-73.31427"><ele>36</ele></trkpt><trkpt lat="45.36391" lon="-73.31432"><ele>36</ele></trkpt><trkpt lat="45.36376" lon="-73.31439"><ele>35</ele></trkpt><trkpt lat="45.36418" lon="-73.31632"><ele>34</ele></trkpt><trkpt lat="45.36459" lon="-73.31817"><ele>33</ele></trkpt><trkpt lat="45.36485" lon="-73.31954"><ele>32</ele></trkpt><trkpt lat="45.36488" lon="-73.31970"><ele>32</ele></trkpt><trkpt lat="45.36499" lon="-73.32023"><ele>31</ele></trkpt><trkpt lat="45.36521" lon="-73.32131"><ele>32</ele></trkpt><trkpt lat="45.36539" lon="-73.32218"><ele>32</ele></trkpt><trkpt lat="45.36556" lon="-73.32297"><ele>32</ele></trkpt><trkpt lat="45.36619" lon="-73.32599"><ele>32</ele></trkpt><trkpt lat="45.36649" lon="-73.32747"><ele>32</ele></trkpt><trkpt lat="45.36663" lon="-73.32815"><ele>33</ele></trkpt><trkpt lat="45.36663" lon="-73.32815"><ele>33</ele></trkpt><trkpt lat="45.36741" lon="-73.33180"><ele>33</ele></trkpt><trkpt lat="45.36765" lon="-73.33295"><ele>33</ele></trkpt><trkpt lat="45.36776" lon="-73.33345"><ele>33</ele></trkpt><trkpt lat="45.36832" lon="-73.33606"><ele>34</ele></trkpt><trkpt lat="45.36839" lon="-73.33637"><ele>34</ele></trkpt><trkpt lat="45.36871" lon="-73.33791"><ele>34</ele></trkpt><trkpt lat="45.36942" lon="-73.34142"><ele>33</ele></trkpt><trkpt lat="45.36973" lon="-73.34288"><ele>33</ele></trkpt><trkpt lat="45.36994" lon="-73.34386"><ele>33</ele></trkpt><trkpt lat="45.37007" lon="-73.34440"><ele>33</ele></trkpt><trkpt lat="45.37024" lon="-73.34496"><ele>33</ele></trkpt><trkpt lat="45.37048" lon="-73.34563"><ele>33</ele></trkpt><trkpt lat="45.37063" lon="-73.34595"><ele>33</ele></trkpt><trkpt lat="45.37118" lon="-73.34689"><ele>33</ele></trkpt><trkpt lat="45.37193" lon="-73.34829"><ele>33</ele></trkpt><trkpt lat="45.37262" lon="-73.34961"><ele>33</ele></trkpt><trkpt lat="45.37406" lon="-73.35229"><ele>33</ele></trkpt><trkpt lat="45.37420" lon="-73.35255"><ele>33</ele></trkpt><trkpt lat="45.37437" lon="-73.35289"><ele>33</ele></trkpt><trkpt lat="45.37480" lon="-73.35370"><ele>33</ele></trkpt><trkpt lat="45.37503" lon="-73.35419"><ele>33</ele></trkpt><trkpt lat="45.37528" lon="-73.35482"><ele>33</ele></trkpt><trkpt lat="45.37544" lon="-73.35532"><ele>33</ele></trkpt><trkpt lat="45.37561" lon="-73.35596"><ele>33</ele></trkpt><trkpt lat="45.37577" lon="-73.35673"><ele>33</ele></trkpt><trkpt lat="45.37593" lon="-73.35773"><ele>33</ele></trkpt><trkpt lat="45.37596" lon="-73.35809"><ele>33</ele></trkpt><trkpt lat="45.37598" lon="-73.35913"><ele>33</ele></trkpt><trkpt lat="45.37593" lon="-73.36033"><ele>33</ele></trkpt><trkpt lat="45.37581" lon="-73.36151"><ele>33</ele></trkpt><trkpt lat="45.37572" lon="-73.36285"><ele>33</ele></trkpt><trkpt lat="45.37558" lon="-73.36464"><ele>34</ele></trkpt><trkpt lat="45.37552" lon="-73.36532"><ele>34</ele></trkpt><trkpt lat="45.37549" lon="-73.36582"><ele>34</ele></trkpt><trkpt lat="45.37547" lon="-73.36620"><ele>34</ele></trkpt><trkpt lat="45.37547" lon="-73.36644"><ele>33</ele></trkpt><trkpt lat="45.37548" lon="-73.36673"><ele>33</ele></trkpt><trkpt lat="45.37551" lon="-73.36702"><ele>33</ele></trkpt><trkpt lat="45.37557" lon="-73.36741"><ele>33</ele></trkpt><trkpt lat="45.37565" lon="-73.36781"><ele>33</ele></trkpt><trkpt lat="45.37571" lon="-73.36804"><ele>33</ele></trkpt><trkpt lat="45.37584" lon="-73.36805"><ele>33</ele></trkpt><trkpt lat="45.37679" lon="-73.36794"><ele>33</ele></trkpt><trkpt lat="45.37784" lon="-73.36785"><ele>33</ele></trkpt><trkpt lat="45.37808" lon="-73.36786"><ele>33</ele></trkpt><trkpt lat="45.37819" lon="-73.36790"><ele>33</ele></trkpt><trkpt lat="45.37838" lon="-73.36796"><ele>33</ele></trkpt><trkpt lat="45.37851" lon="-73.36803"><ele>33</ele></trkpt><trkpt lat="45.37921" lon="-73.36849"><ele>33</ele></trkpt><trkpt lat="45.37974" lon="-73.36882"><ele>33</ele></trkpt><trkpt lat="45.38025" lon="-73.36909"><ele>33</ele></trkpt><trkpt lat="45.38050" lon="-73.36916"><ele>33</ele></trkpt><trkpt lat="45.38098" lon="-73.36926"><ele>33</ele></trkpt><trkpt lat="45.38147" lon="-73.36924"><ele>33</ele></trkpt><trkpt lat="45.38214" lon="-73.36914"><ele>33</ele></trkpt><trkpt lat="45.38271" lon="-73.36899"><ele>32</ele></trkpt><trkpt lat="45.38345" lon="-73.36871"><ele>32</ele></trkpt><trkpt lat="45.38444" lon="-73.36838"><ele>31</ele></trkpt><trkpt lat="45.38576" lon="-73.36794"><ele>31</ele></trkpt><trkpt lat="45.38681" lon="-73.36774"><ele>31</ele></trkpt><trkpt lat="45.38716" lon="-73.36763"><ele>30</ele></trkpt><trkpt lat="45.38746" lon="-73.36744"><ele>30</ele></trkpt><trkpt lat="45.38803" lon="-73.36695"><ele>29</ele></trkpt><trkpt lat="45.38904" lon="-73.36607"><ele>27</ele></trkpt><trkpt lat="45.38937" lon="-73.36579"><ele>27</ele></trkpt><trkpt lat="45.38937" lon="-73.36579"><ele>26</ele></trkpt><trkpt lat="45.38951" lon="-73.36567"><ele>26</ele></trkpt><trkpt lat="45.38970" lon="-73.36552"><ele>26</ele></trkpt><trkpt lat="45.39004" lon="-73.36535"><ele>27</ele></trkpt><trkpt lat="45.39038" lon="-73.36524"><ele>27</ele></trkpt><trkpt lat="45.39065" lon="-73.36523"><ele>28</ele></trkpt><trkpt lat="45.39090" lon="-73.36527"><ele>28</ele></trkpt><trkpt lat="45.39097" lon="-73.36530"><ele>29</ele></trkpt><trkpt lat="45.39185" lon="-73.36556"><ele>29</ele></trkpt><trkpt lat="45.39236" lon="-73.36573"><ele>28</ele></trkpt><trkpt lat="45.39321" lon="-73.36605"><ele>28</ele></trkpt><trkpt lat="45.39343" lon="-73.36615"><ele>27</ele></trkpt><trkpt lat="45.39376" lon="-73.36629"><ele>27</ele></trkpt><trkpt lat="45.39412" lon="-73.36649"><ele>28</ele></trkpt><trkpt lat="45.39447" lon="-73.36665"><ele>28</ele></trkpt><trkpt lat="45.39480" lon="-73.36678"><ele>28</ele></trkpt><trkpt lat="45.39484" lon="-73.36679"><ele>29</ele></trkpt><trkpt lat="45.39506" lon="-73.36685"><ele>29</ele></trkpt><trkpt lat="45.39508" lon="-73.36686"><ele>29</ele></trkpt><trkpt lat="45.39534" lon="-73.36690"><ele>29</ele></trkpt><trkpt lat="45.39568" lon="-73.36688"><ele>29</ele></trkpt><trkpt lat="45.39600" lon="-73.36684"><ele>28</ele></trkpt><trkpt lat="45.39764" lon="-73.36667"><ele>27</ele></trkpt><trkpt lat="45.39812" lon="-73.36662"><ele>25</ele></trkpt><trkpt lat="45.39833" lon="-73.36659"><ele>25</ele></trkpt><trkpt lat="45.39858" lon="-73.36654"><ele>24</ele></trkpt><trkpt lat="45.39891" lon="-73.36644"><ele>23</ele></trkpt><trkpt lat="45.39952" lon="-73.36621"><ele>23</ele></trkpt><trkpt lat="45.40114" lon="-73.36570"><ele>22</ele></trkpt><trkpt lat="45.40254" lon="-73.36505"><ele>21</ele></trkpt><trkpt lat="45.40287" lon="-73.36499"><ele>20</ele></trkpt><trkpt lat="45.40326" lon="-73.36507"><ele>20</ele></trkpt><trkpt lat="45.40427" lon="-73.36552"><ele>18</ele></trkpt><trkpt lat="45.40477" lon="-73.36557"><ele>17</ele></trkpt><trkpt lat="45.40641" lon="-73.36544"><ele>17</ele></trkpt><trkpt lat="45.40673" lon="-73.36542"><ele>17</ele></trkpt><trkpt lat="45.40789" lon="-73.36533"><ele>17</ele></trkpt><trkpt lat="45.40839" lon="-73.36529"><ele>17</ele></trkpt><trkpt lat="45.40861" lon="-73.36528"><ele>17</ele></trkpt><trkpt lat="45.40880" lon="-73.36527"><ele>17</ele></trkpt><trkpt lat="45.40900" lon="-73.36525"><ele>17</ele></trkpt><trkpt lat="45.40918" lon="-73.36524"><ele>17</ele></trkpt><trkpt lat="45.40931" lon="-73.36522"><ele>17</ele></trkpt><trkpt lat="45.40943" lon="-73.36521"><ele>17</ele></trkpt><trkpt lat="45.40952" lon="-73.36520"><ele>16</ele></trkpt><trkpt lat="45.40961" lon="-73.36518"><ele>16</ele></trkpt><trkpt lat="45.40971" lon="-73.36516"><ele>16</ele></trkpt><trkpt lat="45.40980" lon="-73.36514"><ele>16</ele></trkpt><trkpt lat="45.40988" lon="-73.36512"><ele>16</ele></trkpt><trkpt lat="45.40995" lon="-73.36509"><ele>16</ele></trkpt><trkpt lat="45.41004" lon="-73.36507"><ele>15</ele></trkpt><trkpt lat="45.41013" lon="-73.36503"><ele>15</ele></trkpt><trkpt lat="45.41023" lon="-73.36500"><ele>15</ele></trkpt><trkpt lat="45.41029" lon="-73.36497"><ele>15</ele></trkpt><trkpt lat="45.41038" lon="-73.36493"><ele>15</ele></trkpt><trkpt lat="45.41047" lon="-73.36488"><ele>15</ele></trkpt><trkpt lat="45.41057" lon="-73.36484"><ele>15</ele></trkpt><trkpt lat="45.41060" lon="-73.36482"><ele>15</ele></trkpt><trkpt lat="45.41076" lon="-73.36474"><ele>15</ele></trkpt><trkpt lat="45.41083" lon="-73.36470"><ele>15</ele></trkpt><trkpt lat="45.41094" lon="-73.36464"><ele>15</ele></trkpt><trkpt lat="45.41110" lon="-73.36456"><ele>15</ele></trkpt><trkpt lat="45.41119" lon="-73.36451"><ele>15</ele></trkpt><trkpt lat="45.41125" lon="-73.36447"><ele>15</ele></trkpt><trkpt lat="45.41131" lon="-73.36444"><ele>15</ele></trkpt><trkpt lat="45.41136" lon="-73.36441"><ele>15</ele></trkpt><trkpt lat="45.41140" lon="-73.36438"><ele>15</ele></trkpt><trkpt lat="45.41145" lon="-73.36435"><ele>15</ele></trkpt><trkpt lat="45.41149" lon="-73.36432"><ele>15</ele></trkpt><trkpt lat="45.41153" lon="-73.36428"><ele>15</ele></trkpt><trkpt lat="45.41157" lon="-73.36425"><ele>15</ele></trkpt><trkpt lat="45.41161" lon="-73.36422"><ele>15</ele></trkpt><trkpt lat="45.41165" lon="-73.36418"><ele>15</ele></trkpt><trkpt lat="45.41169" lon="-73.36415"><ele>15</ele></trkpt><trkpt lat="45.41173" lon="-73.36411"><ele>15</ele></trkpt><trkpt lat="45.41176" lon="-73.36407"><ele>15</ele></trkpt><trkpt lat="45.41181" lon="-73.36403"><ele>15</ele></trkpt><trkpt lat="45.41186" lon="-73.36397"><ele>15</ele></trkpt><trkpt lat="45.41192" lon="-73.36390"><ele>15</ele></trkpt><trkpt lat="45.41197" lon="-73.36385"><ele>15</ele></trkpt><trkpt lat="45.41201" lon="-73.36380"><ele>15</ele></trkpt><trkpt lat="45.41205" lon="-73.36376"><ele>15</ele></trkpt><trkpt lat="45.41209" lon="-73.36371"><ele>15</ele></trkpt><trkpt lat="45.41214" lon="-73.36365"><ele>15</ele></trkpt><trkpt lat="45.41216" lon="-73.36363"><ele>15</ele></trkpt><trkpt lat="45.41219" lon="-73.36359"><ele>15</ele></trkpt><trkpt lat="45.41227" lon="-73.36350"><ele>15</ele></trkpt><trkpt lat="45.41238" lon="-73.36337"><ele>15</ele></trkpt><trkpt lat="45.41244" lon="-73.36329"><ele>15</ele></trkpt><trkpt lat="45.41248" lon="-73.36324"><ele>15</ele></trkpt><trkpt lat="45.41252" lon="-73.36320"><ele>15</ele></trkpt><trkpt lat="45.41255" lon="-73.36316"><ele>15</ele></trkpt><trkpt lat="45.41259" lon="-73.36312"><ele>15</ele></trkpt><trkpt lat="45.41263" lon="-73.36307"><ele>15</ele></trkpt><trkpt lat="45.41268" lon="-73.36302"><ele>15</ele></trkpt><trkpt lat="45.41272" lon="-73.36298"><ele>15</ele></trkpt><trkpt lat="45.41277" lon="-73.36292"><ele>15</ele></trkpt><trkpt lat="45.41282" lon="-73.36286"><ele>15</ele></trkpt><trkpt lat="45.41289" lon="-73.36279"><ele>15</ele></trkpt><trkpt lat="45.41290" lon="-73.36278"><ele>15</ele></trkpt><trkpt lat="45.41297" lon="-73.36270"><ele>15</ele></trkpt><trkpt lat="45.41307" lon="-73.36260"><ele>15</ele></trkpt><trkpt lat="45.41315" lon="-73.36251"><ele>15</ele></trkpt><trkpt lat="45.41322" lon="-73.36243"><ele>15</ele></trkpt><trkpt lat="45.41326" lon="-73.36239"><ele>15</ele></trkpt><trkpt lat="45.41327" lon="-73.36238"><ele>15</ele></trkpt><trkpt lat="45.41332" lon="-73.36233"><ele>15</ele></trkpt><trkpt lat="45.41338" lon="-73.36226"><ele>15</ele></trkpt><trkpt lat="45.41344" lon="-73.36219"><ele>15</ele></trkpt><trkpt lat="45.41351" lon="-73.36210"><ele>15</ele></trkpt><trkpt lat="45.41356" lon="-73.36206"><ele>15</ele></trkpt><trkpt lat="45.41362" lon="-73.36198"><ele>15</ele></trkpt><trkpt lat="45.41366" lon="-73.36193"><ele>15</ele></trkpt><trkpt lat="45.41373" lon="-73.36184"><ele>15</ele></trkpt><trkpt lat="45.41383" lon="-73.36172"><ele>15</ele></trkpt><trkpt lat="45.41392" lon="-73.36162"><ele>15</ele></trkpt><trkpt lat="45.41398" lon="-73.36154"><ele>15</ele></trkpt><trkpt lat="45.41405" lon="-73.36145"><ele>15</ele></trkpt><trkpt lat="45.41412" lon="-73.36138"><ele>15</ele></trkpt><trkpt lat="45.41417" lon="-73.36131"><ele>15</ele></trkpt><trkpt lat="45.41422" lon="-73.36126"><ele>15</ele></trkpt><trkpt lat="45.41426" lon="-73.36122"><ele>15</ele></trkpt><trkpt lat="45.41430" lon="-73.36117"><ele>15</ele></trkpt><trkpt lat="45.41434" lon="-73.36113"><ele>15</ele></trkpt><trkpt lat="45.41438" lon="-73.36110"><ele>15</ele></trkpt><trkpt lat="45.41443" lon="-73.36105"><ele>15</ele></trkpt><trkpt lat="45.41448" lon="-73.36100"><ele>15</ele></trkpt><trkpt lat="45.41454" lon="-73.36095"><ele>15</ele></trkpt><trkpt lat="45.41462" lon="-73.36088"><ele>15</ele></trkpt><trkpt lat="45.41474" lon="-73.36079"><ele>15</ele></trkpt><trkpt lat="45.41492" lon="-73.36066"><ele>15</ele></trkpt><trkpt lat="45.41510" lon="-73.36054"><ele>15</ele></trkpt><trkpt lat="45.41549" lon="-73.36027"><ele>15</ele></trkpt><trkpt lat="45.41598" lon="-73.35994"><ele>15</ele></trkpt><trkpt lat="45.41605" lon="-73.35989"><ele>14</ele></trkpt><trkpt lat="45.41633" lon="-73.35970"><ele>14</ele></trkpt><trkpt lat="45.41650" lon="-73.35959"><ele>14</ele></trkpt><trkpt lat="45.41658" lon="-73.35954"><ele>13</ele></trkpt><trkpt lat="45.41667" lon="-73.35949"><ele>13</ele></trkpt><trkpt lat="45.41675" lon="-73.35943"><ele>13</ele></trkpt><trkpt lat="45.41683" lon="-73.35938"><ele>13</ele></trkpt><trkpt lat="45.41692" lon="-73.35932"><ele>13</ele></trkpt><trkpt lat="45.41701" lon="-73.35927"><ele>12</ele></trkpt><trkpt lat="45.41709" lon="-73.35923"><ele>12</ele></trkpt><trkpt lat="45.41716" lon="-73.35919"><ele>12</ele></trkpt><trkpt lat="45.41722" lon="-73.35916"><ele>12</ele></trkpt><trkpt lat="45.41728" lon="-73.35913"><ele>12</ele></trkpt><trkpt lat="45.41736" lon="-73.35908"><ele>12</ele></trkpt><trkpt lat="45.41745" lon="-73.35904"><ele>12</ele></trkpt><trkpt lat="45.41752" lon="-73.35899"><ele>12</ele></trkpt><trkpt lat="45.41760" lon="-73.35894"><ele>12</ele></trkpt><trkpt lat="45.41768" lon="-73.35890"><ele>12</ele></trkpt><trkpt lat="45.41776" lon="-73.35884"><ele>12</ele></trkpt><trkpt lat="45.41782" lon="-73.35881"><ele>12</ele></trkpt><trkpt lat="45.41786" lon="-73.35879"><ele>11</ele></trkpt><trkpt lat="45.41791" lon="-73.35877"><ele>11</ele></trkpt><trkpt lat="45.41796" lon="-73.35876"><ele>11</ele></trkpt><trkpt lat="45.41800" lon="-73.35874"><ele>11</ele></trkpt><trkpt lat="45.41805" lon="-73.35873"><ele>11</ele></trkpt><trkpt lat="45.41809" lon="-73.35873"><ele>11</ele></trkpt><trkpt lat="45.41815" lon="-73.35872"><ele>11</ele></trkpt><trkpt lat="45.41823" lon="-73.35872"><ele>11</ele></trkpt><trkpt lat="45.41878" lon="-73.35870"><ele>11</ele></trkpt><trkpt lat="45.41910" lon="-73.35868"><ele>11</ele></trkpt><trkpt lat="45.41939" lon="-73.35867"><ele>11</ele></trkpt><trkpt lat="45.41960" lon="-73.35866"><ele>11</ele></trkpt><trkpt lat="45.41977" lon="-73.35865"><ele>11</ele></trkpt><trkpt lat="45.41995" lon="-73.35864"><ele>11</ele></trkpt><trkpt lat="45.42003" lon="-73.35863"><ele>12</ele></trkpt><trkpt lat="45.42017" lon="-73.35862"><ele>12</ele></trkpt><trkpt lat="45.42032" lon="-73.35861"><ele>12</ele></trkpt><trkpt lat="45.42055" lon="-73.35858"><ele>12</ele></trkpt><trkpt lat="45.42060" lon="-73.35858"><ele>12</ele></trkpt><trkpt lat="45.42082" lon="-73.35854"><ele>12</ele></trkpt><trkpt lat="45.42090" lon="-73.35853"><ele>12</ele></trkpt><trkpt lat="45.42098" lon="-73.35852"><ele>12</ele></trkpt><trkpt lat="45.42107" lon="-73.35851"><ele>12</ele></trkpt><trkpt lat="45.42116" lon="-73.35850"><ele>12</ele></trkpt><trkpt lat="45.42124" lon="-73.35849"><ele>12</ele></trkpt><trkpt lat="45.42125" lon="-73.35849"><ele>12</ele></trkpt><trkpt lat="45.42133" lon="-73.35848"><ele>12</ele></trkpt><trkpt lat="45.42140" lon="-73.35848"><ele>12</ele></trkpt><trkpt lat="45.42147" lon="-73.35849"><ele>12</ele></trkpt><trkpt lat="45.42154" lon="-73.35849"><ele>12</ele></trkpt><trkpt lat="45.42164" lon="-73.35850"><ele>12</ele></trkpt><trkpt lat="45.42175" lon="-73.35851"><ele>11</ele></trkpt><trkpt lat="45.42187" lon="-73.35853"><ele>11</ele></trkpt><trkpt lat="45.42200" lon="-73.35855"><ele>11</ele></trkpt><trkpt lat="45.42239" lon="-73.35862"><ele>11</ele></trkpt><trkpt lat="45.42278" lon="-73.35869"><ele>11</ele></trkpt><trkpt lat="45.42297" lon="-73.35873"><ele>11</ele></trkpt><trkpt lat="45.42306" lon="-73.35874"><ele>11</ele></trkpt><trkpt lat="45.42314" lon="-73.35875"><ele>11</ele></trkpt><trkpt lat="45.42319" lon="-73.35876"><ele>11</ele></trkpt><trkpt lat="45.42324" lon="-73.35876"><ele>11</ele></trkpt><trkpt lat="45.42329" lon="-73.35875"><ele>11</ele></trkpt><trkpt lat="45.42334" lon="-73.35874"><ele>11</ele></trkpt><trkpt lat="45.42341" lon="-73.35873"><ele>11</ele></trkpt><trkpt lat="45.42346" lon="-73.35871"><ele>11</ele></trkpt><trkpt lat="45.42352" lon="-73.35869"><ele>11</ele></trkpt><trkpt lat="45.42359" lon="-73.35865"><ele>11</ele></trkpt><trkpt lat="45.42368" lon="-73.35861"><ele>11</ele></trkpt><trkpt lat="45.42379" lon="-73.35855"><ele>11</ele></trkpt><trkpt lat="45.42395" lon="-73.35847"><ele>11</ele></trkpt><trkpt lat="45.42413" lon="-73.35837"><ele>11</ele></trkpt><trkpt lat="45.42435" lon="-73.35825"><ele>11</ele></trkpt><trkpt lat="45.42455" lon="-73.35814"><ele>11</ele></trkpt><trkpt lat="45.42461" lon="-73.35810"><ele>11</ele></trkpt><trkpt lat="45.42468" lon="-73.35805"><ele>11</ele></trkpt><trkpt lat="45.42470" lon="-73.35812"><ele>11</ele></trkpt><trkpt lat="45.42474" lon="-73.35819"><ele>11</ele></trkpt><trkpt lat="45.42490" lon="-73.35851"><ele>11</ele></trkpt><trkpt lat="45.42504" lon="-73.35879"><ele>11</ele></trkpt><trkpt lat="45.42512" lon="-73.35896"><ele>11</ele></trkpt><trkpt lat="45.42521" lon="-73.35914"><ele>12</ele></trkpt><trkpt lat="45.42530" lon="-73.35930"><ele>12</ele></trkpt><trkpt lat="45.42535" lon="-73.35941"><ele>12</ele></trkpt><trkpt lat="45.42539" lon="-73.35951"><ele>12</ele></trkpt><trkpt lat="45.42545" lon="-73.35962"><ele>12</ele></trkpt><trkpt lat="45.42550" lon="-73.35973"><ele>12</ele></trkpt><trkpt lat="45.42555" lon="-73.35985"><ele>12</ele></trkpt><trkpt lat="45.42560" lon="-73.35996"><ele>12</ele></trkpt><trkpt lat="45.42565" lon="-73.36006"><ele>12</ele></trkpt><trkpt lat="45.42569" lon="-73.36016"><ele>12</ele></trkpt><trkpt lat="45.42573" lon="-73.36025"><ele>12</ele></trkpt><trkpt lat="45.42576" lon="-73.36032"><ele>12</ele></trkpt><trkpt lat="45.42580" lon="-73.36042"><ele>12</ele></trkpt><trkpt lat="45.42584" lon="-73.36050"><ele>12</ele></trkpt><trkpt lat="45.42587" lon="-73.36058"><ele>12</ele></trkpt><trkpt lat="45.42591" lon="-73.36068"><ele>12</ele></trkpt><trkpt lat="45.42596" lon="-73.36080"><ele>12</ele></trkpt><trkpt lat="45.42601" lon="-73.36090"><ele>12</ele></trkpt><trkpt lat="45.42604" lon="-73.36097"><ele>12</ele></trkpt><trkpt lat="45.42606" lon="-73.36105"><ele>12</ele></trkpt><trkpt lat="45.42609" lon="-73.36112"><ele>12</ele></trkpt><trkpt lat="45.42613" lon="-73.36122"><ele>12</ele></trkpt><trkpt lat="45.42617" lon="-73.36133"><ele>12</ele></trkpt><trkpt lat="45.42621" lon="-73.36144"><ele>12</ele></trkpt><trkpt lat="45.42625" lon="-73.36154"><ele>12</ele></trkpt><trkpt lat="45.42629" lon="-73.36163"><ele>12</ele></trkpt><trkpt lat="45.42632" lon="-73.36172"><ele>12</ele></trkpt><trkpt lat="45.42636" lon="-73.36184"><ele>12</ele></trkpt><trkpt lat="45.42642" lon="-73.36199"><ele>12</ele></trkpt><trkpt lat="45.42648" lon="-73.36215"><ele>12</ele></trkpt><trkpt lat="45.42659" lon="-73.36247"><ele>12</ele></trkpt><trkpt lat="45.42676" lon="-73.36292"><ele>12</ele></trkpt><trkpt lat="45.42702" lon="-73.36365"><ele>12</ele></trkpt><trkpt lat="45.42707" lon="-73.36379"><ele>12</ele></trkpt><trkpt lat="45.42718" lon="-73.36406"><ele>12</ele></trkpt><trkpt lat="45.42723" lon="-73.36421"><ele>12</ele></trkpt><trkpt lat="45.42726" lon="-73.36428"><ele>12</ele></trkpt><trkpt lat="45.42728" lon="-73.36433"><ele>12</ele></trkpt><trkpt lat="45.42732" lon="-73.36441"><ele>12</ele></trkpt><trkpt lat="45.42735" lon="-73.36446"><ele>12</ele></trkpt><trkpt lat="45.42738" lon="-73.36451"><ele>12</ele></trkpt><trkpt lat="45.42742" lon="-73.36457"><ele>12</ele></trkpt><trkpt lat="45.42755" lon="-73.36476"><ele>12</ele></trkpt><trkpt lat="45.42772" lon="-73.36500"><ele>12</ele></trkpt><trkpt lat="45.42775" lon="-73.36503"><ele>12</ele></trkpt><trkpt lat="45.42785" lon="-73.36518"><ele>12</ele></trkpt><trkpt lat="45.42792" lon="-73.36527"><ele>12</ele></trkpt><trkpt lat="45.42797" lon="-73.36534"><ele>12</ele></trkpt><trkpt lat="45.42804" lon="-73.36544"><ele>12</ele></trkpt><trkpt lat="45.42812" lon="-73.36555"><ele>12</ele></trkpt><trkpt lat="45.42822" lon="-73.36568"><ele>12</ele></trkpt><trkpt lat="45.42829" lon="-73.36578"><ele>12</ele></trkpt><trkpt lat="45.42844" lon="-73.36599"><ele>12</ele></trkpt><trkpt lat="45.42866" lon="-73.36629"><ele>13</ele></trkpt><trkpt lat="45.42879" lon="-73.36647"><ele>13</ele></trkpt><trkpt lat="45.42890" lon="-73.36662"><ele>13</ele></trkpt><trkpt lat="45.42893" lon="-73.36666"><ele>13</ele></trkpt><trkpt lat="45.42899" lon="-73.36674"><ele>13</ele></trkpt><trkpt lat="45.42914" lon="-73.36696"><ele>13</ele></trkpt><trkpt lat="45.42938" lon="-73.36728"><ele>13</ele></trkpt><trkpt lat="45.42976" lon="-73.36780"><ele>12</ele></trkpt><trkpt lat="45.42986" lon="-73.36793"><ele>12</ele></trkpt><trkpt lat="45.42994" lon="-73.36805"><ele>12</ele></trkpt><trkpt lat="45.43002" lon="-73.36816"><ele>12</ele></trkpt><trkpt lat="45.43005" lon="-73.36821"><ele>12</ele></trkpt><trkpt lat="45.43029" lon="-73.36854"><ele>12</ele></trkpt><trkpt lat="45.43035" lon="-73.36862"><ele>12</ele></trkpt><trkpt lat="45.43045" lon="-73.36876"><ele>12</ele></trkpt><trkpt lat="45.43054" lon="-73.36888"><ele>12</ele></trkpt><trkpt lat="45.43060" lon="-73.36896"><ele>13</ele></trkpt><trkpt lat="45.43068" lon="-73.36907"><ele>13</ele></trkpt><trkpt lat="45.43088" lon="-73.36935"><ele>13</ele></trkpt><trkpt lat="45.43090" lon="-73.36937"><ele>13</ele></trkpt><trkpt lat="45.43105" lon="-73.36958"><ele>14</ele></trkpt><trkpt lat="45.43120" lon="-73.36979"><ele>14</ele></trkpt><trkpt lat="45.43134" lon="-73.36999"><ele>14</ele></trkpt><trkpt lat="45.43144" lon="-73.37012"><ele>15</ele></trkpt><trkpt lat="45.43176" lon="-73.37057"><ele>15</ele></trkpt><trkpt lat="45.43178" lon="-73.37059"><ele>15</ele></trkpt><trkpt lat="45.43182" lon="-73.37065"><ele>16</ele></trkpt><trkpt lat="45.43189" lon="-73.37074"><ele>16</ele></trkpt><trkpt lat="45.43204" lon="-73.37095"><ele>16</ele></trkpt><trkpt lat="45.43207" lon="-73.37099"><ele>16</ele></trkpt><trkpt lat="45.43219" lon="-73.37115"><ele>16</ele></trkpt><trkpt lat="45.43232" lon="-73.37134"><ele>16</ele></trkpt><trkpt lat="45.43257" lon="-73.37168"><ele>16</ele></trkpt><trkpt lat="45.43301" lon="-73.37228"><ele>16</ele></trkpt><trkpt lat="45.43322" lon="-73.37258"><ele>15</ele></trkpt><trkpt lat="45.43324" lon="-73.37260"><ele>15</ele></trkpt><trkpt lat="45.43373" lon="-73.37327"><ele>16</ele></trkpt><trkpt lat="45.43374" lon="-73.37329"><ele>16</ele></trkpt><trkpt lat="45.43382" lon="-73.37341"><ele>16</ele></trkpt><trkpt lat="45.43389" lon="-73.37350"><ele>16</ele></trkpt><trkpt lat="45.43395" lon="-73.37359"><ele>16</ele></trkpt><trkpt lat="45.43432" lon="-73.37407"><ele>16</ele></trkpt><trkpt lat="45.43433" lon="-73.37410"><ele>16</ele></trkpt><trkpt lat="45.43444" lon="-73.37424"><ele>16</ele></trkpt><trkpt lat="45.43453" lon="-73.37436"><ele>15</ele></trkpt><trkpt lat="45.43460" lon="-73.37446"><ele>15</ele></trkpt><trkpt lat="45.43471" lon="-73.37461"><ele>15</ele></trkpt><trkpt lat="45.43486" lon="-73.37483"><ele>15</ele></trkpt><trkpt lat="45.43505" lon="-73.37508"><ele>15</ele></trkpt><trkpt lat="45.43506" lon="-73.37510"><ele>15</ele></trkpt><trkpt lat="45.43516" lon="-73.37524"><ele>14</ele></trkpt><trkpt lat="45.43523" lon="-73.37534"><ele>14</ele></trkpt><trkpt lat="45.43528" lon="-73.37541"><ele>14</ele></trkpt><trkpt lat="45.43532" lon="-73.37548"><ele>14</ele></trkpt><trkpt lat="45.43539" lon="-73.37558"><ele>14</ele></trkpt><trkpt lat="45.43543" lon="-73.37564"><ele>14</ele></trkpt><trkpt lat="45.43547" lon="-73.37570"><ele>14</ele></trkpt><trkpt lat="45.43551" lon="-73.37577"><ele>14</ele></trkpt><trkpt lat="45.43554" lon="-73.37582"><ele>14</ele></trkpt><trkpt lat="45.43556" lon="-73.37587"><ele>14</ele></trkpt><trkpt lat="45.43559" lon="-73.37592"><ele>14</ele></trkpt><trkpt lat="45.43561" lon="-73.37595"><ele>14</ele></trkpt><trkpt lat="45.43563" lon="-73.37599"><ele>14</ele></trkpt><trkpt lat="45.43565" lon="-73.37603"><ele>14</ele></trkpt><trkpt lat="45.43567" lon="-73.37607"><ele>14</ele></trkpt><trkpt lat="45.43569" lon="-73.37611"><ele>15</ele></trkpt><trkpt lat="45.43571" lon="-73.37616"><ele>15</ele></trkpt><trkpt lat="45.43573" lon="-73.37620"><ele>15</ele></trkpt><trkpt lat="45.43574" lon="-73.37621"><ele>15</ele></trkpt><trkpt lat="45.43575" lon="-73.37624"><ele>15</ele></trkpt><trkpt lat="45.43577" lon="-73.37628"><ele>15</ele></trkpt><trkpt lat="45.43579" lon="-73.37633"><ele>15</ele></trkpt><trkpt lat="45.43580" lon="-73.37637"><ele>15</ele></trkpt><trkpt lat="45.43582" lon="-73.37641"><ele>15</ele></trkpt><trkpt lat="45.43583" lon="-73.37644"><ele>15</ele></trkpt><trkpt lat="45.43584" lon="-73.37647"><ele>15</ele></trkpt><trkpt lat="45.43585" lon="-73.37650"><ele>15</ele></trkpt><trkpt lat="45.43586" lon="-73.37652"><ele>15</ele></trkpt><trkpt lat="45.43587" lon="-73.37656"><ele>15</ele></trkpt><trkpt lat="45.43589" lon="-73.37661"><ele>15</ele></trkpt><trkpt lat="45.43591" lon="-73.37668"><ele>15</ele></trkpt><trkpt lat="45.43594" lon="-73.37676"><ele>15</ele></trkpt><trkpt lat="45.43596" lon="-73.37683"><ele>15</ele></trkpt><trkpt lat="45.43598" lon="-73.37691"><ele>15</ele></trkpt><trkpt lat="45.43600" lon="-73.37698"><ele>15</ele></trkpt><trkpt lat="45.43602" lon="-73.37705"><ele>15</ele></trkpt><trkpt lat="45.43604" lon="-73.37713"><ele>15</ele></trkpt><trkpt lat="45.43606" lon="-73.37722"><ele>16</ele></trkpt><trkpt lat="45.43608" lon="-73.37731"><ele>16</ele></trkpt><trkpt lat="45.43609" lon="-73.37738"><ele>16</ele></trkpt><trkpt lat="45.43610" lon="-73.37743"><ele>16</ele></trkpt><trkpt lat="45.43611" lon="-73.37746"><ele>16</ele></trkpt><trkpt lat="45.43612" lon="-73.37753"><ele>16</ele></trkpt><trkpt lat="45.43613" lon="-73.37760"><ele>16</ele></trkpt><trkpt lat="45.43614" lon="-73.37766"><ele>16</ele></trkpt><trkpt lat="45.43615" lon="-73.37773"><ele>16</ele></trkpt><trkpt lat="45.43616" lon="-73.37779"><ele>16</ele></trkpt><trkpt lat="45.43617" lon="-73.37784"><ele>16</ele></trkpt><trkpt lat="45.43618" lon="-73.37793"><ele>16</ele></trkpt><trkpt lat="45.43618" lon="-73.37800"><ele>16</ele></trkpt><trkpt lat="45.43619" lon="-73.37808"><ele>16</ele></trkpt><trkpt lat="45.43620" lon="-73.37817"><ele>16</ele></trkpt><trkpt lat="45.43620" lon="-73.37825"><ele>16</ele></trkpt><trkpt lat="45.43621" lon="-73.37832"><ele>16</ele></trkpt><trkpt lat="45.43621" lon="-73.37843"><ele>16</ele></trkpt><trkpt lat="45.43621" lon="-73.37851"><ele>16</ele></trkpt><trkpt lat="45.43621" lon="-73.37860"><ele>16</ele></trkpt><trkpt lat="45.43621" lon="-73.37869"><ele>16</ele></trkpt><trkpt lat="45.43621" lon="-73.37877"><ele>16</ele></trkpt><trkpt lat="45.43621" lon="-73.37885"><ele>16</ele></trkpt><trkpt lat="45.43621" lon="-73.37894"><ele>16</ele></trkpt><trkpt lat="45.43620" lon="-73.37901"><ele>16</ele></trkpt><trkpt lat="45.43620" lon="-73.37908"><ele>16</ele></trkpt><trkpt lat="45.43619" lon="-73.37917"><ele>16</ele></trkpt><trkpt lat="45.43618" lon="-73.37927"><ele>16</ele></trkpt><trkpt lat="45.43617" lon="-73.37937"><ele>15</ele></trkpt><trkpt lat="45.43615" lon="-73.37950"><ele>15</ele></trkpt><trkpt lat="45.43613" lon="-73.37963"><ele>15</ele></trkpt><trkpt lat="45.43610" lon="-73.37979"><ele>15</ele></trkpt><trkpt lat="45.43604" lon="-73.38008"><ele>15</ele></trkpt><trkpt lat="45.43597" lon="-73.38044"><ele>15</ele></trkpt><trkpt lat="45.43590" lon="-73.38075"><ele>14</ele></trkpt><trkpt lat="45.43589" lon="-73.38081"><ele>14</ele></trkpt><trkpt lat="45.43575" lon="-73.38150"><ele>14</ele></trkpt><trkpt lat="45.43575" lon="-73.38152"><ele>14</ele></trkpt><trkpt lat="45.43573" lon="-73.38163"><ele>14</ele></trkpt><trkpt lat="45.43571" lon="-73.38176"><ele>14</ele></trkpt><trkpt lat="45.43569" lon="-73.38188"><ele>14</ele></trkpt><trkpt lat="45.43568" lon="-73.38199"><ele>14</ele></trkpt><trkpt lat="45.43567" lon="-73.38212"><ele>14</ele></trkpt><trkpt lat="45.43566" lon="-73.38225"><ele>14</ele></trkpt><trkpt lat="45.43565" lon="-73.38239"><ele>14</ele></trkpt><trkpt lat="45.43565" lon="-73.38254"><ele>14</ele></trkpt><trkpt lat="45.43565" lon="-73.38266"><ele>14</ele></trkpt><trkpt lat="45.43566" lon="-73.38278"><ele>14</ele></trkpt><trkpt lat="45.43566" lon="-73.38282"><ele>14</ele></trkpt><trkpt lat="45.43566" lon="-73.38291"><ele>14</ele></trkpt><trkpt lat="45.43567" lon="-73.38305"><ele>14</ele></trkpt><trkpt lat="45.43568" lon="-73.38320"><ele>14</ele></trkpt><trkpt lat="45.43570" lon="-73.38333"><ele>14</ele></trkpt><trkpt lat="45.43571" lon="-73.38346"><ele>14</ele></trkpt><trkpt lat="45.43573" lon="-73.38360"><ele>14</ele></trkpt><trkpt lat="45.43576" lon="-73.38374"><ele>14</ele></trkpt><trkpt lat="45.43579" lon="-73.38387"><ele>14</ele></trkpt><trkpt lat="45.43581" lon="-73.38401"><ele>14</ele></trkpt><trkpt lat="45.43585" lon="-73.38414"><ele>14</ele></trkpt><trkpt lat="45.43588" lon="-73.38428"><ele>15</ele></trkpt><trkpt lat="45.43590" lon="-73.38434"><ele>15</ele></trkpt><trkpt lat="45.43592" lon="-73.38439"><ele>15</ele></trkpt><trkpt lat="45.43596" lon="-73.38451"><ele>15</ele></trkpt><trkpt lat="45.43600" lon="-73.38464"><ele>15</ele></trkpt><trkpt lat="45.43604" lon="-73.38476"><ele>15</ele></trkpt><trkpt lat="45.43609" lon="-73.38488"><ele>15</ele></trkpt><trkpt lat="45.43614" lon="-73.38500"><ele>15</ele></trkpt><trkpt lat="45.43618" lon="-73.38509"><ele>15</ele></trkpt><trkpt lat="45.43623" lon="-73.38519"><ele>15</ele></trkpt><trkpt lat="45.43628" lon="-73.38528"><ele>15</ele></trkpt><trkpt lat="45.43631" lon="-73.38534"><ele>15</ele></trkpt><trkpt lat="45.43633" lon="-73.38538"><ele>15</ele></trkpt><trkpt lat="45.43638" lon="-73.38546"><ele>15</ele></trkpt><trkpt lat="45.43643" lon="-73.38555"><ele>15</ele></trkpt><trkpt lat="45.43648" lon="-73.38562"><ele>15</ele></trkpt><trkpt lat="45.43653" lon="-73.38569"><ele>15</ele></trkpt><trkpt lat="45.43658" lon="-73.38577"><ele>15</ele></trkpt><trkpt lat="45.43668" lon="-73.38592"><ele>15</ele></trkpt><trkpt lat="45.43712" lon="-73.38657"><ele>16</ele></trkpt><trkpt lat="45.43739" lon="-73.38697"><ele>16</ele></trkpt><trkpt lat="45.43755" lon="-73.38721"><ele>16</ele></trkpt><trkpt lat="45.43775" lon="-73.38750"><ele>16</ele></trkpt><trkpt lat="45.43787" lon="-73.38768"><ele>16</ele></trkpt><trkpt lat="45.43850" lon="-73.38861"><ele>17</ele></trkpt><trkpt lat="45.43942" lon="-73.38999"><ele>18</ele></trkpt><trkpt lat="45.44004" lon="-73.39091"><ele>17</ele></trkpt><trkpt lat="45.44017" lon="-73.39110"><ele>17</ele></trkpt><trkpt lat="45.44017" lon="-73.39110"><ele>17</ele></trkpt><trkpt lat="45.44051" lon="-73.39159"><ele>17</ele></trkpt><trkpt lat="45.44100" lon="-73.39233"><ele>18</ele></trkpt><trkpt lat="45.44131" lon="-73.39280"><ele>18</ele></trkpt><trkpt lat="45.44186" lon="-73.39361"><ele>19</ele></trkpt><trkpt lat="45.44202" lon="-73.39385"><ele>19</ele></trkpt><trkpt lat="45.44236" lon="-73.39438"><ele>19</ele></trkpt><trkpt lat="45.44271" lon="-73.39493"><ele>20</ele></trkpt><trkpt lat="45.44368" lon="-73.39644"><ele>20</ele></trkpt><trkpt lat="45.44430" lon="-73.39741"><ele>20</ele></trkpt><trkpt lat="45.44499" lon="-73.39846"><ele>20</ele></trkpt><trkpt lat="45.44502" lon="-73.39851"><ele>20</ele></trkpt><trkpt lat="45.44512" lon="-73.39866"><ele>20</ele></trkpt><trkpt lat="45.44593" lon="-73.39990"><ele>20</ele></trkpt><trkpt lat="45.44624" lon="-73.40036"><ele>20</ele></trkpt><trkpt lat="45.44703" lon="-73.40156"><ele>20</ele></trkpt><trkpt lat="45.44754" lon="-73.40232"><ele>20</ele></trkpt><trkpt lat="45.44875" lon="-73.40414"><ele>20</ele></trkpt><trkpt lat="45.44875" lon="-73.40415"><ele>21</ele></trkpt><trkpt lat="45.44951" lon="-73.40529"><ele>21</ele></trkpt><trkpt lat="45.45026" lon="-73.40643"><ele>21</ele></trkpt><trkpt lat="45.45060" lon="-73.40695"><ele>20</ele></trkpt><trkpt lat="45.45083" lon="-73.40729"><ele>20</ele></trkpt><trkpt lat="45.45135" lon="-73.40808"><ele>20</ele></trkpt><trkpt lat="45.45139" lon="-73.40814"><ele>20</ele></trkpt><trkpt lat="45.45156" lon="-73.40836"><ele>20</ele></trkpt><trkpt lat="45.45180" lon="-73.40867"><ele>20</ele></trkpt><trkpt lat="45.45189" lon="-73.40878"><ele>21</ele></trkpt><trkpt lat="45.45232" lon="-73.40940"><ele>21</ele></trkpt><trkpt lat="45.45239" lon="-73.40951"><ele>22</ele></trkpt><trkpt lat="45.45264" lon="-73.40990"><ele>22</ele></trkpt><trkpt lat="45.45295" lon="-73.41036"><ele>22</ele></trkpt><trkpt lat="45.45301" lon="-73.41045"><ele>23</ele></trkpt><trkpt lat="45.45320" lon="-73.41073"><ele>23</ele></trkpt><trkpt lat="45.45324" lon="-73.41080"><ele>23</ele></trkpt><trkpt lat="45.45330" lon="-73.41090"><ele>23</ele></trkpt><trkpt lat="45.45343" lon="-73.41108"><ele>23</ele></trkpt><trkpt lat="45.45445" lon="-73.41262"><ele>24</ele></trkpt><trkpt lat="45.45497" lon="-73.41341"><ele>23</ele></trkpt><trkpt lat="45.45504" lon="-73.41352"><ele>23</ele></trkpt><trkpt lat="45.45548" lon="-73.41415"><ele>22</ele></trkpt><trkpt lat="45.45574" lon="-73.41454"><ele>21</ele></trkpt><trkpt lat="45.45585" lon="-73.41470"><ele>21</ele></trkpt><trkpt lat="45.45604" lon="-73.41498"><ele>21</ele></trkpt><trkpt lat="45.45605" lon="-73.41500"><ele>20</ele></trkpt><trkpt lat="45.45610" lon="-73.41508"><ele>20</ele></trkpt><trkpt lat="45.45617" lon="-73.41519"><ele>20</ele></trkpt><trkpt lat="45.45621" lon="-73.41525"><ele>20</ele></trkpt><trkpt lat="45.45658" lon="-73.41581"><ele>21</ele></trkpt><trkpt lat="45.45684" lon="-73.41621"><ele>21</ele></trkpt><trkpt lat="45.45709" lon="-73.41659"><ele>22</ele></trkpt><trkpt lat="45.45724" lon="-73.41681"><ele>22</ele></trkpt><trkpt lat="45.45741" lon="-73.41707"><ele>22</ele></trkpt><trkpt lat="45.45744" lon="-73.41712"><ele>22</ele></trkpt><trkpt lat="45.45748" lon="-73.41718"><ele>22</ele></trkpt><trkpt lat="45.45754" lon="-73.41727"><ele>22</ele></trkpt><trkpt lat="45.45763" lon="-73.41741"><ele>22</ele></trkpt><trkpt lat="45.45805" lon="-73.41806"><ele>22</ele></trkpt><trkpt lat="45.45813" lon="-73.41817"><ele>21</ele></trkpt><trkpt lat="45.45823" lon="-73.41833"><ele>21</ele></trkpt><trkpt lat="45.45838" lon="-73.41857"><ele>21</ele></trkpt><trkpt lat="45.45857" lon="-73.41886"><ele>21</ele></trkpt><trkpt lat="45.45877" lon="-73.41917"><ele>21</ele></trkpt><trkpt lat="45.45881" lon="-73.41923"><ele>21</ele></trkpt><trkpt lat="45.45886" lon="-73.41930"><ele>21</ele></trkpt><trkpt lat="45.45898" lon="-73.41949"><ele>21</ele></trkpt><trkpt lat="45.45900" lon="-73.41953"><ele>21</ele></trkpt><trkpt lat="45.45906" lon="-73.41960"><ele>21</ele></trkpt><trkpt lat="45.45915" lon="-73.41973"><ele>21</ele></trkpt><trkpt lat="45.45905" lon="-73.41987"><ele>21</ele></trkpt><trkpt lat="45.45900" lon="-73.41993"><ele>21</ele></trkpt><trkpt lat="45.45899" lon="-73.41995"><ele>21</ele></trkpt><trkpt lat="45.45873" lon="-73.42030"><ele>21</ele></trkpt><trkpt lat="45.45862" lon="-73.42045"><ele>21</ele></trkpt><trkpt lat="45.45858" lon="-73.42051"><ele>20</ele></trkpt><trkpt lat="45.45855" lon="-73.42055"><ele>20</ele></trkpt><trkpt lat="45.45853" lon="-73.42057"><ele>20</ele></trkpt><trkpt lat="45.45849" lon="-73.42062"><ele>20</ele></trkpt><trkpt lat="45.45845" lon="-73.42067"><ele>20</ele></trkpt><trkpt lat="45.45844" lon="-73.42068"><ele>20</ele></trkpt><trkpt lat="45.45839" lon="-73.42073"><ele>20</ele></trkpt><trkpt lat="45.45834" lon="-73.42078"><ele>20</ele></trkpt><trkpt lat="45.45829" lon="-73.42082"><ele>20</ele></trkpt><trkpt lat="45.45823" lon="-73.42086"><ele>20</ele></trkpt><trkpt lat="45.45818" lon="-73.42090"><ele>20</ele></trkpt><trkpt lat="45.45813" lon="-73.42093"><ele>19</ele></trkpt><trkpt lat="45.45807" lon="-73.42096"><ele>19</ele></trkpt><trkpt lat="45.45802" lon="-73.42098"><ele>19</ele></trkpt><trkpt lat="45.45796" lon="-73.42100"><ele>19</ele></trkpt><trkpt lat="45.45790" lon="-73.42101"><ele>19</ele></trkpt><trkpt lat="45.45784" lon="-73.42103"><ele>19</ele></trkpt><trkpt lat="45.45778" lon="-73.42104"><ele>19</ele></trkpt><trkpt lat="45.45772" lon="-73.42104"><ele>19</ele></trkpt><trkpt lat="45.45769" lon="-73.42104"><ele>19</ele></trkpt><trkpt lat="45.45766" lon="-73.42104"><ele>18</ele></trkpt><trkpt lat="45.45761" lon="-73.42104"><ele>18</ele></trkpt><trkpt lat="45.45755" lon="-73.42104"><ele>18</ele></trkpt><trkpt lat="45.45753" lon="-73.42103"><ele>18</ele></trkpt><trkpt lat="45.45745" lon="-73.42101"><ele>18</ele></trkpt><trkpt lat="45.45738" lon="-73.42099"><ele>18</ele></trkpt><trkpt lat="45.45718" lon="-73.42094"><ele>18</ele></trkpt><trkpt lat="45.45682" lon="-73.42084"><ele>17</ele></trkpt><trkpt lat="45.45671" lon="-73.42081"><ele>17</ele></trkpt><trkpt lat="45.45661" lon="-73.42078"><ele>17</ele></trkpt><trkpt lat="45.45653" lon="-73.42077"><ele>17</ele></trkpt><trkpt lat="45.45646" lon="-73.42076"><ele>17</ele></trkpt><trkpt lat="45.45638" lon="-73.42075"><ele>16</ele></trkpt><trkpt lat="45.45632" lon="-73.42076"><ele>16</ele></trkpt><trkpt lat="45.45625" lon="-73.42076"><ele>16</ele></trkpt><trkpt lat="45.45618" lon="-73.42078"><ele>16</ele></trkpt><trkpt lat="45.45611" lon="-73.42080"><ele>16</ele></trkpt><trkpt lat="45.45604" lon="-73.42082"><ele>16</ele></trkpt><trkpt lat="45.45596" lon="-73.42086"><ele>16</ele></trkpt><trkpt lat="45.45589" lon="-73.42090"><ele>16</ele></trkpt><trkpt lat="45.45583" lon="-73.42094"><ele>16</ele></trkpt><trkpt lat="45.45576" lon="-73.42099"><ele>16</ele></trkpt><trkpt lat="45.45569" lon="-73.42105"><ele>16</ele></trkpt><trkpt lat="45.45562" lon="-73.42112"><ele>16</ele></trkpt><trkpt lat="45.45555" lon="-73.42119"><ele>16</ele></trkpt><trkpt lat="45.45550" lon="-73.42126"><ele>16</ele></trkpt><trkpt lat="45.45547" lon="-73.42130"><ele>16</ele></trkpt><trkpt lat="45.45547" lon="-73.42130"><ele>16</ele></trkpt><trkpt lat="45.45544" lon="-73.42135"><ele>16</ele></trkpt><trkpt lat="45.45533" lon="-73.42151"><ele>16</ele></trkpt><trkpt lat="45.45511" lon="-73.42184"><ele>16</ele></trkpt><trkpt lat="45.45503" lon="-73.42194"><ele>16</ele></trkpt><trkpt lat="45.45497" lon="-73.42203"><ele>16</ele></trkpt><trkpt lat="45.45479" lon="-73.42229"><ele>16</ele></trkpt><trkpt lat="45.45474" lon="-73.42236"><ele>16</ele></trkpt><trkpt lat="45.45470" lon="-73.42243"><ele>16</ele></trkpt><trkpt lat="45.45356" lon="-73.42409"><ele>17</ele></trkpt><trkpt lat="45.45343" lon="-73.42427"><ele>18</ele></trkpt><trkpt lat="45.45326" lon="-73.42452"><ele>19</ele></trkpt><trkpt lat="45.45317" lon="-73.42465"><ele>19</ele></trkpt><trkpt lat="45.45299" lon="-73.42492"><ele>19</ele></trkpt><trkpt lat="45.45296" lon="-73.42496"><ele>19</ele></trkpt><trkpt lat="45.45291" lon="-73.42502"><ele>19</ele></trkpt><trkpt lat="45.45287" lon="-73.42509"><ele>19</ele></trkpt><trkpt lat="45.45206" lon="-73.42626"><ele>19</ele></trkpt><trkpt lat="45.45191" lon="-73.42648"><ele>20</ele></trkpt><trkpt lat="45.45170" lon="-73.42679"><ele>20</ele></trkpt><trkpt lat="45.45151" lon="-73.42706"><ele>20</ele></trkpt><trkpt lat="45.45150" lon="-73.42709"><ele>21</ele></trkpt><trkpt lat="45.45140" lon="-73.42723"><ele>21</ele></trkpt><trkpt lat="45.45137" lon="-73.42727"><ele>21</ele></trkpt><trkpt lat="45.45128" lon="-73.42740"><ele>21</ele></trkpt><trkpt lat="45.45118" lon="-73.42755"><ele>22</ele></trkpt><trkpt lat="45.45114" lon="-73.42762"><ele>22</ele></trkpt><trkpt lat="45.45110" lon="-73.42768"><ele>22</ele></trkpt><trkpt lat="45.45104" lon="-73.42778"><ele>22</ele></trkpt><trkpt lat="45.45097" lon="-73.42789"><ele>23</ele></trkpt><trkpt lat="45.45092" lon="-73.42799"><ele>23</ele></trkpt><trkpt lat="45.45087" lon="-73.42806"><ele>23</ele></trkpt><trkpt lat="45.45081" lon="-73.42816"><ele>23</ele></trkpt><trkpt lat="45.45076" lon="-73.42825"><ele>23</ele></trkpt><trkpt lat="45.45070" lon="-73.42837"><ele>23</ele></trkpt><trkpt lat="45.45064" lon="-73.42848"><ele>23</ele></trkpt><trkpt lat="45.45051" lon="-73.42872"><ele>23</ele></trkpt><trkpt lat="45.45045" lon="-73.42883"><ele>23</ele></trkpt><trkpt lat="45.45039" lon="-73.42896"><ele>22</ele></trkpt><trkpt lat="45.45032" lon="-73.42907"><ele>22</ele></trkpt><trkpt lat="45.45026" lon="-73.42920"><ele>22</ele></trkpt><trkpt lat="45.45016" lon="-73.42937"><ele>22</ele></trkpt><trkpt lat="45.45002" lon="-73.42963"><ele>21</ele></trkpt><trkpt lat="45.44981" lon="-73.43000"><ele>21</ele></trkpt><trkpt lat="45.44940" lon="-73.43070"><ele>20</ele></trkpt><trkpt lat="45.44926" lon="-73.43095"><ele>20</ele></trkpt><trkpt lat="45.44909" lon="-73.43124"><ele>19</ele></trkpt><trkpt lat="45.44904" lon="-73.43131"><ele>19</ele></trkpt><trkpt lat="45.44900" lon="-73.43138"><ele>19</ele></trkpt><trkpt lat="45.44892" lon="-73.43150"><ele>18</ele></trkpt><trkpt lat="45.44888" lon="-73.43156"><ele>18</ele></trkpt><trkpt lat="45.44855" lon="-73.43211"><ele>18</ele></trkpt><trkpt lat="45.44812" lon="-73.43278"><ele>18</ele></trkpt><trkpt lat="45.44762" lon="-73.43359"><ele>18</ele></trkpt><trkpt lat="45.44728" lon="-73.43417"><ele>18</ele></trkpt><trkpt lat="45.44684" lon="-73.43492"><ele>19</ele></trkpt><trkpt lat="45.44643" lon="-73.43566"><ele>18</ele></trkpt><trkpt lat="45.44614" lon="-73.43618"><ele>18</ele></trkpt><trkpt lat="45.44608" lon="-73.43629"><ele>17</ele></trkpt><trkpt lat="45.44591" lon="-73.43660"><ele>17</ele></trkpt><trkpt lat="45.44589" lon="-73.43663"><ele>17</ele></trkpt><trkpt lat="45.44581" lon="-73.43676"><ele>16</ele></trkpt><trkpt lat="45.44574" lon="-73.43688"><ele>16</ele></trkpt><trkpt lat="45.44554" lon="-73.43722"><ele>15</ele></trkpt><trkpt lat="45.44528" lon="-73.43766"><ele>15</ele></trkpt><trkpt lat="45.44511" lon="-73.43795"><ele>15</ele></trkpt><trkpt lat="45.44509" lon="-73.43798"><ele>15</ele></trkpt><trkpt lat="45.44502" lon="-73.43809"><ele>15</ele></trkpt><trkpt lat="45.44495" lon="-73.43820"><ele>15</ele></trkpt><trkpt lat="45.44485" lon="-73.43808"><ele>15</ele></trkpt><trkpt lat="45.44478" lon="-73.43799"><ele>15</ele></trkpt><trkpt lat="45.44461" lon="-73.43776"><ele>15</ele></trkpt><trkpt lat="45.44452" lon="-73.43765"><ele>15</ele></trkpt><trkpt lat="45.44441" lon="-73.43750"><ele>15</ele></trkpt><trkpt lat="45.44435" lon="-73.43743"><ele>15</ele></trkpt><trkpt lat="45.44420" lon="-73.43724"><ele>15</ele></trkpt><trkpt lat="45.44401" lon="-73.43699"><ele>15</ele></trkpt><trkpt lat="45.44391" lon="-73.43686"><ele>15</ele></trkpt><trkpt lat="45.44390" lon="-73.43684"><ele>15</ele></trkpt><trkpt lat="45.44390" lon="-73.43684"><ele>15</ele></trkpt><trkpt lat="45.44388" lon="-73.43682"><ele>15</ele></trkpt><trkpt lat="45.44384" lon="-73.43677"><ele>15</ele></trkpt><trkpt lat="45.44380" lon="-73.43671"><ele>15</ele></trkpt><trkpt lat="45.44366" lon="-73.43654"><ele>15</ele></trkpt><trkpt lat="45.44354" lon="-73.43638"><ele>15</ele></trkpt><trkpt lat="45.44345" lon="-73.43626"><ele>15</ele></trkpt><trkpt lat="45.44340" lon="-73.43619"><ele>15</ele></trkpt><trkpt lat="45.44335" lon="-73.43614"><ele>15</ele></trkpt><trkpt lat="45.44332" lon="-73.43610"><ele>15</ele></trkpt><trkpt lat="45.44328" lon="-73.43606"><ele>15</ele></trkpt><trkpt lat="45.44325" lon="-73.43602"><ele>15</ele></trkpt><trkpt lat="45.44322" lon="-73.43599"><ele>15</ele></trkpt><trkpt lat="45.44319" lon="-73.43596"><ele>15</ele></trkpt><trkpt lat="45.44316" lon="-73.43594"><ele>15</ele></trkpt><trkpt lat="45.44313" lon="-73.43592"><ele>15</ele></trkpt><trkpt lat="45.44309" lon="-73.43590"><ele>15</ele></trkpt><trkpt lat="45.44306" lon="-73.43589"><ele>15</ele></trkpt><trkpt lat="45.44302" lon="-73.43589"><ele>15</ele></trkpt><trkpt lat="45.44297" lon="-73.43588"><ele>15</ele></trkpt><trkpt lat="45.44292" lon="-73.43588"><ele>15</ele></trkpt><trkpt lat="45.44287" lon="-73.43589"><ele>15</ele></trkpt><trkpt lat="45.44282" lon="-73.43590"><ele>15</ele></trkpt><trkpt lat="45.44279" lon="-73.43592"><ele>15</ele></trkpt><trkpt lat="45.44275" lon="-73.43595"><ele>15</ele></trkpt><trkpt lat="45.44271" lon="-73.43597"><ele>15</ele></trkpt><trkpt lat="45.44268" lon="-73.43600"><ele>15</ele></trkpt><trkpt lat="45.44264" lon="-73.43604"><ele>15</ele></trkpt><trkpt lat="45.44259" lon="-73.43610"><ele>15</ele></trkpt><trkpt lat="45.44254" lon="-73.43616"><ele>15</ele></trkpt><trkpt lat="45.44248" lon="-73.43626"><ele>15</ele></trkpt><trkpt lat="45.44228" lon="-73.43653"><ele>15</ele></trkpt><trkpt lat="45.44194" lon="-73.43698"><ele>15</ele></trkpt><trkpt lat="45.44182" lon="-73.43715"><ele>15</ele></trkpt><trkpt lat="45.44180" lon="-73.43718"><ele>15</ele></trkpt><trkpt lat="45.44172" lon="-73.43728"><ele>15</ele></trkpt><trkpt lat="45.44166" lon="-73.43737"><ele>15</ele></trkpt><trkpt lat="45.44142" lon="-73.43770"><ele>15</ele></trkpt><trkpt lat="45.44112" lon="-73.43810"><ele>15</ele></trkpt><trkpt lat="45.44093" lon="-73.43837"><ele>15</ele></trkpt><trkpt lat="45.44074" lon="-73.43862"><ele>15</ele></trkpt><trkpt lat="45.44061" lon="-73.43880"><ele>15</ele></trkpt><trkpt lat="45.44051" lon="-73.43894"><ele>15</ele></trkpt><trkpt lat="45.44028" lon="-73.43926"><ele>15</ele></trkpt><trkpt lat="45.44006" lon="-73.43956"><ele>15</ele></trkpt><trkpt lat="45.44004" lon="-73.43958"><ele>15</ele></trkpt><trkpt lat="45.43995" lon="-73.43971"><ele>15</ele></trkpt><trkpt lat="45.44002" lon="-73.43981"><ele>15</ele></trkpt><trkpt lat="45.44031" lon="-73.44019"><ele>15</ele></trkpt><trkpt lat="45.44050" lon="-73.44045"><ele>15</ele></trkpt><trkpt lat="45.44065" lon="-73.44065"><ele>15</ele></trkpt><trkpt lat="45.44065" lon="-73.44065"><ele>15</ele></trkpt><trkpt lat="45.44070" lon="-73.44071"><ele>15</ele></trkpt><trkpt lat="45.44077" lon="-73.44081"><ele>15</ele></trkpt><trkpt lat="45.44087" lon="-73.44095"><ele>15</ele></trkpt><trkpt lat="45.44098" lon="-73.44109"><ele>15</ele></trkpt><trkpt lat="45.44113" lon="-73.44129"><ele>15</ele></trkpt><trkpt lat="45.44123" lon="-73.44143"><ele>15</ele></trkpt><trkpt lat="45.44130" lon="-73.44153"><ele>15</ele></trkpt><trkpt lat="45.44151" lon="-73.44179"><ele>15</ele></trkpt><trkpt lat="45.44153" lon="-73.44182"><ele>15</ele></trkpt><trkpt lat="45.44161" lon="-73.44195"><ele>15</ele></trkpt><trkpt lat="45.44171" lon="-73.44208"><ele>15</ele></trkpt><trkpt lat="45.44179" lon="-73.44219"><ele>15</ele></trkpt><trkpt lat="45.44197" lon="-73.44244"><ele>15</ele></trkpt><trkpt lat="45.44206" lon="-73.44256"><ele>15</ele></trkpt><trkpt lat="45.44301" lon="-73.44388"><ele>15</ele></trkpt><trkpt lat="45.44324" lon="-73.44420"><ele>15</ele></trkpt><trkpt lat="45.44346" lon="-73.44451"><ele>15</ele></trkpt><trkpt lat="45.44348" lon="-73.44454"><ele>16</ele></trkpt><trkpt lat="45.44356" lon="-73.44465"><ele>16</ele></trkpt><trkpt lat="45.44441" lon="-73.44584"><ele>16</ele></trkpt><trkpt lat="45.44487" lon="-73.44648"><ele>16</ele></trkpt><trkpt lat="45.44507" lon="-73.44675"><ele>17</ele></trkpt><trkpt lat="45.44526" lon="-73.44702"><ele>17</ele></trkpt><trkpt lat="45.44528" lon="-73.44705"><ele>17</ele></trkpt><trkpt lat="45.44536" lon="-73.44716"><ele>17</ele></trkpt><trkpt lat="45.44551" lon="-73.44738"><ele>17</ele></trkpt><trkpt lat="45.44557" lon="-73.44747"><ele>17</ele></trkpt><trkpt lat="45.44564" lon="-73.44759"><ele>17</ele></trkpt><trkpt lat="45.44571" lon="-73.44771"><ele>17</ele></trkpt><trkpt lat="45.44579" lon="-73.44784"><ele>17</ele></trkpt><trkpt lat="45.44586" lon="-73.44796"><ele>17</ele></trkpt><trkpt lat="45.44596" lon="-73.44815"><ele>17</ele></trkpt><trkpt lat="45.44610" lon="-73.44840"><ele>17</ele></trkpt><trkpt lat="45.44618" lon="-73.44856"><ele>17</ele></trkpt><trkpt lat="45.44638" lon="-73.44892"><ele>16</ele></trkpt><trkpt lat="45.44654" lon="-73.44922"><ele>16</ele></trkpt><trkpt lat="45.44656" lon="-73.44925"><ele>16</ele></trkpt><trkpt lat="45.44665" lon="-73.44941"><ele>16</ele></trkpt><trkpt lat="45.44694" lon="-73.44996"><ele>15</ele></trkpt><trkpt lat="45.44706" lon="-73.45018"><ele>15</ele></trkpt><trkpt lat="45.44715" lon="-73.45037"><ele>15</ele></trkpt><trkpt lat="45.44738" lon="-73.45084"><ele>16</ele></trkpt><trkpt lat="45.44756" lon="-73.45119"><ele>16</ele></trkpt><trkpt lat="45.44770" lon="-73.45146"><ele>17</ele></trkpt><trkpt lat="45.44783" lon="-73.45172"><ele>17</ele></trkpt><trkpt lat="45.44822" lon="-73.45246"><ele>18</ele></trkpt><trkpt lat="45.44839" lon="-73.45278"><ele>18</ele></trkpt><trkpt lat="45.44866" lon="-73.45330"><ele>19</ele></trkpt><trkpt lat="45.44882" lon="-73.45360"><ele>19</ele></trkpt><trkpt lat="45.44889" lon="-73.45372"><ele>19</ele></trkpt><trkpt lat="45.44894" lon="-73.45382"><ele>19</ele></trkpt><trkpt lat="45.44900" lon="-73.45393"><ele>19</ele></trkpt><trkpt lat="45.44907" lon="-73.45404"><ele>19</ele></trkpt><trkpt lat="45.44912" lon="-73.45412"><ele>19</ele></trkpt><trkpt lat="45.44919" lon="-73.45422"><ele>19</ele></trkpt><trkpt lat="45.44923" lon="-73.45429"><ele>19</ele></trkpt><trkpt lat="45.44931" lon="-73.45441"><ele>19</ele></trkpt><trkpt lat="45.44937" lon="-73.45449"><ele>19</ele></trkpt><trkpt lat="45.44944" lon="-73.45458"><ele>19</ele></trkpt><trkpt lat="45.44958" lon="-73.45476"><ele>19</ele></trkpt><trkpt lat="45.44967" lon="-73.45488"><ele>19</ele></trkpt><trkpt lat="45.44975" lon="-73.45497"><ele>19</ele></trkpt><trkpt lat="45.44994" lon="-73.45519"><ele>19</ele></trkpt><trkpt lat="45.45011" lon="-73.45539"><ele>19</ele></trkpt><trkpt lat="45.45023" lon="-73.45553"><ele>19</ele></trkpt><trkpt lat="45.45038" lon="-73.45571"><ele>18</ele></trkpt><trkpt lat="45.45054" lon="-73.45591"><ele>18</ele></trkpt><trkpt lat="45.45071" lon="-73.45612"><ele>18</ele></trkpt><trkpt lat="45.45074" lon="-73.45616"><ele>18</ele></trkpt><trkpt lat="45.45084" lon="-73.45629"><ele>18</ele></trkpt><trkpt lat="45.45096" lon="-73.45646"><ele>18</ele></trkpt><trkpt lat="45.45110" lon="-73.45666"><ele>18</ele></trkpt><trkpt lat="45.45125" lon="-73.45689"><ele>18</ele></trkpt><trkpt lat="45.45144" lon="-73.45718"><ele>18</ele></trkpt><trkpt lat="45.45146" lon="-73.45720"><ele>18</ele></trkpt><trkpt lat="45.45153" lon="-73.45731"><ele>18</ele></trkpt><trkpt lat="45.45161" lon="-73.45745"><ele>18</ele></trkpt><trkpt lat="45.45167" lon="-73.45755"><ele>18</ele></trkpt><trkpt lat="45.45185" lon="-73.45785"><ele>18</ele></trkpt><trkpt lat="45.45193" lon="-73.45800"><ele>18</ele></trkpt><trkpt lat="45.45201" lon="-73.45815"><ele>18</ele></trkpt><trkpt lat="45.45209" lon="-73.45828"><ele>18</ele></trkpt><trkpt lat="45.45216" lon="-73.45841"><ele>18</ele></trkpt><trkpt lat="45.45225" lon="-73.45859"><ele>19</ele></trkpt><trkpt lat="45.45229" lon="-73.45865"><ele>19</ele></trkpt><trkpt lat="45.45238" lon="-73.45883"><ele>19</ele></trkpt><trkpt lat="45.45243" lon="-73.45893"><ele>19</ele></trkpt><trkpt lat="45.45249" lon="-73.45907"><ele>19</ele></trkpt><trkpt lat="45.45256" lon="-73.45921"><ele>19</ele></trkpt><trkpt lat="45.45264" lon="-73.45937"><ele>19</ele></trkpt><trkpt lat="45.45281" lon="-73.45976"><ele>19</ele></trkpt><trkpt lat="45.45327" lon="-73.46080"><ele>19</ele></trkpt><trkpt lat="45.45343" lon="-73.46114"><ele>19</ele></trkpt><trkpt lat="45.45355" lon="-73.46141"><ele>19</ele></trkpt><trkpt lat="45.45360" lon="-73.46153"><ele>19</ele></trkpt><trkpt lat="45.45365" lon="-73.46164"><ele>19</ele></trkpt><trkpt lat="45.45424" lon="-73.46296"><ele>18</ele></trkpt><trkpt lat="45.45425" lon="-73.46299"><ele>18</ele></trkpt><trkpt lat="45.45431" lon="-73.46312"><ele>18</ele></trkpt><trkpt lat="45.45450" lon="-73.46357"><ele>17</ele></trkpt><trkpt lat="45.45458" lon="-73.46376"><ele>17</ele></trkpt><trkpt lat="45.45463" lon="-73.46387"><ele>17</ele></trkpt><trkpt lat="45.45473" lon="-73.46411"><ele>17</ele></trkpt><trkpt lat="45.45485" lon="-73.46440"><ele>16</ele></trkpt><trkpt lat="45.45487" lon="-73.46444"><ele>16</ele></trkpt><trkpt lat="45.45493" lon="-73.46457"><ele>16</ele></trkpt><trkpt lat="45.45494" lon="-73.46461"><ele>16</ele></trkpt><trkpt lat="45.45511" lon="-73.46500"><ele>16</ele></trkpt><trkpt lat="45.45511" lon="-73.46501"><ele>15</ele></trkpt><trkpt lat="45.45516" lon="-73.46512"><ele>15</ele></trkpt><trkpt lat="45.45530" lon="-73.46544"><ele>15</ele></trkpt><trkpt lat="45.45535" lon="-73.46555"><ele>15</ele></trkpt><trkpt lat="45.45539" lon="-73.46566"><ele>15</ele></trkpt><trkpt lat="45.45549" lon="-73.46589"><ele>15</ele></trkpt><trkpt lat="45.45559" lon="-73.46614"><ele>15</ele></trkpt><trkpt lat="45.45560" lon="-73.46618"><ele>15</ele></trkpt><trkpt lat="45.45568" lon="-73.46638"><ele>15</ele></trkpt><trkpt lat="45.45572" lon="-73.46647"><ele>15</ele></trkpt><trkpt lat="45.45575" lon="-73.46656"><ele>15</ele></trkpt><trkpt lat="45.45578" lon="-73.46666"><ele>15</ele></trkpt><trkpt lat="45.45581" lon="-73.46674"><ele>15</ele></trkpt><trkpt lat="45.45587" lon="-73.46692"><ele>15</ele></trkpt><trkpt lat="45.45590" lon="-73.46699"><ele>15</ele></trkpt><trkpt lat="45.45593" lon="-73.46710"><ele>15</ele></trkpt><trkpt lat="45.45596" lon="-73.46719"><ele>15</ele></trkpt><trkpt lat="45.45598" lon="-73.46729"><ele>15</ele></trkpt><trkpt lat="45.45601" lon="-73.46737"><ele>15</ele></trkpt><trkpt lat="45.45604" lon="-73.46748"><ele>15</ele></trkpt><trkpt lat="45.45607" lon="-73.46761"><ele>15</ele></trkpt><trkpt lat="45.45609" lon="-73.46772"><ele>15</ele></trkpt><trkpt lat="45.45612" lon="-73.46781"><ele>15</ele></trkpt><trkpt lat="45.45616" lon="-73.46799"><ele>15</ele></trkpt><trkpt lat="45.45620" lon="-73.46821"><ele>16</ele></trkpt><trkpt lat="45.45621" lon="-73.46827"><ele>16</ele></trkpt><trkpt lat="45.45622" lon="-73.46841"><ele>16</ele></trkpt><trkpt lat="45.45623" lon="-73.46852"><ele>16</ele></trkpt><trkpt lat="45.45625" lon="-73.46863"><ele>16</ele></trkpt><trkpt lat="45.45627" lon="-73.46878"><ele>16</ele></trkpt><trkpt lat="45.45630" lon="-73.46895"><ele>16</ele></trkpt><trkpt lat="45.45632" lon="-73.46911"><ele>16</ele></trkpt><trkpt lat="45.45633" lon="-73.46926"><ele>16</ele></trkpt><trkpt lat="45.45635" lon="-73.46943"><ele>16</ele></trkpt><trkpt lat="45.45636" lon="-73.46958"><ele>17</ele></trkpt><trkpt lat="45.45637" lon="-73.46974"><ele>17</ele></trkpt><trkpt lat="45.45638" lon="-73.46990"><ele>17</ele></trkpt><trkpt lat="45.45639" lon="-73.47005"><ele>17</ele></trkpt><trkpt lat="45.45640" lon="-73.47020"><ele>17</ele></trkpt><trkpt lat="45.45641" lon="-73.47048"><ele>17</ele></trkpt><trkpt lat="45.45643" lon="-73.47102"><ele>17</ele></trkpt><trkpt lat="45.45644" lon="-73.47156"><ele>17</ele></trkpt><trkpt lat="45.45648" lon="-73.47263"><ele>17</ele></trkpt><trkpt lat="45.45651" lon="-73.47370"><ele>17</ele></trkpt><trkpt lat="45.45655" lon="-73.47478"><ele>17</ele></trkpt><trkpt lat="45.45657" lon="-73.47532"><ele>17</ele></trkpt><trkpt lat="45.45658" lon="-73.47567"><ele>16</ele></trkpt><trkpt lat="45.45658" lon="-73.47574"><ele>16</ele></trkpt><trkpt lat="45.45658" lon="-73.47584"><ele>16</ele></trkpt><trkpt lat="45.45659" lon="-73.47593"><ele>16</ele></trkpt><trkpt lat="45.45668" lon="-73.47870"><ele>16</ele></trkpt><trkpt lat="45.45670" lon="-73.47912"><ele>16</ele></trkpt><trkpt lat="45.45670" lon="-73.47917"><ele>16</ele></trkpt><trkpt lat="45.45671" lon="-73.47954"><ele>16</ele></trkpt><trkpt lat="45.45671" lon="-73.47957"><ele>16</ele></trkpt><trkpt lat="45.45672" lon="-73.47966"><ele>16</ele></trkpt><trkpt lat="45.45672" lon="-73.47979"><ele>16</ele></trkpt><trkpt lat="45.45672" lon="-73.47987"><ele>16</ele></trkpt><trkpt lat="45.45674" lon="-73.48021"><ele>16</ele></trkpt><trkpt lat="45.45674" lon="-73.48042"><ele>16</ele></trkpt><trkpt lat="45.45676" lon="-73.48084"><ele>16</ele></trkpt><trkpt lat="45.45677" lon="-73.48135"><ele>16</ele></trkpt><trkpt lat="45.45678" lon="-73.48168"><ele>16</ele></trkpt><trkpt lat="45.45679" lon="-73.48195"><ele>16</ele></trkpt><trkpt lat="45.45680" lon="-73.48219"><ele>17</ele></trkpt><trkpt lat="45.45681" lon="-73.48241"><ele>17</ele></trkpt><trkpt lat="45.45682" lon="-73.48262"><ele>17</ele></trkpt><trkpt lat="45.45682" lon="-73.48275"><ele>17</ele></trkpt><trkpt lat="45.45682" lon="-73.48288"><ele>17</ele></trkpt><trkpt lat="45.45685" lon="-73.48371"><ele>17</ele></trkpt><trkpt lat="45.45688" lon="-73.48477"><ele>17</ele></trkpt><trkpt lat="45.45689" lon="-73.48509"><ele>17</ele></trkpt><trkpt lat="45.45690" lon="-73.48514"><ele>17</ele></trkpt><trkpt lat="45.45690" lon="-73.48541"><ele>17</ele></trkpt><trkpt lat="45.45692" lon="-73.48581"><ele>17</ele></trkpt><trkpt lat="45.45694" lon="-73.48636"><ele>17</ele></trkpt><trkpt lat="45.45694" lon="-73.48649"><ele>17</ele></trkpt><trkpt lat="45.45694" lon="-73.48658"><ele>17</ele></trkpt><trkpt lat="45.45697" lon="-73.48732"><ele>16</ele></trkpt><trkpt lat="45.45698" lon="-73.48776"><ele>16</ele></trkpt><trkpt lat="45.45700" lon="-73.48820"><ele>16</ele></trkpt><trkpt lat="45.45702" lon="-73.48871"><ele>15</ele></trkpt><trkpt lat="45.45703" lon="-73.48918"><ele>15</ele></trkpt><trkpt lat="45.45703" lon="-73.48923"><ele>14</ele></trkpt><trkpt lat="45.45704" lon="-73.48938"><ele>14</ele></trkpt><trkpt lat="45.45705" lon="-73.48964"><ele>14</ele></trkpt><trkpt lat="45.45705" lon="-73.48968"><ele>14</ele></trkpt><trkpt lat="45.45706" lon="-73.48977"><ele>14</ele></trkpt><trkpt lat="45.45707" lon="-73.48991"><ele>13</ele></trkpt><trkpt lat="45.45708" lon="-73.49011"><ele>13</ele></trkpt><trkpt lat="45.45708" lon="-73.49014"><ele>13</ele></trkpt><trkpt lat="45.45709" lon="-73.49043"><ele>13</ele></trkpt><trkpt lat="45.45710" lon="-73.49076"><ele>13</ele></trkpt><trkpt lat="45.45712" lon="-73.49140"><ele>13</ele></trkpt><trkpt lat="45.45713" lon="-73.49162"><ele>13</ele></trkpt><trkpt lat="45.45713" lon="-73.49193"><ele>14</ele></trkpt><trkpt lat="45.45713" lon="-73.49209"><ele>14</ele></trkpt><trkpt lat="45.45712" lon="-73.49220"><ele>14</ele></trkpt><trkpt lat="45.45723" lon="-73.49220"><ele>14</ele></trkpt><trkpt lat="45.45736" lon="-73.49222"><ele>15</ele></trkpt><trkpt lat="45.45759" lon="-73.49224"><ele>15</ele></trkpt><trkpt lat="45.45813" lon="-73.49229"><ele>15</ele></trkpt><trkpt lat="45.45856" lon="-73.49233"><ele>16</ele></trkpt><trkpt lat="45.45916" lon="-73.49240"><ele>16</ele></trkpt><trkpt lat="45.45982" lon="-73.49247"><ele>16</ele></trkpt><trkpt lat="45.46013" lon="-73.49250"><ele>16</ele></trkpt><trkpt lat="45.46063" lon="-73.49255"><ele>15</ele></trkpt><trkpt lat="45.46100" lon="-73.49259"><ele>15</ele></trkpt><trkpt lat="45.46126" lon="-73.49263"><ele>15</ele></trkpt><trkpt lat="45.46134" lon="-73.49263"><ele>14</ele></trkpt><trkpt lat="45.46154" lon="-73.49265"><ele>14</ele></trkpt><trkpt lat="45.46160" lon="-73.49266"><ele>14</ele></trkpt><trkpt lat="45.46182" lon="-73.49268"><ele>13</ele></trkpt><trkpt lat="45.46205" lon="-73.49269"><ele>13</ele></trkpt><trkpt lat="45.46215" lon="-73.49271"><ele>13</ele></trkpt><trkpt lat="45.46226" lon="-73.49272"><ele>13</ele></trkpt><trkpt lat="45.46233" lon="-73.49273"><ele>13</ele></trkpt><trkpt lat="45.46245" lon="-73.49274"><ele>13</ele></trkpt><trkpt lat="45.46254" lon="-73.49276"><ele>13</ele></trkpt><trkpt lat="45.46263" lon="-73.49277"><ele>13</ele></trkpt><trkpt lat="45.46272" lon="-73.49279"><ele>13</ele></trkpt><trkpt lat="45.46279" lon="-73.49280"><ele>13</ele></trkpt><trkpt lat="45.46337" lon="-73.49296"><ele>13</ele></trkpt><trkpt lat="45.46344" lon="-73.49298"><ele>14</ele></trkpt><trkpt lat="45.46364" lon="-73.49304"><ele>14</ele></trkpt><trkpt lat="45.46406" lon="-73.49317"><ele>14</ele></trkpt><trkpt lat="45.46414" lon="-73.49320"><ele>14</ele></trkpt><trkpt lat="45.46414" lon="-73.49320"><ele>14</ele></trkpt><trkpt lat="45.46464" lon="-73.49336"><ele>15</ele></trkpt><trkpt lat="45.46516" lon="-73.49353"><ele>15</ele></trkpt><trkpt lat="45.46554" lon="-73.49365"><ele>16</ele></trkpt><trkpt lat="45.46579" lon="-73.49373"><ele>16</ele></trkpt><trkpt lat="45.46616" lon="-73.49385"><ele>17</ele></trkpt><trkpt lat="45.46640" lon="-73.49393"><ele>17</ele></trkpt><trkpt lat="45.46651" lon="-73.49397"><ele>17</ele></trkpt><trkpt lat="45.46676" lon="-73.49406"><ele>17</ele></trkpt><trkpt lat="45.46698" lon="-73.49402"><ele>17</ele></trkpt><trkpt lat="45.46703" lon="-73.49402"><ele>17</ele></trkpt><trkpt lat="45.46710" lon="-73.49401"><ele>17</ele></trkpt><trkpt lat="45.46715" lon="-73.49399"><ele>17</ele></trkpt><trkpt lat="45.46719" lon="-73.49398"><ele>17</ele></trkpt><trkpt lat="45.46724" lon="-73.49396"><ele>17</ele></trkpt><trkpt lat="45.46730" lon="-73.49393"><ele>17</ele></trkpt><trkpt lat="45.46737" lon="-73.49388"><ele>17</ele></trkpt><trkpt lat="45.46741" lon="-73.49384"><ele>17</ele></trkpt><trkpt lat="45.46747" lon="-73.49380"><ele>17</ele></trkpt><trkpt lat="45.46752" lon="-73.49374"><ele>17</ele></trkpt><trkpt lat="45.46757" lon="-73.49367"><ele>17</ele></trkpt><trkpt lat="45.46760" lon="-73.49362"><ele>17</ele></trkpt><trkpt lat="45.46764" lon="-73.49355"><ele>17</ele></trkpt><trkpt lat="45.46767" lon="-73.49349"><ele>17</ele></trkpt><trkpt lat="45.46771" lon="-73.49341"><ele>17</ele></trkpt><trkpt lat="45.46773" lon="-73.49334"><ele>17</ele></trkpt><trkpt lat="45.46775" lon="-73.49326"><ele>17</ele></trkpt><trkpt lat="45.46777" lon="-73.49318"><ele>17</ele></trkpt><trkpt lat="45.46779" lon="-73.49311"><ele>17</ele></trkpt><trkpt lat="45.46780" lon="-73.49302"><ele>17</ele></trkpt><trkpt lat="45.46781" lon="-73.49292"><ele>17</ele></trkpt><trkpt lat="45.46782" lon="-73.49284"><ele>17</ele></trkpt><trkpt lat="45.46783" lon="-73.49273"><ele>17</ele></trkpt><trkpt lat="45.46783" lon="-73.49258"><ele>17</ele></trkpt><trkpt lat="45.46784" lon="-73.49229"><ele>17</ele></trkpt><trkpt lat="45.46784" lon="-73.49218"><ele>17</ele></trkpt><trkpt lat="45.46783" lon="-73.49112"><ele>17</ele></trkpt><trkpt lat="45.46768" lon="-73.48910"><ele>17</ele></trkpt><trkpt lat="45.46759" lon="-73.48798"><ele>17</ele></trkpt><trkpt lat="45.46755" lon="-73.48742"><ele>17</ele></trkpt><trkpt lat="45.46754" lon="-73.48732"><ele>17</ele></trkpt><trkpt lat="45.46753" lon="-73.48724"><ele>17</ele></trkpt><trkpt lat="45.46752" lon="-73.48714"><ele>17</ele></trkpt><trkpt lat="45.46751" lon="-73.48707"><ele>17</ele></trkpt><trkpt lat="45.46749" lon="-73.48699"><ele>17</ele></trkpt><trkpt lat="45.46747" lon="-73.48692"><ele>17</ele></trkpt><trkpt lat="45.46745" lon="-73.48686"><ele>17</ele></trkpt><trkpt lat="45.46743" lon="-73.48680"><ele>17</ele></trkpt><trkpt lat="45.46740" lon="-73.48674"><ele>17</ele></trkpt><trkpt lat="45.46737" lon="-73.48669"><ele>17</ele></trkpt><trkpt lat="45.46734" lon="-73.48665"><ele>17</ele></trkpt><trkpt lat="45.46731" lon="-73.48662"><ele>17</ele></trkpt><trkpt lat="45.46727" lon="-73.48659"><ele>17</ele></trkpt><trkpt lat="45.46723" lon="-73.48655"><ele>17</ele></trkpt><trkpt lat="45.46719" lon="-73.48653"><ele>17</ele></trkpt><trkpt lat="45.46715" lon="-73.48651"><ele>17</ele></trkpt><trkpt lat="45.46712" lon="-73.48649"><ele>17</ele></trkpt><trkpt lat="45.46707" lon="-73.48649"><ele>17</ele></trkpt><trkpt lat="45.46704" lon="-73.48648"><ele>17</ele></trkpt><trkpt lat="45.46699" lon="-73.48648"><ele>17</ele></trkpt><trkpt lat="45.46695" lon="-73.48648"><ele>17</ele></trkpt><trkpt lat="45.46691" lon="-73.48649"><ele>17</ele></trkpt><trkpt lat="45.46688" lon="-73.48650"><ele>17</ele></trkpt><trkpt lat="45.46684" lon="-73.48652"><ele>17</ele></trkpt><trkpt lat="45.46680" lon="-73.48654"><ele>17</ele></trkpt><trkpt lat="45.46676" lon="-73.48657"><ele>17</ele></trkpt><trkpt lat="45.46673" lon="-73.48660"><ele>17</ele></trkpt><trkpt lat="45.46670" lon="-73.48664"><ele>17</ele></trkpt><trkpt lat="45.46666" lon="-73.48668"><ele>17</ele></trkpt><trkpt lat="45.46663" lon="-73.48673"><ele>17</ele></trkpt><trkpt lat="45.46660" lon="-73.48679"><ele>17</ele></trkpt><trkpt lat="45.46657" lon="-73.48685"><ele>17</ele></trkpt><trkpt lat="45.46656" lon="-73.48689"><ele>17</ele></trkpt><trkpt lat="45.46654" lon="-73.48694"><ele>17</ele></trkpt><trkpt lat="45.46653" lon="-73.48700"><ele>17</ele></trkpt><trkpt lat="45.46651" lon="-73.48708"><ele>17</ele></trkpt><trkpt lat="45.46650" lon="-73.48716"><ele>17</ele></trkpt><trkpt lat="45.46649" lon="-73.48722"><ele>17</ele></trkpt><trkpt lat="45.46649" lon="-73.48731"><ele>17</ele></trkpt><trkpt lat="45.46648" lon="-73.48739"><ele>17</ele></trkpt><trkpt lat="45.46649" lon="-73.48746"><ele>17</ele></trkpt><trkpt lat="45.46649" lon="-73.48754"><ele>17</ele></trkpt><trkpt lat="45.46649" lon="-73.48762"><ele>17</ele></trkpt><trkpt lat="45.46650" lon="-73.48771"><ele>17</ele></trkpt><trkpt lat="45.46653" lon="-73.48885"><ele>17</ele></trkpt><trkpt lat="45.46688" lon="-73.49135"><ele>17</ele></trkpt><trkpt lat="45.46696" lon="-73.49195"><ele>18</ele></trkpt><trkpt lat="45.46715" lon="-73.49332"><ele>17</ele></trkpt><trkpt lat="45.46724" lon="-73.49404"><ele>17</ele></trkpt><trkpt lat="45.46749" lon="-73.49611"><ele>16</ele></trkpt><trkpt lat="45.46755" lon="-73.49668"><ele>15</ele></trkpt><trkpt lat="45.46763" lon="-73.49732"><ele>13</ele></trkpt><trkpt lat="45.46774" lon="-73.49840"><ele>11</ele></trkpt><trkpt lat="45.46775" lon="-73.49851"><ele>10</ele></trkpt><trkpt lat="45.46775" lon="-73.49851"><ele>9</ele></trkpt><trkpt lat="45.46795" lon="-73.50027"><ele>7</ele></trkpt><trkpt lat="45.46810" lon="-73.50163"><ele>6</ele></trkpt><trkpt lat="45.46850" lon="-73.50544"><ele>5</ele></trkpt><trkpt lat="45.46879" lon="-73.50825"><ele>5</ele></trkpt><trkpt lat="45.46913" lon="-73.51148"><ele>4</ele></trkpt><trkpt lat="45.46931" lon="-73.51339"><ele>4</ele></trkpt><trkpt lat="45.46949" lon="-73.51539"><ele>4</ele></trkpt><trkpt lat="45.46962" lon="-73.51693"><ele>4</ele></trkpt><trkpt lat="45.46974" lon="-73.51844"><ele>4</ele></trkpt><trkpt lat="45.46986" lon="-73.52025"><ele>4</ele></trkpt><trkpt lat="45.46995" lon="-73.52153"><ele>4</ele></trkpt><trkpt lat="45.47001" lon="-73.52258"><ele>4</ele></trkpt><trkpt lat="45.47008" lon="-73.52379"><ele>4</ele></trkpt><trkpt lat="45.47016" lon="-73.52520"><ele>4</ele></trkpt><trkpt lat="45.47021" lon="-73.52640"><ele>4</ele></trkpt><trkpt lat="45.47026" lon="-73.52759"><ele>4</ele></trkpt><trkpt lat="45.47035" lon="-73.52974"><ele>4</ele></trkpt><trkpt lat="45.47040" lon="-73.53157"><ele>4</ele></trkpt><trkpt lat="45.47042" lon="-73.53245"><ele>4</ele></trkpt><trkpt lat="45.47045" lon="-73.53349"><ele>4</ele></trkpt><trkpt lat="45.47046" lon="-73.53430"><ele>6</ele></trkpt><trkpt lat="45.47047" lon="-73.53490"><ele>7</ele></trkpt><trkpt lat="45.47048" lon="-73.53526"><ele>9</ele></trkpt><trkpt lat="45.47048" lon="-73.53547"><ele>10</ele></trkpt><trkpt lat="45.47049" lon="-73.53567"><ele>10</ele></trkpt><trkpt lat="45.47050" lon="-73.53613"><ele>11</ele></trkpt><trkpt lat="45.47049" lon="-73.53755"><ele>11</ele></trkpt><trkpt lat="45.47049" lon="-73.53783"><ele>12</ele></trkpt><trkpt lat="45.47050" lon="-73.53826"><ele>12</ele></trkpt><trkpt lat="45.47050" lon="-73.53875"><ele>12</ele></trkpt><trkpt lat="45.47051" lon="-73.53919"><ele>13</ele></trkpt><trkpt lat="45.47051" lon="-73.53965"><ele>13</ele></trkpt><trkpt lat="45.47053" lon="-73.53995"><ele>13</ele></trkpt><trkpt lat="45.47053" lon="-73.54023"><ele>14</ele></trkpt><trkpt lat="45.47055" lon="-73.54056"><ele>14</ele></trkpt><trkpt lat="45.47056" lon="-73.54082"><ele>14</ele></trkpt><trkpt lat="45.47057" lon="-73.54105"><ele>14</ele></trkpt><trkpt lat="45.47058" lon="-73.54132"><ele>14</ele></trkpt><trkpt lat="45.47059" lon="-73.54158"><ele>13</ele></trkpt><trkpt lat="45.47061" lon="-73.54195"><ele>13</ele></trkpt><trkpt lat="45.47063" lon="-73.54236"><ele>13</ele></trkpt><trkpt lat="45.47066" lon="-73.54281"><ele>12</ele></trkpt><trkpt lat="45.47069" lon="-73.54323"><ele>12</ele></trkpt><trkpt lat="45.47071" lon="-73.54357"><ele>11</ele></trkpt><trkpt lat="45.47073" lon="-73.54391"><ele>11</ele></trkpt><trkpt lat="45.47078" lon="-73.54461"><ele>11</ele></trkpt><trkpt lat="45.47083" lon="-73.54524"><ele>12</ele></trkpt><trkpt lat="45.47090" lon="-73.54624"><ele>12</ele></trkpt><trkpt lat="45.47095" lon="-73.54705"><ele>13</ele></trkpt><trkpt lat="45.47132" lon="-73.55221"><ele>13</ele></trkpt><trkpt lat="45.47137" lon="-73.55291"><ele>14</ele></trkpt><trkpt lat="45.47144" lon="-73.55404"><ele>14</ele></trkpt><trkpt lat="45.47146" lon="-73.55430"><ele>15</ele></trkpt><trkpt lat="45.47148" lon="-73.55463"><ele>15</ele></trkpt><trkpt lat="45.47149" lon="-73.55499"><ele>15</ele></trkpt><trkpt lat="45.47151" lon="-73.55526"><ele>15</ele></trkpt><trkpt lat="45.47152" lon="-73.55553"><ele>16</ele></trkpt><trkpt lat="45.47153" lon="-73.55579"><ele>16</ele></trkpt><trkpt lat="45.47155" lon="-73.55640"><ele>16</ele></trkpt><trkpt lat="45.47156" lon="-73.55679"><ele>17</ele></trkpt><trkpt lat="45.47158" lon="-73.55713"><ele>17</ele></trkpt><trkpt lat="45.47158" lon="-73.55748"><ele>17</ele></trkpt><trkpt lat="45.47158" lon="-73.55767"><ele>18</ele></trkpt><trkpt lat="45.47160" lon="-73.55791"><ele>18</ele></trkpt><trkpt lat="45.47161" lon="-73.55814"><ele>18</ele></trkpt><trkpt lat="45.47162" lon="-73.55841"><ele>18</ele></trkpt><trkpt lat="45.47164" lon="-73.55860"><ele>18</ele></trkpt><trkpt lat="45.47165" lon="-73.55880"><ele>18</ele></trkpt><trkpt lat="45.47166" lon="-73.55893"><ele>18</ele></trkpt><trkpt lat="45.47169" lon="-73.55917"><ele>18</ele></trkpt><trkpt lat="45.47170" lon="-73.55932"><ele>18</ele></trkpt><trkpt lat="45.47172" lon="-73.55948"><ele>18</ele></trkpt><trkpt lat="45.47174" lon="-73.55965"><ele>18</ele></trkpt><trkpt lat="45.47176" lon="-73.55979"><ele>18</ele></trkpt><trkpt lat="45.47179" lon="-73.55999"><ele>18</ele></trkpt><trkpt lat="45.47182" lon="-73.56018"><ele>18</ele></trkpt><trkpt lat="45.47186" lon="-73.56043"><ele>18</ele></trkpt><trkpt lat="45.47190" lon="-73.56068"><ele>18</ele></trkpt><trkpt lat="45.47195" lon="-73.56094"><ele>17</ele></trkpt><trkpt lat="45.47201" lon="-73.56121"><ele>17</ele></trkpt><trkpt lat="45.47205" lon="-73.56141"><ele>17</ele></trkpt><trkpt lat="45.47210" lon="-73.56162"><ele>17</ele></trkpt><trkpt lat="45.47214" lon="-73.56181"><ele>16</ele></trkpt><trkpt lat="45.47218" lon="-73.56195"><ele>16</ele></trkpt><trkpt lat="45.47222" lon="-73.56212"><ele>16</ele></trkpt><trkpt lat="45.47225" lon="-73.56226"><ele>16</ele></trkpt><trkpt lat="45.47229" lon="-73.56240"><ele>16</ele></trkpt><trkpt lat="45.47232" lon="-73.56252"><ele>15</ele></trkpt><trkpt lat="45.47238" lon="-73.56270"><ele>15</ele></trkpt><trkpt lat="45.47242" lon="-73.56283"><ele>15</ele></trkpt><trkpt lat="45.47245" lon="-73.56295"><ele>15</ele></trkpt><trkpt lat="45.47248" lon="-73.56305"><ele>15</ele></trkpt><trkpt lat="45.47256" lon="-73.56329"><ele>15</ele></trkpt><trkpt lat="45.47263" lon="-73.56349"><ele>15</ele></trkpt><trkpt lat="45.47270" lon="-73.56372"><ele>15</ele></trkpt><trkpt lat="45.47280" lon="-73.56397"><ele>15</ele></trkpt><trkpt lat="45.47297" lon="-73.56442"><ele>15</ele></trkpt><trkpt lat="45.47318" lon="-73.56498"><ele>15</ele></trkpt><trkpt lat="45.47358" lon="-73.56601"><ele>15</ele></trkpt><trkpt lat="45.47384" lon="-73.56668"><ele>15</ele></trkpt><trkpt lat="45.47395" lon="-73.56697"><ele>15</ele></trkpt><trkpt lat="45.47432" lon="-73.56795"><ele>15</ele></trkpt><trkpt lat="45.47444" lon="-73.56825"><ele>15</ele></trkpt><trkpt lat="45.47456" lon="-73.56856"><ele>15</ele></trkpt><trkpt lat="45.47462" lon="-73.56874"><ele>15</ele></trkpt><trkpt lat="45.47467" lon="-73.56888"><ele>15</ele></trkpt><trkpt lat="45.47490" lon="-73.56943"><ele>15</ele></trkpt><trkpt lat="45.47496" lon="-73.56958"><ele>16</ele></trkpt><trkpt lat="45.47500" lon="-73.56970"><ele>16</ele></trkpt><trkpt lat="45.47504" lon="-73.56985"><ele>17</ele></trkpt><trkpt lat="45.47507" lon="-73.57000"><ele>17</ele></trkpt><trkpt lat="45.47508" lon="-73.57009"><ele>17</ele></trkpt><trkpt lat="45.47510" lon="-73.57015"><ele>17</ele></trkpt><trkpt lat="45.47510" lon="-73.57022"><ele>18</ele></trkpt><trkpt lat="45.47513" lon="-73.57039"><ele>18</ele></trkpt><trkpt lat="45.47514" lon="-73.57055"><ele>18</ele></trkpt><trkpt lat="45.47516" lon="-73.57070"><ele>18</ele></trkpt><trkpt lat="45.47517" lon="-73.57086"><ele>19</ele></trkpt><trkpt lat="45.47517" lon="-73.57104"><ele>19</ele></trkpt><trkpt lat="45.47518" lon="-73.57120"><ele>19</ele></trkpt><trkpt lat="45.47517" lon="-73.57135"><ele>19</ele></trkpt><trkpt lat="45.47517" lon="-73.57153"><ele>19</ele></trkpt><trkpt lat="45.47516" lon="-73.57162"><ele>19</ele></trkpt><trkpt lat="45.47516" lon="-73.57170"><ele>19</ele></trkpt><trkpt lat="45.47515" lon="-73.57181"><ele>18</ele></trkpt><trkpt lat="45.47514" lon="-73.57192"><ele>18</ele></trkpt><trkpt lat="45.47513" lon="-73.57201"><ele>18</ele></trkpt><trkpt lat="45.47511" lon="-73.57214"><ele>18</ele></trkpt><trkpt lat="45.47509" lon="-73.57226"><ele>18</ele></trkpt><trkpt lat="45.47508" lon="-73.57236"><ele>17</ele></trkpt><trkpt lat="45.47506" lon="-73.57250"><ele>17</ele></trkpt><trkpt lat="45.47506" lon="-73.57256"><ele>17</ele></trkpt><trkpt lat="45.47506" lon="-73.57260"><ele>17</ele></trkpt><trkpt lat="45.47505" lon="-73.57268"><ele>17</ele></trkpt><trkpt lat="45.47504" lon="-73.57280"><ele>17</ele></trkpt><trkpt lat="45.47504" lon="-73.57286"><ele>16</ele></trkpt><trkpt lat="45.47503" lon="-73.57290"><ele>16</ele></trkpt><trkpt lat="45.47503" lon="-73.57293"><ele>16</ele></trkpt><trkpt lat="45.47501" lon="-73.57296"><ele>16</ele></trkpt><trkpt lat="45.47516" lon="-73.57302"><ele>16</ele></trkpt><trkpt lat="45.47533" lon="-73.57309"><ele>16</ele></trkpt><trkpt lat="45.47553" lon="-73.57319"><ele>15</ele></trkpt><trkpt lat="45.47559" lon="-73.57322"><ele>15</ele></trkpt><trkpt lat="45.47566" lon="-73.57327"><ele>15</ele></trkpt><trkpt lat="45.47575" lon="-73.57338"><ele>15</ele></trkpt><trkpt lat="45.47579" lon="-73.57344"><ele>15</ele></trkpt><trkpt lat="45.47582" lon="-73.57349"><ele>15</ele></trkpt><trkpt lat="45.47585" lon="-73.57356"><ele>15</ele></trkpt><trkpt lat="45.47589" lon="-73.57363"><ele>15</ele></trkpt><trkpt lat="45.47592" lon="-73.57371"><ele>15</ele></trkpt><trkpt lat="45.47596" lon="-73.57379"><ele>15</ele></trkpt><trkpt lat="45.47600" lon="-73.57386"><ele>15</ele></trkpt><trkpt lat="45.47604" lon="-73.57392"><ele>15</ele></trkpt><trkpt lat="45.47608" lon="-73.57397"><ele>15</ele></trkpt><trkpt lat="45.47611" lon="-73.57402"><ele>15</ele></trkpt><trkpt lat="45.47620" lon="-73.57413"><ele>15</ele></trkpt><trkpt lat="45.47648" lon="-73.57444"><ele>15</ele></trkpt><trkpt lat="45.47667" lon="-73.57465"><ele>15</ele></trkpt><trkpt lat="45.47682" lon="-73.57483"><ele>15</ele></trkpt><trkpt lat="45.47851" lon="-73.57675"><ele>16</ele></trkpt><trkpt lat="45.47887" lon="-73.57716"><ele>16</ele></trkpt><trkpt lat="45.47910" lon="-73.57742"><ele>16</ele></trkpt><trkpt lat="45.47912" lon="-73.57745"><ele>17</ele></trkpt><trkpt lat="45.47917" lon="-73.57750"><ele>17</ele></trkpt><trkpt lat="45.47922" lon="-73.57755"><ele>17</ele></trkpt><trkpt lat="45.47928" lon="-73.57759"><ele>17</ele></trkpt><trkpt lat="45.47932" lon="-73.57762"><ele>17</ele></trkpt><trkpt lat="45.47937" lon="-73.57765"><ele>17</ele></trkpt><trkpt lat="45.47941" lon="-73.57767"><ele>17</ele></trkpt><trkpt lat="45.47946" lon="-73.57770"><ele>17</ele></trkpt><trkpt lat="45.47950" lon="-73.57772"><ele>17</ele></trkpt><trkpt lat="45.47953" lon="-73.57773"><ele>17</ele></trkpt><trkpt lat="45.47955" lon="-73.57774"><ele>17</ele></trkpt><trkpt lat="45.47965" lon="-73.57777"><ele>17</ele></trkpt><trkpt lat="45.47968" lon="-73.57778"><ele>17</ele></trkpt><trkpt lat="45.47971" lon="-73.57778"><ele>17</ele></trkpt><trkpt lat="45.47976" lon="-73.57779"><ele>17</ele></trkpt><trkpt lat="45.47981" lon="-73.57779"><ele>17</ele></trkpt><trkpt lat="45.47985" lon="-73.57779"><ele>17</ele></trkpt><trkpt lat="45.47989" lon="-73.57779"><ele>17</ele></trkpt><trkpt lat="45.47995" lon="-73.57779"><ele>17</ele></trkpt><trkpt lat="45.47998" lon="-73.57778"><ele>17</ele></trkpt><trkpt lat="45.48001" lon="-73.57777"><ele>17</ele></trkpt><trkpt lat="45.48004" lon="-73.57776"><ele>17</ele></trkpt><trkpt lat="45.48007" lon="-73.57775"><ele>17</ele></trkpt><trkpt lat="45.48011" lon="-73.57773"><ele>17</ele></trkpt><trkpt lat="45.48015" lon="-73.57772"><ele>17</ele></trkpt><trkpt lat="45.48019" lon="-73.57769"><ele>17</ele></trkpt><trkpt lat="45.48024" lon="-73.57766"><ele>17</ele></trkpt><trkpt lat="45.48027" lon="-73.57763"><ele>17</ele></trkpt><trkpt lat="45.48031" lon="-73.57760"><ele>17</ele></trkpt><trkpt lat="45.48034" lon="-73.57758"><ele>17</ele></trkpt><trkpt lat="45.48036" lon="-73.57756"><ele>17</ele></trkpt><trkpt lat="45.48038" lon="-73.57753"><ele>17</ele></trkpt><trkpt lat="45.48042" lon="-73.57749"><ele>17</ele></trkpt><trkpt lat="45.48046" lon="-73.57745"><ele>17</ele></trkpt><trkpt lat="45.48049" lon="-73.57742"><ele>17</ele></trkpt><trkpt lat="45.48054" lon="-73.57736"><ele>17</ele></trkpt><trkpt lat="45.48062" lon="-73.57727"><ele>17</ele></trkpt><trkpt lat="45.48075" lon="-73.57734"><ele>17</ele></trkpt><trkpt lat="45.48095" lon="-73.57758"><ele>17</ele></trkpt><trkpt lat="45.48105" lon="-73.57771"><ele>17</ele></trkpt><trkpt lat="45.48109" lon="-73.57775"><ele>17</ele></trkpt><trkpt lat="45.48113" lon="-73.57779"><ele>17</ele></trkpt><trkpt lat="45.48118" lon="-73.57783"><ele>17</ele></trkpt><trkpt lat="45.48121" lon="-73.57785"><ele>17</ele></trkpt><trkpt lat="45.48127" lon="-73.57790"><ele>17</ele></trkpt><trkpt lat="45.48134" lon="-73.57794"><ele>17</ele></trkpt><trkpt lat="45.48190" lon="-73.57828"><ele>17</ele></trkpt><trkpt lat="45.48240" lon="-73.57859"><ele>17</ele></trkpt><trkpt lat="45.48242" lon="-73.57860"><ele>17</ele></trkpt><trkpt lat="45.48249" lon="-73.57864"><ele>17</ele></trkpt><trkpt lat="45.48255" lon="-73.57868"><ele>17</ele></trkpt><trkpt lat="45.48275" lon="-73.57881"><ele>17</ele></trkpt><trkpt lat="45.48284" lon="-73.57886"><ele>17</ele></trkpt><trkpt lat="45.48299" lon="-73.57895"><ele>17</ele></trkpt><trkpt lat="45.48301" lon="-73.57897"><ele>17</ele></trkpt><trkpt lat="45.48304" lon="-73.57899"><ele>17</ele></trkpt><trkpt lat="45.48308" lon="-73.57901"><ele>17</ele></trkpt><trkpt lat="45.48311" lon="-73.57903"><ele>17</ele></trkpt><trkpt lat="45.48315" lon="-73.57905"><ele>17</ele></trkpt><trkpt lat="45.48338" lon="-73.57919"><ele>17</ele></trkpt><trkpt lat="45.48375" lon="-73.57942"><ele>17</ele></trkpt><trkpt lat="45.48377" lon="-73.57943"><ele>17</ele></trkpt><trkpt lat="45.48383" lon="-73.57947"><ele>17</ele></trkpt><trkpt lat="45.48390" lon="-73.57951"><ele>17</ele></trkpt><trkpt lat="45.48392" lon="-73.57953"><ele>17</ele></trkpt><trkpt lat="45.48453" lon="-73.57990"><ele>18</ele></trkpt><trkpt lat="45.48483" lon="-73.58009"><ele>19</ele></trkpt><trkpt lat="45.48508" lon="-73.58025"><ele>20</ele></trkpt><trkpt lat="45.48552" lon="-73.58052"><ele>21</ele></trkpt><trkpt lat="45.48554" lon="-73.58053"><ele>22</ele></trkpt><trkpt lat="45.48558" lon="-73.58056"><ele>23</ele></trkpt><trkpt lat="45.48564" lon="-73.58060"><ele>23</ele></trkpt><trkpt lat="45.48570" lon="-73.58065"><ele>24</ele></trkpt><trkpt lat="45.48573" lon="-73.58067"><ele>25</ele></trkpt><trkpt lat="45.48602" lon="-73.58089"><ele>26</ele></trkpt><trkpt lat="45.48616" lon="-73.58099"><ele>28</ele></trkpt><trkpt lat="45.48671" lon="-73.58143"><ele>31</ele></trkpt><trkpt lat="45.48684" lon="-73.58153"><ele>33</ele></trkpt><trkpt lat="45.48691" lon="-73.58158"><ele>35</ele></trkpt><trkpt lat="45.48695" lon="-73.58163"><ele>37</ele></trkpt><trkpt lat="45.48700" lon="-73.58168"><ele>38</ele></trkpt><trkpt lat="45.48705" lon="-73.58174"><ele>39</ele></trkpt><trkpt lat="45.48711" lon="-73.58180"><ele>40</ele></trkpt><trkpt lat="45.48717" lon="-73.58188"><ele>41</ele></trkpt><trkpt lat="45.48748" lon="-73.58226"><ele>42</ele></trkpt><trkpt lat="45.48779" lon="-73.58265"><ele>45</ele></trkpt><trkpt lat="45.48798" lon="-73.58288"><ele>48</ele></trkpt><trkpt lat="45.48800" lon="-73.58291"><ele>49</ele></trkpt><trkpt lat="45.48806" lon="-73.58297"><ele>51</ele></trkpt><trkpt lat="45.48815" lon="-73.58308"><ele>52</ele></trkpt><trkpt lat="45.48819" lon="-73.58313"><ele>53</ele></trkpt><trkpt lat="45.48826" lon="-73.58320"><ele>54</ele></trkpt><trkpt lat="45.48840" lon="-73.58333"><ele>55</ele></trkpt><trkpt lat="45.48847" lon="-73.58339"><ele>57</ele></trkpt><trkpt lat="45.48854" lon="-73.58346"><ele>58</ele></trkpt><trkpt lat="45.48858" lon="-73.58350"><ele>58</ele></trkpt><trkpt lat="45.48862" lon="-73.58354"><ele>59</ele></trkpt><trkpt lat="45.48868" lon="-73.58361"><ele>59</ele></trkpt><trkpt lat="45.48870" lon="-73.58363"><ele>59</ele></trkpt><trkpt lat="45.48874" lon="-73.58367"><ele>59</ele></trkpt><trkpt lat="45.48877" lon="-73.58371"><ele>59</ele></trkpt><trkpt lat="45.48880" lon="-73.58374"><ele>59</ele></trkpt><trkpt lat="45.48883" lon="-73.58378"><ele>59</ele></trkpt><trkpt lat="45.48907" lon="-73.58408"><ele>59</ele></trkpt><trkpt lat="45.48915" lon="-73.58418"><ele>59</ele></trkpt><trkpt lat="45.48922" lon="-73.58427"><ele>59</ele></trkpt><trkpt lat="45.48927" lon="-73.58433"><ele>59</ele></trkpt><trkpt lat="45.48929" lon="-73.58437"><ele>59</ele></trkpt><trkpt lat="45.48935" lon="-73.58446"><ele>59</ele></trkpt><trkpt lat="45.48942" lon="-73.58456"><ele>59</ele></trkpt><trkpt lat="45.48971" lon="-73.58506"><ele>59</ele></trkpt><trkpt lat="45.48972" lon="-73.58507"><ele>59</ele></trkpt><trkpt lat="45.48973" lon="-73.58509"><ele>59</ele></trkpt><trkpt lat="45.48977" lon="-73.58517"><ele>59</ele></trkpt><trkpt lat="45.48978" lon="-73.58518"><ele>59</ele></trkpt><trkpt lat="45.49006" lon="-73.58565"><ele>59</ele></trkpt><trkpt lat="45.49007" lon="-73.58567"><ele>59</ele></trkpt><trkpt lat="45.49009" lon="-73.58571"><ele>59</ele></trkpt><trkpt lat="45.49012" lon="-73.58576"><ele>59</ele></trkpt><trkpt lat="45.49016" lon="-73.58584"><ele>58</ele></trkpt><trkpt lat="45.49066" lon="-73.58669"><ele>58</ele></trkpt><trkpt lat="45.49070" lon="-73.58675"><ele>58</ele></trkpt><trkpt lat="45.49073" lon="-73.58681"><ele>58</ele></trkpt><trkpt lat="45.49083" lon="-73.58698"><ele>58</ele></trkpt><trkpt lat="45.49106" lon="-73.58738"><ele>57</ele></trkpt><trkpt lat="45.49124" lon="-73.58770"><ele>57</ele></trkpt><trkpt lat="45.49126" lon="-73.58774"><ele>57</ele></trkpt><trkpt lat="45.49128" lon="-73.58777"><ele>57</ele></trkpt><trkpt lat="45.49130" lon="-73.58785"><ele>57</ele></trkpt><trkpt lat="45.49134" lon="-73.58798"><ele>57</ele></trkpt><trkpt lat="45.49136" lon="-73.58804"><ele>57</ele></trkpt><trkpt lat="45.49139" lon="-73.58809"><ele>57</ele></trkpt><trkpt lat="45.49141" lon="-73.58814"><ele>58</ele></trkpt><trkpt lat="45.49145" lon="-73.58822"><ele>58</ele></trkpt><trkpt lat="45.49150" lon="-73.58831"><ele>58</ele></trkpt><trkpt lat="45.49167" lon="-73.58857"><ele>59</ele></trkpt><trkpt lat="45.49168" lon="-73.58859"><ele>59</ele></trkpt><trkpt lat="45.49172" lon="-73.58867"><ele>59</ele></trkpt><trkpt lat="45.49178" lon="-73.58881"><ele>60</ele></trkpt><trkpt lat="45.49181" lon="-73.58886"><ele>60</ele></trkpt><trkpt lat="45.49190" lon="-73.58901"><ele>61</ele></trkpt><trkpt lat="45.49195" lon="-73.58908"><ele>61</ele></trkpt><trkpt lat="45.49199" lon="-73.58914"><ele>61</ele></trkpt><trkpt lat="45.49200" lon="-73.58915"><ele>62</ele></trkpt><trkpt lat="45.49203" lon="-73.58921"><ele>62</ele></trkpt><trkpt lat="45.49205" lon="-73.58924"><ele>62</ele></trkpt><trkpt lat="45.49206" lon="-73.58926"><ele>62</ele></trkpt><trkpt lat="45.49210" lon="-73.58930"><ele>62</ele></trkpt><trkpt lat="45.49211" lon="-73.58931"><ele>63</ele></trkpt><trkpt lat="45.49213" lon="-73.58934"><ele>63</ele></trkpt><trkpt lat="45.49215" lon="-73.58936"><ele>63</ele></trkpt><trkpt lat="45.49219" lon="-73.58941"><ele>63</ele></trkpt><trkpt lat="45.49220" lon="-73.58942"><ele>63</ele></trkpt><trkpt lat="45.49224" lon="-73.58945"><ele>63</ele></trkpt><trkpt lat="45.49228" lon="-73.58949"><ele>63</ele></trkpt><trkpt lat="45.49233" lon="-73.58953"><ele>64</ele></trkpt><trkpt lat="45.49238" lon="-73.58956"><ele>64</ele></trkpt><trkpt lat="45.49243" lon="-73.58959"><ele>64</ele></trkpt><trkpt lat="45.49246" lon="-73.58961"><ele>64</ele></trkpt><trkpt lat="45.49250" lon="-73.58963"><ele>65</ele></trkpt><trkpt lat="45.49254" lon="-73.58965"><ele>65</ele></trkpt><trkpt lat="45.49259" lon="-73.58967"><ele>66</ele></trkpt><trkpt lat="45.49265" lon="-73.58969"><ele>66</ele></trkpt><trkpt lat="45.49270" lon="-73.58970"><ele>67</ele></trkpt><trkpt lat="45.49275" lon="-73.58971"><ele>67</ele></trkpt><trkpt lat="45.49278" lon="-73.58972"><ele>68</ele></trkpt><trkpt lat="45.49282" lon="-73.58972"><ele>68</ele></trkpt><trkpt lat="45.49288" lon="-73.58971"><ele>69</ele></trkpt><trkpt lat="45.49298" lon="-73.58970"><ele>70</ele></trkpt><trkpt lat="45.49302" lon="-73.58970"><ele>70</ele></trkpt><trkpt lat="45.49303" lon="-73.58970"><ele>71</ele></trkpt><trkpt lat="45.49306" lon="-73.58969"><ele>71</ele></trkpt><trkpt lat="45.49309" lon="-73.58969"><ele>72</ele></trkpt><trkpt lat="45.49311" lon="-73.58968"><ele>72</ele></trkpt><trkpt lat="45.49314" lon="-73.58967"><ele>72</ele></trkpt><trkpt lat="45.49317" lon="-73.58966"><ele>73</ele></trkpt><trkpt lat="45.49320" lon="-73.58965"><ele>73</ele></trkpt><trkpt lat="45.49324" lon="-73.58964"><ele>74</ele></trkpt><trkpt lat="45.49325" lon="-73.58963"><ele>74</ele></trkpt><trkpt lat="45.49327" lon="-73.58962"><ele>74</ele></trkpt><trkpt lat="45.49331" lon="-73.58960"><ele>75</ele></trkpt><trkpt lat="45.49337" lon="-73.58957"><ele>75</ele></trkpt><trkpt lat="45.49341" lon="-73.58954"><ele>76</ele></trkpt><trkpt lat="45.49346" lon="-73.58951"><ele>76</ele></trkpt><trkpt lat="45.49350" lon="-73.58948"><ele>77</ele></trkpt><trkpt lat="45.49354" lon="-73.58945"><ele>77</ele></trkpt><trkpt lat="45.49359" lon="-73.58941"><ele>78</ele></trkpt><trkpt lat="45.49363" lon="-73.58937"><ele>78</ele></trkpt><trkpt lat="45.49368" lon="-73.58933"><ele>79</ele></trkpt><trkpt lat="45.49372" lon="-73.58929"><ele>80</ele></trkpt><trkpt lat="45.49373" lon="-73.58928"><ele>80</ele></trkpt><trkpt lat="45.49376" lon="-73.58925"><ele>81</ele></trkpt><trkpt lat="45.49380" lon="-73.58921"><ele>81</ele></trkpt><trkpt lat="45.49384" lon="-73.58916"><ele>82</ele></trkpt><trkpt lat="45.49388" lon="-73.58911"><ele>82</ele></trkpt><trkpt lat="45.49392" lon="-73.58905"><ele>83</ele></trkpt><trkpt lat="45.49396" lon="-73.58900"><ele>83</ele></trkpt><trkpt lat="45.49399" lon="-73.58894"><ele>84</ele></trkpt><trkpt lat="45.49401" lon="-73.58891"><ele>85</ele></trkpt><trkpt lat="45.49401" lon="-73.58891"><ele>85</ele></trkpt><trkpt lat="45.49403" lon="-73.58889"><ele>85</ele></trkpt><trkpt lat="45.49406" lon="-73.58884"><ele>86</ele></trkpt><trkpt lat="45.49420" lon="-73.58868"><ele>87</ele></trkpt><trkpt lat="45.49423" lon="-73.58863"><ele>87</ele></trkpt><trkpt lat="45.49425" lon="-73.58859"><ele>88</ele></trkpt><trkpt lat="45.49428" lon="-73.58855"><ele>88</ele></trkpt><trkpt lat="45.49431" lon="-73.58852"><ele>89</ele></trkpt><trkpt lat="45.49434" lon="-73.58849"><ele>89</ele></trkpt><trkpt lat="45.49437" lon="-73.58847"><ele>90</ele></trkpt><trkpt lat="45.49440" lon="-73.58845"><ele>90</ele></trkpt><trkpt lat="45.49443" lon="-73.58844"><ele>90</ele></trkpt><trkpt lat="45.49447" lon="-73.58843"><ele>91</ele></trkpt><trkpt lat="45.49450" lon="-73.58843"><ele>91</ele></trkpt><trkpt lat="45.49454" lon="-73.58843"><ele>92</ele></trkpt><trkpt lat="45.49457" lon="-73.58844"><ele>92</ele></trkpt><trkpt lat="45.49461" lon="-73.58846"><ele>92</ele></trkpt><trkpt lat="45.49464" lon="-73.58847"><ele>93</ele></trkpt><trkpt lat="45.49466" lon="-73.58848"><ele>93</ele></trkpt><trkpt lat="45.49471" lon="-73.58852"><ele>93</ele></trkpt><trkpt lat="45.49476" lon="-73.58854"><ele>94</ele></trkpt><trkpt lat="45.49481" lon="-73.58857"><ele>94</ele></trkpt><trkpt lat="45.49494" lon="-73.58864"><ele>95</ele></trkpt><trkpt lat="45.49497" lon="-73.58866"><ele>96</ele></trkpt><trkpt lat="45.49500" lon="-73.58867"><ele>96</ele></trkpt><trkpt lat="45.49503" lon="-73.58870"><ele>96</ele></trkpt><trkpt lat="45.49506" lon="-73.58872"><ele>97</ele></trkpt><trkpt lat="45.49509" lon="-73.58874"><ele>97</ele></trkpt><trkpt lat="45.49512" lon="-73.58877"><ele>98</ele></trkpt><trkpt lat="45.49514" lon="-73.58879"><ele>98</ele></trkpt><trkpt lat="45.49521" lon="-73.58890"><ele>99</ele></trkpt><trkpt lat="45.49519" lon="-73.58896"><ele>99</ele></trkpt><trkpt lat="45.49518" lon="-73.58903"><ele>100</ele></trkpt><trkpt lat="45.49517" lon="-73.58909"><ele>100</ele></trkpt><trkpt lat="45.49514" lon="-73.58923"><ele>101</ele></trkpt><trkpt lat="45.49511" lon="-73.58940"><ele>102</ele></trkpt><trkpt lat="45.49508" lon="-73.58957"><ele>103</ele></trkpt><trkpt lat="45.49507" lon="-73.58967"><ele>103</ele></trkpt><trkpt lat="45.49506" lon="-73.58971"><ele>104</ele></trkpt><trkpt lat="45.49500" lon="-73.59010"><ele>105</ele></trkpt><trkpt lat="45.49497" lon="-73.59026"><ele>106</ele></trkpt><trkpt lat="45.49496" lon="-73.59036"><ele>107</ele></trkpt><trkpt lat="45.49495" lon="-73.59045"><ele>108</ele></trkpt><trkpt lat="45.49494" lon="-73.59049"><ele>108</ele></trkpt><trkpt lat="45.49494" lon="-73.59054"><ele>109</ele></trkpt><trkpt lat="45.49493" lon="-73.59061"><ele>109</ele></trkpt><trkpt lat="45.49492" lon="-73.59091"><ele>110</ele></trkpt><trkpt lat="45.49492" lon="-73.59098"><ele>111</ele></trkpt><trkpt lat="45.49492" lon="-73.59104"><ele>111</ele></trkpt><trkpt lat="45.49492" lon="-73.59109"><ele>112</ele></trkpt><trkpt lat="45.49492" lon="-73.59114"><ele>112</ele></trkpt><trkpt lat="45.49492" lon="-73.59120"><ele>113</ele></trkpt><trkpt lat="45.49492" lon="-73.59124"><ele>113</ele></trkpt><trkpt lat="45.49493" lon="-73.59134"><ele>113</ele></trkpt><trkpt lat="45.49493" lon="-73.59149"><ele>114</ele></trkpt><trkpt lat="45.49493" lon="-73.59149"><ele>114</ele></trkpt><trkpt lat="45.49504" lon="-73.59184"><ele>115</ele></trkpt><trkpt lat="45.49506" lon="-73.59183"><ele>116</ele></trkpt><trkpt lat="45.49506" lon="-73.59185"><ele>116</ele></trkpt><trkpt lat="45.49509" lon="-73.59246"><ele>118</ele></trkpt><trkpt lat="45.49510" lon="-73.59260"><ele>119</ele></trkpt><trkpt lat="45.49510" lon="-73.59274"><ele>120</ele></trkpt><trkpt lat="45.49511" lon="-73.59288"><ele>122</ele></trkpt><trkpt lat="45.49512" lon="-73.59302"><ele>123</ele></trkpt><trkpt lat="45.49513" lon="-73.59313"><ele>124</ele></trkpt><trkpt lat="45.49513" lon="-73.59322"><ele>126</ele></trkpt><trkpt lat="45.49514" lon="-73.59333"><ele>127</ele></trkpt><trkpt lat="45.49515" lon="-73.59338"><ele>128</ele></trkpt><trkpt lat="45.49515" lon="-73.59343"><ele>128</ele></trkpt><trkpt lat="45.49516" lon="-73.59353"><ele>129</ele></trkpt><trkpt lat="45.49518" lon="-73.59364"><ele>130</ele></trkpt><trkpt lat="45.49519" lon="-73.59375"><ele>131</ele></trkpt><trkpt lat="45.49521" lon="-73.59385"><ele>132</ele></trkpt><trkpt lat="45.49522" lon="-73.59394"><ele>133</ele></trkpt><trkpt lat="45.49529" lon="-73.59438"><ele>135</ele></trkpt><trkpt lat="45.49535" lon="-73.59475"><ele>138</ele></trkpt><trkpt lat="45.49536" lon="-73.59487"><ele>140</ele></trkpt><trkpt lat="45.49537" lon="-73.59496"><ele>141</ele></trkpt><trkpt lat="45.49538" lon="-73.59503"><ele>143</ele></trkpt><trkpt lat="45.49538" lon="-73.59511"><ele>144</ele></trkpt><trkpt lat="45.49539" lon="-73.59518"><ele>144</ele></trkpt><trkpt lat="45.49539" lon="-73.59520"><ele>145</ele></trkpt><trkpt lat="45.49539" lon="-73.59526"><ele>145</ele></trkpt><trkpt lat="45.49539" lon="-73.59535"><ele>145</ele></trkpt><trkpt lat="45.49538" lon="-73.59543"><ele>145</ele></trkpt><trkpt lat="45.49538" lon="-73.59550"><ele>146</ele></trkpt><trkpt lat="45.49538" lon="-73.59555"><ele>146</ele></trkpt><trkpt lat="45.49538" lon="-73.59580"><ele>146</ele></trkpt><trkpt lat="45.49537" lon="-73.59584"><ele>146</ele></trkpt><trkpt lat="45.49537" lon="-73.59603"><ele>146</ele></trkpt><trkpt lat="45.49537" lon="-73.59606"><ele>146</ele></trkpt><trkpt lat="45.49537" lon="-73.59613"><ele>146</ele></trkpt><trkpt lat="45.49538" lon="-73.59626"><ele>146</ele></trkpt><trkpt lat="45.49538" lon="-73.59646"><ele>146</ele></trkpt><trkpt lat="45.49540" lon="-73.59681"><ele>147</ele></trkpt><trkpt lat="45.49542" lon="-73.59714"><ele>147</ele></trkpt><trkpt lat="45.49545" lon="-73.59767"><ele>147</ele></trkpt><trkpt lat="45.49547" lon="-73.59783"><ele>147</ele></trkpt><trkpt lat="45.49549" lon="-73.59816"><ele>148</ele></trkpt><trkpt lat="45.49549" lon="-73.59830"><ele>148</ele></trkpt><trkpt lat="45.49551" lon="-73.59852"><ele>148</ele></trkpt><trkpt lat="45.49552" lon="-73.59869"><ele>149</ele></trkpt><trkpt lat="45.49553" lon="-73.59872"><ele>149</ele></trkpt><trkpt lat="45.49553" lon="-73.59878"><ele>149</ele></trkpt><trkpt lat="45.49553" lon="-73.59884"><ele>149</ele></trkpt><trkpt lat="45.49554" lon="-73.59900"><ele>150</ele></trkpt><trkpt lat="45.49555" lon="-73.59910"><ele>150</ele></trkpt><trkpt lat="45.49555" lon="-73.59919"><ele>150</ele></trkpt><trkpt lat="45.49556" lon="-73.59927"><ele>150</ele></trkpt><trkpt lat="45.49556" lon="-73.59936"><ele>150</ele></trkpt><trkpt lat="45.49556" lon="-73.59946"><ele>151</ele></trkpt><trkpt lat="45.49558" lon="-73.60034"><ele>151</ele></trkpt><trkpt lat="45.49558" lon="-73.60043"><ele>152</ele></trkpt><trkpt lat="45.49558" lon="-73.60051"><ele>152</ele></trkpt><trkpt lat="45.49559" lon="-73.60060"><ele>152</ele></trkpt><trkpt lat="45.49559" lon="-73.60073"><ele>152</ele></trkpt><trkpt lat="45.49559" lon="-73.60085"><ele>152</ele></trkpt><trkpt lat="45.49558" lon="-73.60094"><ele>152</ele></trkpt><trkpt lat="45.49558" lon="-73.60102"><ele>151</ele></trkpt><trkpt lat="45.49558" lon="-73.60108"><ele>151</ele></trkpt><trkpt lat="45.49557" lon="-73.60112"><ele>151</ele></trkpt><trkpt lat="45.49557" lon="-73.60117"><ele>151</ele></trkpt><trkpt lat="45.49556" lon="-73.60124"><ele>151</ele></trkpt><trkpt lat="45.49556" lon="-73.60130"><ele>151</ele></trkpt><trkpt lat="45.49554" lon="-73.60142"><ele>151</ele></trkpt><trkpt lat="45.49553" lon="-73.60155"><ele>151</ele></trkpt><trkpt lat="45.49551" lon="-73.60166"><ele>150</ele></trkpt><trkpt lat="45.49549" lon="-73.60177"><ele>150</ele></trkpt><trkpt lat="45.49546" lon="-73.60189"><ele>150</ele></trkpt><trkpt lat="45.49542" lon="-73.60204"><ele>150</ele></trkpt><trkpt lat="45.49538" lon="-73.60217"><ele>149</ele></trkpt><trkpt lat="45.49529" lon="-73.60251"><ele>149</ele></trkpt><trkpt lat="45.49520" lon="-73.60285"><ele>149</ele></trkpt><trkpt lat="45.49519" lon="-73.60289"><ele>148</ele></trkpt><trkpt lat="45.49516" lon="-73.60298"><ele>148</ele></trkpt><trkpt lat="45.49513" lon="-73.60311"><ele>147</ele></trkpt><trkpt lat="45.49511" lon="-73.60318"><ele>147</ele></trkpt><trkpt lat="45.49510" lon="-73.60327"><ele>146</ele></trkpt><trkpt lat="45.49508" lon="-73.60339"><ele>146</ele></trkpt><trkpt lat="45.49506" lon="-73.60352"><ele>145</ele></trkpt><trkpt lat="45.49504" lon="-73.60362"><ele>144</ele></trkpt><trkpt lat="45.49503" lon="-73.60374"><ele>144</ele></trkpt><trkpt lat="45.49502" lon="-73.60385"><ele>143</ele></trkpt><trkpt lat="45.49502" lon="-73.60398"><ele>143</ele></trkpt><trkpt lat="45.49501" lon="-73.60411"><ele>142</ele></trkpt><trkpt lat="45.49501" lon="-73.60421"><ele>141</ele></trkpt><trkpt lat="45.49501" lon="-73.60432"><ele>141</ele></trkpt><trkpt lat="45.49502" lon="-73.60444"><ele>140</ele></trkpt><trkpt lat="45.49502" lon="-73.60455"><ele>140</ele></trkpt><trkpt lat="45.49504" lon="-73.60469"><ele>139</ele></trkpt><trkpt lat="45.49505" lon="-73.60479"><ele>138</ele></trkpt><trkpt lat="45.49506" lon="-73.60489"><ele>138</ele></trkpt><trkpt lat="45.49508" lon="-73.60500"><ele>137</ele></trkpt><trkpt lat="45.49510" lon="-73.60513"><ele>137</ele></trkpt><trkpt lat="45.49512" lon="-73.60523"><ele>136</ele></trkpt><trkpt lat="45.49517" lon="-73.60551"><ele>135</ele></trkpt><trkpt lat="45.49520" lon="-73.60566"><ele>135</ele></trkpt><trkpt lat="45.49525" lon="-73.60586"><ele>134</ele></trkpt><trkpt lat="45.49529" lon="-73.60605"><ele>134</ele></trkpt><trkpt lat="45.49532" lon="-73.60618"><ele>134</ele></trkpt><trkpt lat="45.49534" lon="-73.60628"><ele>134</ele></trkpt><trkpt lat="45.49536" lon="-73.60635"><ele>134</ele></trkpt><trkpt lat="45.49540" lon="-73.60653"><ele>134</ele></trkpt><trkpt lat="45.49542" lon="-73.60658"><ele>134</ele></trkpt><trkpt lat="45.49544" lon="-73.60669"><ele>134</ele></trkpt><trkpt lat="45.49550" lon="-73.60688"><ele>134</ele></trkpt><trkpt lat="45.49556" lon="-73.60713"><ele>134</ele></trkpt><trkpt lat="45.49557" lon="-73.60716"><ele>134</ele></trkpt><trkpt lat="45.49560" lon="-73.60727"><ele>134</ele></trkpt><trkpt lat="45.49564" lon="-73.60739"><ele>134</ele></trkpt><trkpt lat="45.49571" lon="-73.60764"><ele>135</ele></trkpt><trkpt lat="45.49576" lon="-73.60785"><ele>135</ele></trkpt><trkpt lat="45.49582" lon="-73.60805"><ele>136</ele></trkpt><trkpt lat="45.49586" lon="-73.60819"><ele>136</ele></trkpt><trkpt lat="45.49588" lon="-73.60827"><ele>136</ele></trkpt><trkpt lat="45.49590" lon="-73.60834"><ele>136</ele></trkpt><trkpt lat="45.49594" lon="-73.60848"><ele>136</ele></trkpt><trkpt lat="45.49596" lon="-73.60857"><ele>136</ele></trkpt><trkpt lat="45.49596" lon="-73.60860"><ele>136</ele></trkpt><trkpt lat="45.49597" lon="-73.60864"><ele>136</ele></trkpt><trkpt lat="45.49598" lon="-73.60868"><ele>136</ele></trkpt><trkpt lat="45.49598" lon="-73.60872"><ele>136</ele></trkpt><trkpt lat="45.49599" lon="-73.60880"><ele>135</ele></trkpt><trkpt lat="45.49600" lon="-73.60888"><ele>135</ele></trkpt><trkpt lat="45.49600" lon="-73.60895"><ele>135</ele></trkpt><trkpt lat="45.49600" lon="-73.60903"><ele>135</ele></trkpt><trkpt lat="45.49600" lon="-73.60910"><ele>135</ele></trkpt><trkpt lat="45.49600" lon="-73.60919"><ele>135</ele></trkpt><trkpt lat="45.49599" lon="-73.60928"><ele>135</ele></trkpt><trkpt lat="45.49599" lon="-73.60937"><ele>135</ele></trkpt><trkpt lat="45.49598" lon="-73.60944"><ele>135</ele></trkpt><trkpt lat="45.49598" lon="-73.60950"><ele>134</ele></trkpt><trkpt lat="45.49598" lon="-73.60957"><ele>134</ele></trkpt><trkpt lat="45.49597" lon="-73.60963"><ele>134</ele></trkpt><trkpt lat="45.49596" lon="-73.60970"><ele>134</ele></trkpt><trkpt lat="45.49595" lon="-73.60979"><ele>134</ele></trkpt><trkpt lat="45.49595" lon="-73.60985"><ele>134</ele></trkpt><trkpt lat="45.49594" lon="-73.60992"><ele>133</ele></trkpt><trkpt lat="45.49593" lon="-73.61000"><ele>133</ele></trkpt><trkpt lat="45.49591" lon="-73.61009"><ele>133</ele></trkpt><trkpt lat="45.49590" lon="-73.61020"><ele>133</ele></trkpt><trkpt lat="45.49589" lon="-73.61024"><ele>132</ele></trkpt><trkpt lat="45.49587" lon="-73.61036"><ele>132</ele></trkpt><trkpt lat="45.49585" lon="-73.61045"><ele>132</ele></trkpt><trkpt lat="45.49579" lon="-73.61079"><ele>131</ele></trkpt><trkpt lat="45.49573" lon="-73.61115"><ele>131</ele></trkpt><trkpt lat="45.49563" lon="-73.61171"><ele>130</ele></trkpt><trkpt lat="45.49558" lon="-73.61198"><ele>130</ele></trkpt><trkpt lat="45.49556" lon="-73.61209"><ele>129</ele></trkpt><trkpt lat="45.49555" lon="-73.61216"><ele>129</ele></trkpt><trkpt lat="45.49554" lon="-73.61225"><ele>128</ele></trkpt><trkpt lat="45.49552" lon="-73.61234"><ele>128</ele></trkpt><trkpt lat="45.49551" lon="-73.61241"><ele>127</ele></trkpt><trkpt lat="45.49550" lon="-73.61250"><ele>127</ele></trkpt><trkpt lat="45.49549" lon="-73.61258"><ele>127</ele></trkpt><trkpt lat="45.49549" lon="-73.61267"><ele>126</ele></trkpt><trkpt lat="45.49548" lon="-73.61276"><ele>126</ele></trkpt><trkpt lat="45.49548" lon="-73.61285"><ele>125</ele></trkpt><trkpt lat="45.49547" lon="-73.61294"><ele>125</ele></trkpt><trkpt lat="45.49546" lon="-73.61351"><ele>124</ele></trkpt><trkpt lat="45.49545" lon="-73.61388"><ele>123</ele></trkpt><trkpt lat="45.49545" lon="-73.61401"><ele>123</ele></trkpt><trkpt lat="45.49545" lon="-73.61414"><ele>122</ele></trkpt><trkpt lat="45.49545" lon="-73.61427"><ele>122</ele></trkpt><trkpt lat="45.49545" lon="-73.61456"><ele>122</ele></trkpt><trkpt lat="45.49546" lon="-73.61495"><ele>122</ele></trkpt><trkpt lat="45.49546" lon="-73.61508"><ele>121</ele></trkpt><trkpt lat="45.49546" lon="-73.61552"><ele>121</ele></trkpt><trkpt lat="45.49546" lon="-73.61559"><ele>121</ele></trkpt><trkpt lat="45.49546" lon="-73.61566"><ele>121</ele></trkpt><trkpt lat="45.49546" lon="-73.61572"><ele>120</ele></trkpt><trkpt lat="45.49546" lon="-73.61580"><ele>120</ele></trkpt><trkpt lat="45.49545" lon="-73.61593"><ele>120</ele></trkpt><trkpt lat="45.49544" lon="-73.61603"><ele>120</ele></trkpt><trkpt lat="45.49542" lon="-73.61613"><ele>120</ele></trkpt><trkpt lat="45.49541" lon="-73.61623"><ele>120</ele></trkpt><trkpt lat="45.49540" lon="-73.61633"><ele>119</ele></trkpt><trkpt lat="45.49539" lon="-73.61641"><ele>119</ele></trkpt><trkpt lat="45.49537" lon="-73.61649"><ele>119</ele></trkpt><trkpt lat="45.49535" lon="-73.61658"><ele>119</ele></trkpt><trkpt lat="45.49531" lon="-73.61680"><ele>119</ele></trkpt><trkpt lat="45.49527" lon="-73.61695"><ele>119</ele></trkpt><trkpt lat="45.49519" lon="-73.61734"><ele>118</ele></trkpt><trkpt lat="45.49518" lon="-73.61741"><ele>118</ele></trkpt><trkpt lat="45.49521" lon="-73.61748"><ele>118</ele></trkpt><trkpt lat="45.49524" lon="-73.61753"><ele>117</ele></trkpt><trkpt lat="45.49528" lon="-73.61763"><ele>117</ele></trkpt><trkpt lat="45.49530" lon="-73.61767"><ele>117</ele></trkpt><trkpt lat="45.49535" lon="-73.61777"><ele>117</ele></trkpt><trkpt lat="45.49535" lon="-73.61777"><ele>117</ele></trkpt><trkpt lat="45.49541" lon="-73.61792"><ele>116</ele></trkpt><trkpt lat="45.49544" lon="-73.61800"><ele>116</ele></trkpt><trkpt lat="45.49548" lon="-73.61808"><ele>116</ele></trkpt><trkpt lat="45.49558" lon="-73.61829"><ele>116</ele></trkpt><trkpt lat="45.49559" lon="-73.61832"><ele>116</ele></trkpt><trkpt lat="45.49563" lon="-73.61840"><ele>115</ele></trkpt><trkpt lat="45.49568" lon="-73.61853"><ele>115</ele></trkpt><trkpt lat="45.49572" lon="-73.61863"><ele>115</ele></trkpt><trkpt lat="45.49591" lon="-73.61905"><ele>114</ele></trkpt><trkpt lat="45.49608" lon="-73.61942"><ele>113</ele></trkpt><trkpt lat="45.49612" lon="-73.61950"><ele>113</ele></trkpt><trkpt lat="45.49615" lon="-73.61956"><ele>112</ele></trkpt><trkpt lat="45.49677" lon="-73.62095"><ele>111</ele></trkpt><trkpt lat="45.49679" lon="-73.62098"><ele>110</ele></trkpt><trkpt lat="45.49683" lon="-73.62108"><ele>110</ele></trkpt><trkpt lat="45.49687" lon="-73.62117"><ele>110</ele></trkpt><trkpt lat="45.49713" lon="-73.62175"><ele>110</ele></trkpt><trkpt lat="45.49719" lon="-73.62187"><ele>110</ele></trkpt><trkpt lat="45.49721" lon="-73.62193"><ele>110</ele></trkpt><trkpt lat="45.49726" lon="-73.62189"><ele>111</ele></trkpt><trkpt lat="45.49746" lon="-73.62170"><ele>111</ele></trkpt><trkpt lat="45.49750" lon="-73.62166"><ele>111</ele></trkpt><trkpt lat="45.49753" lon="-73.62163"><ele>111</ele></trkpt><trkpt lat="45.49764" lon="-73.62155"><ele>111</ele></trkpt><trkpt lat="45.49800" lon="-73.62122"><ele>112</ele></trkpt><trkpt lat="45.49800" lon="-73.62122"><ele>112</ele></trkpt><trkpt lat="45.49831" lon="-73.62093"><ele>113</ele></trkpt><trkpt lat="45.49837" lon="-73.62088"><ele>113</ele></trkpt><trkpt lat="45.49830" lon="-73.62075"><ele>113</ele></trkpt><trkpt lat="45.49813" lon="-73.62046"><ele>113</ele></trkpt><trkpt lat="45.49813" lon="-73.62046"><ele>113</ele></trkpt><trkpt lat="45.49795" lon="-73.62014"><ele>113</ele></trkpt><trkpt lat="45.49786" lon="-73.61997"><ele>113</ele></trkpt><trkpt lat="45.49784" lon="-73.61995"><ele>114</ele></trkpt><trkpt lat="45.49780" lon="-73.61986"><ele>114</ele></trkpt><trkpt lat="45.49777" lon="-73.61979"><ele>114</ele></trkpt><trkpt lat="45.49775" lon="-73.61975"><ele>114</ele></trkpt><trkpt lat="45.49753" lon="-73.61933"><ele>114</ele></trkpt><trkpt lat="45.49718" lon="-73.61862"><ele>115</ele></trkpt><trkpt lat="45.49717" lon="-73.61859"><ele>115</ele></trkpt><trkpt lat="45.49713" lon="-73.61852"><ele>115</ele></trkpt><trkpt lat="45.49710" lon="-73.61845"><ele>116</ele></trkpt><trkpt lat="45.49708" lon="-73.61842"><ele>116</ele></trkpt><trkpt lat="45.49693" lon="-73.61811"><ele>116</ele></trkpt><trkpt lat="45.49677" lon="-73.61779"><ele>116</ele></trkpt><trkpt lat="45.49676" lon="-73.61776"><ele>116</ele></trkpt><trkpt lat="45.49673" lon="-73.61770"><ele>116</ele></trkpt><trkpt lat="45.49673" lon="-73.61770"><ele>116</ele></trkpt><trkpt lat="45.49669" lon="-73.61763"><ele>116</ele></trkpt><trkpt lat="45.49679" lon="-73.61760"><ele>116</ele></trkpt><trkpt lat="45.49681" lon="-73.61759"><ele>116</ele></trkpt><trkpt lat="45.49710" lon="-73.61748"><ele>116</ele></trkpt><trkpt lat="45.49712" lon="-73.61747"><ele>117</ele></trkpt><trkpt lat="45.49712" lon="-73.61747"><ele>117</ele></trkpt><trkpt lat="45.49722" lon="-73.61743"><ele>117</ele></trkpt><trkpt lat="45.49731" lon="-73.61739"><ele>117</ele></trkpt><trkpt lat="45.49740" lon="-73.61734"><ele>117</ele></trkpt><trkpt lat="45.49755" lon="-73.61724"><ele>118</ele></trkpt><trkpt lat="45.49765" lon="-73.61716"><ele>118</ele></trkpt><trkpt lat="45.49776" lon="-73.61705"><ele>118</ele></trkpt><trkpt lat="45.49786" lon="-73.61695"><ele>119</ele></trkpt><trkpt lat="45.49802" lon="-73.61677"><ele>120</ele></trkpt><trkpt lat="45.49814" lon="-73.61663"><ele>121</ele></trkpt><trkpt lat="45.49827" lon="-73.61647"><ele>123</ele></trkpt><trkpt lat="45.49834" lon="-73.61640"><ele>124</ele></trkpt><trkpt lat="45.49839" lon="-73.61636"><ele>125</ele></trkpt><trkpt lat="45.49847" lon="-73.61631"><ele>126</ele></trkpt><trkpt lat="45.49855" lon="-73.61628"><ele>127</ele></trkpt><trkpt lat="45.49864" lon="-73.61626"><ele>128</ele></trkpt><trkpt lat="45.49875" lon="-73.61626"><ele>128</ele></trkpt><trkpt lat="45.49892" lon="-73.61630"><ele>130</ele></trkpt><trkpt lat="45.49903" lon="-73.61636"><ele>131</ele></trkpt><trkpt lat="45.49907" lon="-73.61624"><ele>132</ele></trkpt><trkpt lat="45.49912" lon="-73.61612"><ele>133</ele></trkpt><trkpt lat="45.49923" lon="-73.61589"><ele>134</ele></trkpt><trkpt lat="45.49928" lon="-73.61579"><ele>135</ele></trkpt><trkpt lat="45.49934" lon="-73.61562"><ele>136</ele></trkpt><trkpt lat="45.49938" lon="-73.61552"><ele>137</ele></trkpt><trkpt lat="45.49943" lon="-73.61541"><ele>138</ele></trkpt><trkpt lat="45.49949" lon="-73.61532"><ele>138</ele></trkpt><trkpt lat="45.49953" lon="-73.61526"><ele>139</ele></trkpt><trkpt lat="45.49962" lon="-73.61516"><ele>139</ele></trkpt><trkpt lat="45.49972" lon="-73.61507"><ele>140</ele></trkpt><trkpt lat="45.49993" lon="-73.61488"><ele>141</ele></trkpt><trkpt lat="45.50005" lon="-73.61477"><ele>142</ele></trkpt><trkpt lat="45.50020" lon="-73.61464"><ele>143</ele></trkpt><trkpt lat="45.50025" lon="-73.61460"><ele>144</ele></trkpt><trkpt lat="45.50085" lon="-73.61412"><ele>147</ele></trkpt><trkpt lat="45.50109" lon="-73.61393"><ele>148</ele></trkpt><trkpt lat="45.50119" lon="-73.61384"><ele>149</ele></trkpt><trkpt lat="45.50121" lon="-73.61382"><ele>150</ele></trkpt><trkpt lat="45.50244" lon="-73.61272"><ele>152</ele></trkpt><trkpt lat="45.50251" lon="-73.61267"><ele>152</ele></trkpt><trkpt lat="45.50253" lon="-73.61272"><ele>153</ele></trkpt><trkpt lat="45.50254" lon="-73.61276"><ele>153</ele></trkpt><trkpt lat="45.50260" lon="-73.61293"><ele>154</ele></trkpt><trkpt lat="45.50260" lon="-73.61293"><ele>154</ele></trkpt><trkpt lat="45.50270" lon="-73.61323"><ele>154</ele></trkpt><trkpt lat="45.50275" lon="-73.61329"><ele>154</ele></trkpt><trkpt lat="45.50286" lon="-73.61357"><ele>154</ele></trkpt><trkpt lat="45.50294" lon="-73.61372"><ele>154</ele></trkpt><trkpt lat="45.50301" lon="-73.61380"><ele>154</ele></trkpt><trkpt lat="45.50308" lon="-73.61386"><ele>154</ele></trkpt><trkpt lat="45.50324" lon="-73.61396"><ele>154</ele></trkpt><trkpt lat="45.50350" lon="-73.61405"><ele>154</ele></trkpt><trkpt lat="45.50369" lon="-73.61411"><ele>154</ele></trkpt><trkpt lat="45.50378" lon="-73.61415"><ele>154</ele></trkpt><trkpt lat="45.50388" lon="-73.61421"><ele>154</ele></trkpt><trkpt lat="45.50400" lon="-73.61430"><ele>153</ele></trkpt><trkpt lat="45.50411" lon="-73.61442"><ele>151</ele></trkpt><trkpt lat="45.50417" lon="-73.61451"><ele>149</ele></trkpt><trkpt lat="45.50424" lon="-73.61462"><ele>148</ele></trkpt><trkpt lat="45.50432" lon="-73.61477"><ele>146</ele></trkpt><trkpt lat="45.50439" lon="-73.61493"><ele>144</ele></trkpt><trkpt lat="45.50460" lon="-73.61537"><ele>141</ele></trkpt><trkpt lat="45.50464" lon="-73.61545"><ele>139</ele></trkpt><trkpt lat="45.50469" lon="-73.61557"><ele>138</ele></trkpt><trkpt lat="45.50471" lon="-73.61563"><ele>136</ele></trkpt><trkpt lat="45.50472" lon="-73.61569"><ele>135</ele></trkpt><trkpt lat="45.50472" lon="-73.61574"><ele>134</ele></trkpt><trkpt lat="45.50473" lon="-73.61579"><ele>133</ele></trkpt><trkpt lat="45.50472" lon="-73.61585"><ele>133</ele></trkpt><trkpt lat="45.50471" lon="-73.61593"><ele>132</ele></trkpt><trkpt lat="45.50469" lon="-73.61601"><ele>131</ele></trkpt><trkpt lat="45.50467" lon="-73.61606"><ele>131</ele></trkpt><trkpt lat="45.50463" lon="-73.61612"><ele>130</ele></trkpt><trkpt lat="45.50460" lon="-73.61616"><ele>129</ele></trkpt><trkpt lat="45.50448" lon="-73.61627"><ele>129</ele></trkpt><trkpt lat="45.50414" lon="-73.61655"><ele>127</ele></trkpt><trkpt lat="45.50385" lon="-73.61679"><ele>124</ele></trkpt><trkpt lat="45.50375" lon="-73.61687"><ele>122</ele></trkpt><trkpt lat="45.50359" lon="-73.61701"><ele>120</ele></trkpt><trkpt lat="45.50350" lon="-73.61709"><ele>119</ele></trkpt><trkpt lat="45.50343" lon="-73.61718"><ele>117</ele></trkpt><trkpt lat="45.50339" lon="-73.61725"><ele>116</ele></trkpt><trkpt lat="45.50335" lon="-73.61733"><ele>115</ele></trkpt><trkpt lat="45.50330" lon="-73.61749"><ele>114</ele></trkpt><trkpt lat="45.50327" lon="-73.61759"><ele>113</ele></trkpt><trkpt lat="45.50320" lon="-73.61782"><ele>112</ele></trkpt><trkpt lat="45.50315" lon="-73.61804"><ele>111</ele></trkpt><trkpt lat="45.50314" lon="-73.61808"><ele>110</ele></trkpt><trkpt lat="45.50311" lon="-73.61818"><ele>110</ele></trkpt><trkpt lat="45.50311" lon="-73.61824"><ele>110</ele></trkpt><trkpt lat="45.50311" lon="-73.61829"><ele>109</ele></trkpt><trkpt lat="45.50312" lon="-73.61833"><ele>109</ele></trkpt><trkpt lat="45.50312" lon="-73.61839"><ele>109</ele></trkpt><trkpt lat="45.50314" lon="-73.61845"><ele>109</ele></trkpt><trkpt lat="45.50320" lon="-73.61860"><ele>109</ele></trkpt><trkpt lat="45.50324" lon="-73.61869"><ele>109</ele></trkpt><trkpt lat="45.50325" lon="-73.61874"><ele>109</ele></trkpt><trkpt lat="45.50326" lon="-73.61887"><ele>109</ele></trkpt><trkpt lat="45.50334" lon="-73.61880"><ele>109</ele></trkpt><trkpt lat="45.50336" lon="-73.61878"><ele>109</ele></trkpt><trkpt lat="45.50418" lon="-73.61802"><ele>109</ele></trkpt><trkpt lat="45.50425" lon="-73.61795"><ele>109</ele></trkpt><trkpt lat="45.50444" lon="-73.61778"><ele>109</ele></trkpt><trkpt lat="45.50500" lon="-73.61728"><ele>109</ele></trkpt><trkpt lat="45.50500" lon="-73.61728"><ele>110</ele></trkpt><trkpt lat="45.50527" lon="-73.61704"><ele>110</ele></trkpt><trkpt lat="45.50614" lon="-73.61626"><ele>110</ele></trkpt><trkpt lat="45.50659" lon="-73.61585"><ele>110</ele></trkpt><trkpt lat="45.50696" lon="-73.61551"><ele>110</ele></trkpt><trkpt lat="45.50718" lon="-73.61531"><ele>110</ele></trkpt><trkpt lat="45.50723" lon="-73.61527"><ele>110</ele></trkpt><trkpt lat="45.50728" lon="-73.61523"><ele>110</ele></trkpt><trkpt lat="45.50732" lon="-73.61519"><ele>110</ele></trkpt><trkpt lat="45.50738" lon="-73.61513"><ele>110</ele></trkpt><trkpt lat="45.50765" lon="-73.61489"><ele>110</ele></trkpt><trkpt lat="45.50809" lon="-73.61450"><ele>110</ele></trkpt><trkpt lat="45.50906" lon="-73.61362"><ele>111</ele></trkpt><trkpt lat="45.50935" lon="-73.61336"><ele>112</ele></trkpt><trkpt lat="45.50942" lon="-73.61329"><ele>113</ele></trkpt><trkpt lat="45.50960" lon="-73.61313"><ele>114</ele></trkpt><trkpt lat="45.50973" lon="-73.61293"><ele>115</ele></trkpt><trkpt lat="45.50979" lon="-73.61285"><ele>115</ele></trkpt><trkpt lat="45.50983" lon="-73.61278"><ele>116</ele></trkpt><trkpt lat="45.50988" lon="-73.61265"><ele>116</ele></trkpt><trkpt lat="45.50994" lon="-73.61250"><ele>115</ele></trkpt><trkpt lat="45.51000" lon="-73.61238"><ele>115</ele></trkpt><trkpt lat="45.51004" lon="-73.61232"><ele>115</ele></trkpt><trkpt lat="45.51010" lon="-73.61225"><ele>115</ele></trkpt><trkpt lat="45.51013" lon="-73.61223"><ele>114</ele></trkpt><trkpt lat="45.51019" lon="-73.61222"><ele>114</ele></trkpt><trkpt lat="45.51023" lon="-73.61230"><ele>114</ele></trkpt><trkpt lat="45.51023" lon="-73.61230"><ele>114</ele></trkpt><trkpt lat="45.51026" lon="-73.61237"><ele>114</ele></trkpt><trkpt lat="45.51037" lon="-73.61260"><ele>113</ele></trkpt><trkpt lat="45.51049" lon="-73.61288"><ele>113</ele></trkpt><trkpt lat="45.51053" lon="-73.61296"><ele>113</ele></trkpt><trkpt lat="45.51056" lon="-73.61302"><ele>112</ele></trkpt><trkpt lat="45.51067" lon="-73.61324"><ele>112</ele></trkpt><trkpt lat="45.51071" lon="-73.61328"><ele>112</ele></trkpt><trkpt lat="45.51075" lon="-73.61336"><ele>112</ele></trkpt><trkpt lat="45.51076" lon="-73.61340"><ele>111</ele></trkpt><trkpt lat="45.51080" lon="-73.61349"><ele>111</ele></trkpt><trkpt lat="45.51091" lon="-73.61374"><ele>111</ele></trkpt><trkpt lat="45.51093" lon="-73.61382"><ele>111</ele></trkpt><trkpt lat="45.51099" lon="-73.61395"><ele>111</ele></trkpt><trkpt lat="45.51123" lon="-73.61449"><ele>110</ele></trkpt><trkpt lat="45.51136" lon="-73.61478"><ele>110</ele></trkpt><trkpt lat="45.51139" lon="-73.61486"><ele>109</ele></trkpt><trkpt lat="45.51147" lon="-73.61504"><ele>109</ele></trkpt><trkpt lat="45.51161" lon="-73.61534"><ele>108</ele></trkpt><trkpt lat="45.51166" lon="-73.61543"><ele>107</ele></trkpt><trkpt lat="45.51167" lon="-73.61546"><ele>107</ele></trkpt><trkpt lat="45.51172" lon="-73.61553"><ele>106</ele></trkpt><trkpt lat="45.51180" lon="-73.61539"><ele>106</ele></trkpt><trkpt lat="45.51182" lon="-73.61535"><ele>105</ele></trkpt><trkpt lat="45.51193" lon="-73.61515"><ele>105</ele></trkpt><trkpt lat="45.51212" lon="-73.61478"><ele>104</ele></trkpt><trkpt lat="45.51237" lon="-73.61428"><ele>104</ele></trkpt><trkpt lat="45.51237" lon="-73.61428"><ele>103</ele></trkpt><trkpt lat="45.51243" lon="-73.61417"><ele>103</ele></trkpt><trkpt lat="45.51275" lon="-73.61355"><ele>102</ele></trkpt><trkpt lat="45.51294" lon="-73.61321"><ele>100</ele></trkpt><trkpt lat="45.51296" lon="-73.61317"><ele>99</ele></trkpt><trkpt lat="45.51300" lon="-73.61311"><ele>99</ele></trkpt><trkpt lat="45.51305" lon="-73.61302"><ele>98</ele></trkpt><trkpt lat="45.51307" lon="-73.61298"><ele>97</ele></trkpt><trkpt lat="45.51332" lon="-73.61253"><ele>97</ele></trkpt><trkpt lat="45.51355" lon="-73.61213"><ele>96</ele></trkpt><trkpt lat="45.51396" lon="-73.61140"><ele>94</ele></trkpt><trkpt lat="45.51399" lon="-73.61135"><ele>93</ele></trkpt><trkpt lat="45.51402" lon="-73.61129"><ele>92</ele></trkpt><trkpt lat="45.51404" lon="-73.61125"><ele>91</ele></trkpt><trkpt lat="45.51405" lon="-73.61122"><ele>91</ele></trkpt><trkpt lat="45.51406" lon="-73.61119"><ele>90</ele></trkpt><trkpt lat="45.51407" lon="-73.61116"><ele>90</ele></trkpt><trkpt lat="45.51408" lon="-73.61114"><ele>90</ele></trkpt><trkpt lat="45.51409" lon="-73.61109"><ele>90</ele></trkpt><trkpt lat="45.51411" lon="-73.61101"><ele>89</ele></trkpt><trkpt lat="45.51415" lon="-73.61088"><ele>89</ele></trkpt><trkpt lat="45.51416" lon="-73.61084"><ele>89</ele></trkpt><trkpt lat="45.51420" lon="-73.61071"><ele>89</ele></trkpt><trkpt lat="45.51425" lon="-73.61053"><ele>89</ele></trkpt><trkpt lat="45.51429" lon="-73.61038"><ele>88</ele></trkpt><trkpt lat="45.51434" lon="-73.61020"><ele>88</ele></trkpt><trkpt lat="45.51445" lon="-73.60981"><ele>88</ele></trkpt><trkpt lat="45.51455" lon="-73.60944"><ele>88</ele></trkpt><trkpt lat="45.51456" lon="-73.60939"><ele>88</ele></trkpt><trkpt lat="45.51458" lon="-73.60932"><ele>88</ele></trkpt><trkpt lat="45.51451" lon="-73.60928"><ele>88</ele></trkpt><trkpt lat="45.51448" lon="-73.60927"><ele>88</ele></trkpt><trkpt lat="45.51443" lon="-73.60925"><ele>88</ele></trkpt><trkpt lat="45.51435" lon="-73.60920"><ele>88</ele></trkpt><trkpt lat="45.51431" lon="-73.60918"><ele>89</ele></trkpt><trkpt lat="45.51427" lon="-73.60914"><ele>89</ele></trkpt><trkpt lat="45.51423" lon="-73.60909"><ele>89</ele></trkpt><trkpt lat="45.51417" lon="-73.60895"><ele>89</ele></trkpt><trkpt lat="45.51417" lon="-73.60895"><ele>89</ele></trkpt><trkpt lat="45.51409" lon="-73.60878"><ele>89</ele></trkpt><trkpt lat="45.51384" lon="-73.60821"><ele>91</ele></trkpt><trkpt lat="45.51382" lon="-73.60816"><ele>93</ele></trkpt><trkpt lat="45.51333" lon="-73.60708"><ele>97</ele></trkpt><trkpt lat="45.51330" lon="-73.60702"><ele>101</ele></trkpt><trkpt lat="45.51327" lon="-73.60696"><ele>103</ele></trkpt><trkpt lat="45.51282" lon="-73.60597"><ele>107</ele></trkpt><trkpt lat="45.51279" lon="-73.60589"><ele>110</ele></trkpt><trkpt lat="45.51276" lon="-73.60583"><ele>112</ele></trkpt><trkpt lat="45.51185" lon="-73.60381"><ele>117</ele></trkpt><trkpt lat="45.51183" lon="-73.60379"><ele>120</ele></trkpt><trkpt lat="45.51176" lon="-73.60375"><ele>121</ele></trkpt><trkpt lat="45.51179" lon="-73.60365"><ele>123</ele></trkpt><trkpt lat="45.51192" lon="-73.60314"><ele>124</ele></trkpt><trkpt lat="45.51192" lon="-73.60314"><ele>124</ele></trkpt><trkpt lat="45.51207" lon="-73.60255"><ele>124</ele></trkpt><trkpt lat="45.51214" lon="-73.60228"><ele>124</ele></trkpt><trkpt lat="45.51219" lon="-73.60212"><ele>124</ele></trkpt><trkpt lat="45.51222" lon="-73.60198"><ele>124</ele></trkpt><trkpt lat="45.51247" lon="-73.60112"><ele>124</ele></trkpt><trkpt lat="45.51248" lon="-73.60108"><ele>124</ele></trkpt><trkpt lat="45.51251" lon="-73.60102"><ele>124</ele></trkpt><trkpt lat="45.51250" lon="-73.60096"><ele>124</ele></trkpt><trkpt lat="45.51249" lon="-73.60084"><ele>123</ele></trkpt><trkpt lat="45.51220" lon="-73.60014"><ele>123</ele></trkpt><trkpt lat="45.51218" lon="-73.60007"><ele>123</ele></trkpt><trkpt lat="45.51216" lon="-73.60001"><ele>123</ele></trkpt><trkpt lat="45.51223" lon="-73.59994"><ele>122</ele></trkpt><trkpt lat="45.51225" lon="-73.59993"><ele>122</ele></trkpt><trkpt lat="45.51247" lon="-73.59972"><ele>122</ele></trkpt><trkpt lat="45.51308" lon="-73.59912"><ele>122</ele></trkpt><trkpt lat="45.51360" lon="-73.59861"><ele>120</ele></trkpt><trkpt lat="45.51366" lon="-73.59856"><ele>119</ele></trkpt><trkpt lat="45.51413" lon="-73.59808"><ele>118</ele></trkpt><trkpt lat="45.51440" lon="-73.59770"><ele>116</ele></trkpt><trkpt lat="45.51451" lon="-73.59751"><ele>115</ele></trkpt><trkpt lat="45.51457" lon="-73.59737"><ele>114</ele></trkpt><trkpt lat="45.51463" lon="-73.59713"><ele>113</ele></trkpt><trkpt lat="45.51466" lon="-73.59694"><ele>113</ele></trkpt><trkpt lat="45.51467" lon="-73.59681"><ele>112</ele></trkpt><trkpt lat="45.51468" lon="-73.59656"><ele>111</ele></trkpt><trkpt lat="45.51469" lon="-73.59633"><ele>111</ele></trkpt><trkpt lat="45.51469" lon="-73.59599"><ele>110</ele></trkpt><trkpt lat="45.51470" lon="-73.59564"><ele>109</ele></trkpt><trkpt lat="45.51470" lon="-73.59534"><ele>109</ele></trkpt><trkpt lat="45.51470" lon="-73.59505"><ele>108</ele></trkpt><trkpt lat="45.51469" lon="-73.59498"><ele>108</ele></trkpt><trkpt lat="45.51465" lon="-73.59397"><ele>107</ele></trkpt><trkpt lat="45.51464" lon="-73.59367"><ele>106</ele></trkpt><trkpt lat="45.51462" lon="-73.59309"><ele>105</ele></trkpt><trkpt lat="45.51460" lon="-73.59239"><ele>104</ele></trkpt><trkpt lat="45.51459" lon="-73.59229"><ele>103</ele></trkpt><trkpt lat="45.51458" lon="-73.59194"><ele>102</ele></trkpt><trkpt lat="45.51458" lon="-73.59186"><ele>101</ele></trkpt><trkpt lat="45.51459" lon="-73.59177"><ele>100</ele></trkpt><trkpt lat="45.51461" lon="-73.59170"><ele>99</ele></trkpt><trkpt lat="45.51463" lon="-73.59163"><ele>99</ele></trkpt><trkpt lat="45.51465" lon="-73.59157"><ele>98</ele></trkpt><trkpt lat="45.51467" lon="-73.59150"><ele>98</ele></trkpt><trkpt lat="45.51469" lon="-73.59146"><ele>98</ele></trkpt><trkpt lat="45.51469" lon="-73.59146"><ele>97</ele></trkpt><trkpt lat="45.51471" lon="-73.59144"><ele>97</ele></trkpt><trkpt lat="45.51474" lon="-73.59138"><ele>97</ele></trkpt><trkpt lat="45.51482" lon="-73.59128"><ele>97</ele></trkpt><trkpt lat="45.51509" lon="-73.59107"><ele>96</ele></trkpt><trkpt lat="45.51541" lon="-73.59076"><ele>94</ele></trkpt><trkpt lat="45.51574" lon="-73.59044"><ele>92</ele></trkpt><trkpt lat="45.51574" lon="-73.59042"><ele>91</ele></trkpt><trkpt lat="45.51579" lon="-73.59027"><ele>90</ele></trkpt><trkpt lat="45.51586" lon="-73.59020"><ele>89</ele></trkpt><trkpt lat="45.51588" lon="-73.59018"><ele>88</ele></trkpt><trkpt lat="45.51591" lon="-73.59015"><ele>87</ele></trkpt><trkpt lat="45.51616" lon="-73.58991"><ele>86</ele></trkpt><trkpt lat="45.51626" lon="-73.58982"><ele>85</ele></trkpt><trkpt lat="45.51666" lon="-73.58944"><ele>82</ele></trkpt><trkpt lat="45.51667" lon="-73.58942"><ele>81</ele></trkpt><trkpt lat="45.51679" lon="-73.58932"><ele>79</ele></trkpt><trkpt lat="45.51689" lon="-73.58923"><ele>78</ele></trkpt><trkpt lat="45.51690" lon="-73.58921"><ele>77</ele></trkpt><trkpt lat="45.51747" lon="-73.58871"><ele>74</ele></trkpt><trkpt lat="45.51749" lon="-73.58869"><ele>72</ele></trkpt><trkpt lat="45.51753" lon="-73.58866"><ele>71</ele></trkpt><trkpt lat="45.51758" lon="-73.58862"><ele>70</ele></trkpt><trkpt lat="45.51760" lon="-73.58861"><ele>70</ele></trkpt><trkpt lat="45.51791" lon="-73.58834"><ele>69</ele></trkpt><trkpt lat="45.51812" lon="-73.58814"><ele>69</ele></trkpt><trkpt lat="45.51820" lon="-73.58807"><ele>69</ele></trkpt><trkpt lat="45.51826" lon="-73.58802"><ele>69</ele></trkpt><trkpt lat="45.51837" lon="-73.58793"><ele>69</ele></trkpt><trkpt lat="45.51883" lon="-73.58753"><ele>69</ele></trkpt><trkpt lat="45.51885" lon="-73.58751"><ele>69</ele></trkpt><trkpt lat="45.51889" lon="-73.58748"><ele>69</ele></trkpt><trkpt lat="45.51893" lon="-73.58744"><ele>69</ele></trkpt><trkpt lat="45.51893" lon="-73.58745"><ele>69</ele></trkpt><trkpt lat="45.51893" lon="-73.58745"><ele>69</ele></trkpt><trkpt lat="45.51893" lon="-73.58744"><ele>69</ele></trkpt><trkpt lat="45.51889" lon="-73.58736"><ele>69</ele></trkpt><trkpt lat="45.51865" lon="-73.58683"><ele>68</ele></trkpt><trkpt lat="45.51861" lon="-73.58673"><ele>67</ele></trkpt><trkpt lat="45.51806" lon="-73.58554"><ele>67</ele></trkpt><trkpt lat="45.51793" lon="-73.58525"><ele>68</ele></trkpt><trkpt lat="45.51791" lon="-73.58522"><ele>68</ele></trkpt><trkpt lat="45.51789" lon="-73.58516"><ele>68</ele></trkpt><trkpt lat="45.51787" lon="-73.58512"><ele>68</ele></trkpt><trkpt lat="45.51719" lon="-73.58362"><ele>68</ele></trkpt><trkpt lat="45.51719" lon="-73.58362"><ele>68</ele></trkpt><trkpt lat="45.51706" lon="-73.58333"><ele>68</ele></trkpt><trkpt lat="45.51702" lon="-73.58324"><ele>68</ele></trkpt><trkpt lat="45.51688" lon="-73.58293"><ele>68</ele></trkpt><trkpt lat="45.51687" lon="-73.58290"><ele>68</ele></trkpt><trkpt lat="45.51685" lon="-73.58286"><ele>68</ele></trkpt><trkpt lat="45.51683" lon="-73.58281"><ele>67</ele></trkpt><trkpt lat="45.51679" lon="-73.58275"><ele>67</ele></trkpt><trkpt lat="45.51660" lon="-73.58233"><ele>67</ele></trkpt><trkpt lat="45.51602" lon="-73.58106"><ele>66</ele></trkpt><trkpt lat="45.51581" lon="-73.58059"><ele>65</ele></trkpt><trkpt lat="45.51579" lon="-73.58055"><ele>64</ele></trkpt><trkpt lat="45.51577" lon="-73.58050"><ele>64</ele></trkpt><trkpt lat="45.51574" lon="-73.58043"><ele>63</ele></trkpt><trkpt lat="45.51531" lon="-73.57948"><ele>62</ele></trkpt><trkpt lat="45.51530" lon="-73.57946"><ele>61</ele></trkpt><trkpt lat="45.51527" lon="-73.57940"><ele>61</ele></trkpt><trkpt lat="45.51526" lon="-73.57938"><ele>60</ele></trkpt><trkpt lat="45.51513" lon="-73.57909"><ele>60</ele></trkpt><trkpt lat="45.51503" lon="-73.57885"><ele>59</ele></trkpt><trkpt lat="45.51483" lon="-73.57842"><ele>58</ele></trkpt><trkpt lat="45.51480" lon="-73.57836"><ele>58</ele></trkpt><trkpt lat="45.51477" lon="-73.57829"><ele>57</ele></trkpt><trkpt lat="45.51473" lon="-73.57820"><ele>57</ele></trkpt><trkpt lat="45.51466" lon="-73.57806"><ele>56</ele></trkpt><trkpt lat="45.51459" lon="-73.57790"><ele>56</ele></trkpt><trkpt lat="45.51445" lon="-73.57760"><ele>56</ele></trkpt><trkpt lat="45.51422" lon="-73.57706"><ele>55</ele></trkpt><trkpt lat="45.51386" lon="-73.57627"><ele>54</ele></trkpt><trkpt lat="45.51385" lon="-73.57624"><ele>53</ele></trkpt><trkpt lat="45.51384" lon="-73.57621"><ele>52</ele></trkpt><trkpt lat="45.51381" lon="-73.57615"><ele>51</ele></trkpt><trkpt lat="45.51374" lon="-73.57621"><ele>51</ele></trkpt><trkpt lat="45.51372" lon="-73.57623"><ele>51</ele></trkpt><trkpt lat="45.51360" lon="-73.57634"><ele>51</ele></trkpt><trkpt lat="45.51324" lon="-73.57666"><ele>51</ele></trkpt><trkpt lat="45.51293" lon="-73.57695"><ele>52</ele></trkpt><trkpt lat="45.51287" lon="-73.57699"><ele>52</ele></trkpt><trkpt lat="45.51281" lon="-73.57705"><ele>52</ele></trkpt><trkpt lat="45.51269" lon="-73.57716"><ele>52</ele></trkpt><trkpt lat="45.51269" lon="-73.57716"><ele>52</ele></trkpt><trkpt lat="45.51214" lon="-73.57765"><ele>53</ele></trkpt><trkpt lat="45.51203" lon="-73.57775"><ele>53</ele></trkpt><trkpt lat="45.51189" lon="-73.57788"><ele>53</ele></trkpt><trkpt lat="45.51174" lon="-73.57801"><ele>53</ele></trkpt><trkpt lat="45.51168" lon="-73.57807"><ele>54</ele></trkpt><trkpt lat="45.51156" lon="-73.57819"><ele>54</ele></trkpt><trkpt lat="45.51159" lon="-73.57827"><ele>54</ele></trkpt><trkpt lat="45.51161" lon="-73.57830"><ele>54</ele></trkpt><trkpt lat="45.51163" lon="-73.57834"><ele>54</ele></trkpt><trkpt lat="45.51176" lon="-73.57863"><ele>54</ele></trkpt><trkpt lat="45.51195" lon="-73.57904"><ele>54</ele></trkpt><trkpt lat="45.51200" lon="-73.57914"><ele>54</ele></trkpt><trkpt lat="45.51202" lon="-73.57919"><ele>54</ele></trkpt><trkpt lat="45.51208" lon="-73.57931"><ele>54</ele></trkpt><trkpt lat="45.51218" lon="-73.57954"><ele>54</ele></trkpt><trkpt lat="45.51253" lon="-73.58029"><ele>56</ele></trkpt><trkpt lat="45.51340" lon="-73.58219"><ele>61</ele></trkpt><trkpt lat="45.51344" lon="-73.58227"><ele>64</ele></trkpt><trkpt lat="45.51348" lon="-73.58235"><ele>66</ele></trkpt><trkpt lat="45.51464" lon="-73.58483"><ele>69</ele></trkpt><trkpt lat="45.51466" lon="-73.58487"><ele>71</ele></trkpt><trkpt lat="45.51469" lon="-73.58494"><ele>73</ele></trkpt><trkpt lat="45.51473" lon="-73.58502"><ele>74</ele></trkpt><trkpt lat="45.51473" lon="-73.58502"><ele>74</ele></trkpt><trkpt lat="45.51483" lon="-73.58524"><ele>75</ele></trkpt><trkpt lat="45.51612" lon="-73.58803"><ele>75</ele></trkpt><trkpt lat="45.51614" lon="-73.58815"><ele>76</ele></trkpt><trkpt lat="45.51614" lon="-73.58823"><ele>76</ele></trkpt><trkpt lat="45.51613" lon="-73.58830"><ele>77</ele></trkpt><trkpt lat="45.51612" lon="-73.58835"><ele>77</ele></trkpt><trkpt lat="45.51610" lon="-73.58839"><ele>77</ele></trkpt><trkpt lat="45.51605" lon="-73.58859"><ele>78</ele></trkpt><trkpt lat="45.51590" lon="-73.58906"><ele>79</ele></trkpt><trkpt lat="45.51576" lon="-73.58954"><ele>81</ele></trkpt><trkpt lat="45.51573" lon="-73.58964"><ele>82</ele></trkpt><trkpt lat="45.51573" lon="-73.58974"><ele>83</ele></trkpt><trkpt lat="45.51570" lon="-73.58993"><ele>83</ele></trkpt><trkpt lat="45.51570" lon="-73.59006"><ele>84</ele></trkpt><trkpt lat="45.51572" lon="-73.59015"><ele>85</ele></trkpt><trkpt lat="45.51573" lon="-73.59019"><ele>85</ele></trkpt><trkpt lat="45.51579" lon="-73.59027"><ele>86</ele></trkpt><trkpt lat="45.51570" lon="-73.59031"><ele>86</ele></trkpt><trkpt lat="45.51568" lon="-73.59033"><ele>87</ele></trkpt><trkpt lat="45.51558" lon="-73.59039"><ele>87</ele></trkpt><trkpt lat="45.51523" lon="-73.59067"><ele>88</ele></trkpt><trkpt lat="45.51507" lon="-73.59069"><ele>89</ele></trkpt><trkpt lat="45.51504" lon="-73.59069"><ele>90</ele></trkpt><trkpt lat="45.51499" lon="-73.59070"><ele>91</ele></trkpt><trkpt lat="45.51494" lon="-73.59069"><ele>91</ele></trkpt><trkpt lat="45.51489" lon="-73.59069"><ele>92</ele></trkpt><trkpt lat="45.51484" lon="-73.59067"><ele>92</ele></trkpt><trkpt lat="45.51480" lon="-73.59064"><ele>92</ele></trkpt><trkpt lat="45.51473" lon="-73.59060"><ele>93</ele></trkpt><trkpt lat="45.51465" lon="-73.59052"><ele>93</ele></trkpt><trkpt lat="45.51456" lon="-73.59041"><ele>94</ele></trkpt><trkpt lat="45.51442" lon="-73.59023"><ele>94</ele></trkpt><trkpt lat="45.51397" lon="-73.58953"><ele>96</ele></trkpt><trkpt lat="45.51387" lon="-73.58939"><ele>98</ele></trkpt><trkpt lat="45.51378" lon="-73.58925"><ele>99</ele></trkpt><trkpt lat="45.51373" lon="-73.58918"><ele>100</ele></trkpt><trkpt lat="45.51368" lon="-73.58914"><ele>101</ele></trkpt><trkpt lat="45.51364" lon="-73.58911"><ele>102</ele></trkpt><trkpt lat="45.51360" lon="-73.58908"><ele>102</ele></trkpt><trkpt lat="45.51355" lon="-73.58905"><ele>103</ele></trkpt><trkpt lat="45.51351" lon="-73.58904"><ele>103</ele></trkpt><trkpt lat="45.51346" lon="-73.58903"><ele>104</ele></trkpt><trkpt lat="45.51342" lon="-73.58903"><ele>104</ele></trkpt><trkpt lat="45.51336" lon="-73.58903"><ele>105</ele></trkpt><trkpt lat="45.51331" lon="-73.58905"><ele>105</ele></trkpt><trkpt lat="45.51326" lon="-73.58907"><ele>106</ele></trkpt><trkpt lat="45.51322" lon="-73.58909"><ele>106</ele></trkpt><trkpt lat="45.51319" lon="-73.58911"><ele>107</ele></trkpt><trkpt lat="45.51316" lon="-73.58913"><ele>107</ele></trkpt><trkpt lat="45.51314" lon="-73.58915"><ele>107</ele></trkpt><trkpt lat="45.51311" lon="-73.58918"><ele>107</ele></trkpt><trkpt lat="45.51309" lon="-73.58921"><ele>108</ele></trkpt><trkpt lat="45.51305" lon="-73.58926"><ele>108</ele></trkpt><trkpt lat="45.51303" lon="-73.58931"><ele>108</ele></trkpt><trkpt lat="45.51300" lon="-73.58937"><ele>109</ele></trkpt><trkpt lat="45.51298" lon="-73.58943"><ele>109</ele></trkpt><trkpt lat="45.51296" lon="-73.58950"><ele>110</ele></trkpt><trkpt lat="45.51295" lon="-73.58954"><ele>110</ele></trkpt><trkpt lat="45.51294" lon="-73.58959"><ele>110</ele></trkpt><trkpt lat="45.51294" lon="-73.58963"><ele>111</ele></trkpt><trkpt lat="45.51293" lon="-73.58967"><ele>111</ele></trkpt><trkpt lat="45.51293" lon="-73.58971"><ele>111</ele></trkpt><trkpt lat="45.51293" lon="-73.58976"><ele>111</ele></trkpt><trkpt lat="45.51294" lon="-73.58980"><ele>112</ele></trkpt><trkpt lat="45.51294" lon="-73.58985"><ele>112</ele></trkpt><trkpt lat="45.51295" lon="-73.58989"><ele>112</ele></trkpt><trkpt lat="45.51296" lon="-73.58996"><ele>113</ele></trkpt><trkpt lat="45.51307" lon="-73.59050"><ele>114</ele></trkpt><trkpt lat="45.51313" lon="-73.59080"><ele>115</ele></trkpt><trkpt lat="45.51318" lon="-73.59110"><ele>117</ele></trkpt><trkpt lat="45.51318" lon="-73.59110"><ele>118</ele></trkpt><trkpt lat="45.51327" lon="-73.59163"><ele>120</ele></trkpt><trkpt lat="45.51336" lon="-73.59220"><ele>122</ele></trkpt><trkpt lat="45.51339" lon="-73.59237"><ele>124</ele></trkpt><trkpt lat="45.51343" lon="-73.59260"><ele>125</ele></trkpt><trkpt lat="45.51344" lon="-73.59267"><ele>127</ele></trkpt><trkpt lat="45.51344" lon="-73.59273"><ele>128</ele></trkpt><trkpt lat="45.51345" lon="-73.59279"><ele>128</ele></trkpt><trkpt lat="45.51345" lon="-73.59288"><ele>129</ele></trkpt><trkpt lat="45.51346" lon="-73.59309"><ele>130</ele></trkpt><trkpt lat="45.51346" lon="-73.59324"><ele>131</ele></trkpt><trkpt lat="45.51345" lon="-73.59339"><ele>131</ele></trkpt><trkpt lat="45.51344" lon="-73.59349"><ele>132</ele></trkpt><trkpt lat="45.51344" lon="-73.59359"><ele>133</ele></trkpt><trkpt lat="45.51342" lon="-73.59371"><ele>133</ele></trkpt><trkpt lat="45.51340" lon="-73.59385"><ele>134</ele></trkpt><trkpt lat="45.51338" lon="-73.59400"><ele>135</ele></trkpt><trkpt lat="45.51335" lon="-73.59414"><ele>135</ele></trkpt><trkpt lat="45.51333" lon="-73.59423"><ele>136</ele></trkpt><trkpt lat="45.51331" lon="-73.59432"><ele>137</ele></trkpt><trkpt lat="45.51328" lon="-73.59441"><ele>137</ele></trkpt><trkpt lat="45.51326" lon="-73.59447"><ele>138</ele></trkpt><trkpt lat="45.51323" lon="-73.59458"><ele>138</ele></trkpt><trkpt lat="45.51319" lon="-73.59469"><ele>139</ele></trkpt><trkpt lat="45.51314" lon="-73.59479"><ele>139</ele></trkpt><trkpt lat="45.51308" lon="-73.59494"><ele>140</ele></trkpt><trkpt lat="45.51303" lon="-73.59506"><ele>140</ele></trkpt><trkpt lat="45.51295" lon="-73.59524"><ele>141</ele></trkpt><trkpt lat="45.51285" lon="-73.59543"><ele>142</ele></trkpt><trkpt lat="45.51281" lon="-73.59552"><ele>143</ele></trkpt><trkpt lat="45.51273" lon="-73.59569"><ele>144</ele></trkpt><trkpt lat="45.51272" lon="-73.59571"><ele>145</ele></trkpt><trkpt lat="45.51263" lon="-73.59591"><ele>146</ele></trkpt><trkpt lat="45.51255" lon="-73.59608"><ele>147</ele></trkpt><trkpt lat="45.51244" lon="-73.59631"><ele>148</ele></trkpt><trkpt lat="45.51239" lon="-73.59640"><ele>150</ele></trkpt><trkpt lat="45.51235" lon="-73.59647"><ele>151</ele></trkpt><trkpt lat="45.51230" lon="-73.59654"><ele>151</ele></trkpt><trkpt lat="45.51223" lon="-73.59660"><ele>152</ele></trkpt><trkpt lat="45.51214" lon="-73.59665"><ele>153</ele></trkpt><trkpt lat="45.51211" lon="-73.59666"><ele>154</ele></trkpt><trkpt lat="45.51205" lon="-73.59667"><ele>155</ele></trkpt><trkpt lat="45.51202" lon="-73.59667"><ele>155</ele></trkpt><trkpt lat="45.51196" lon="-73.59667"><ele>156</ele></trkpt><trkpt lat="45.51190" lon="-73.59665"><ele>156</ele></trkpt><trkpt lat="45.51184" lon="-73.59663"><ele>157</ele></trkpt><trkpt lat="45.51179" lon="-73.59661"><ele>157</ele></trkpt><trkpt lat="45.51174" lon="-73.59656"><ele>158</ele></trkpt><trkpt lat="45.51166" lon="-73.59647"><ele>159</ele></trkpt><trkpt lat="45.51162" lon="-73.59641"><ele>159</ele></trkpt><trkpt lat="45.51158" lon="-73.59634"><ele>160</ele></trkpt><trkpt lat="45.51155" lon="-73.59626"><ele>161</ele></trkpt><trkpt lat="45.51147" lon="-73.59609"><ele>162</ele></trkpt><trkpt lat="45.51141" lon="-73.59591"><ele>163</ele></trkpt><trkpt lat="45.51134" lon="-73.59574"><ele>163</ele></trkpt><trkpt lat="45.51130" lon="-73.59560"><ele>164</ele></trkpt><trkpt lat="45.51127" lon="-73.59551"><ele>165</ele></trkpt><trkpt lat="45.51124" lon="-73.59541"><ele>165</ele></trkpt><trkpt lat="45.51121" lon="-73.59531"><ele>166</ele></trkpt><trkpt lat="45.51119" lon="-73.59521"><ele>166</ele></trkpt><trkpt lat="45.51117" lon="-73.59511"><ele>167</ele></trkpt><trkpt lat="45.51115" lon="-73.59501"><ele>167</ele></trkpt><trkpt lat="45.51114" lon="-73.59492"><ele>168</ele></trkpt><trkpt lat="45.51113" lon="-73.59479"><ele>168</ele></trkpt><trkpt lat="45.51112" lon="-73.59468"><ele>169</ele></trkpt><trkpt lat="45.51110" lon="-73.59451"><ele>169</ele></trkpt><trkpt lat="45.51107" lon="-73.59433"><ele>170</ele></trkpt><trkpt lat="45.51105" lon="-73.59419"><ele>170</ele></trkpt><trkpt lat="45.51102" lon="-73.59407"><ele>171</ele></trkpt><trkpt lat="45.51098" lon="-73.59397"><ele>172</ele></trkpt><trkpt lat="45.51095" lon="-73.59388"><ele>172</ele></trkpt><trkpt lat="45.51079" lon="-73.59358"><ele>173</ele></trkpt><trkpt lat="45.51077" lon="-73.59352"><ele>174</ele></trkpt><trkpt lat="45.51071" lon="-73.59339"><ele>175</ele></trkpt><trkpt lat="45.51063" lon="-73.59325"><ele>176</ele></trkpt><trkpt lat="45.51053" lon="-73.59306"><ele>178</ele></trkpt><trkpt lat="45.51050" lon="-73.59303"><ele>179</ele></trkpt><trkpt lat="45.51018" lon="-73.59242"><ele>183</ele></trkpt><trkpt lat="45.51003" lon="-73.59212"><ele>187</ele></trkpt><trkpt lat="45.50992" lon="-73.59188"><ele>191</ele></trkpt><trkpt lat="45.50986" lon="-73.59175"><ele>194</ele></trkpt><trkpt lat="45.50982" lon="-73.59167"><ele>196</ele></trkpt><trkpt lat="45.50973" lon="-73.59150"><ele>199</ele></trkpt><trkpt lat="45.50969" lon="-73.59142"><ele>200</ele></trkpt><trkpt lat="45.50964" lon="-73.59136"><ele>202</ele></trkpt><trkpt lat="45.50961" lon="-73.59131"><ele>203</ele></trkpt><trkpt lat="45.50956" lon="-73.59126"><ele>203</ele></trkpt><trkpt lat="45.50951" lon="-73.59122"><ele>204</ele></trkpt><trkpt lat="45.50946" lon="-73.59118"><ele>204</ele></trkpt><trkpt lat="45.50939" lon="-73.59114"><ele>205</ele></trkpt><trkpt lat="45.50932" lon="-73.59112"><ele>205</ele></trkpt><trkpt lat="45.50923" lon="-73.59110"><ele>205</ele></trkpt><trkpt lat="45.50915" lon="-73.59108"><ele>206</ele></trkpt><trkpt lat="45.50905" lon="-73.59107"><ele>206</ele></trkpt><trkpt lat="45.50894" lon="-73.59106"><ele>207</ele></trkpt><trkpt lat="45.50887" lon="-73.59105"><ele>207</ele></trkpt><trkpt lat="45.50879" lon="-73.59105"><ele>208</ele></trkpt><trkpt lat="45.50871" lon="-73.59105"><ele>208</ele></trkpt><trkpt lat="45.50863" lon="-73.59106"><ele>208</ele></trkpt><trkpt lat="45.50852" lon="-73.59107"><ele>209</ele></trkpt><trkpt lat="45.50840" lon="-73.59110"><ele>209</ele></trkpt><trkpt lat="45.50826" lon="-73.59116"><ele>210</ele></trkpt><trkpt lat="45.50821" lon="-73.59118"><ele>210</ele></trkpt><trkpt lat="45.50820" lon="-73.59118"><ele>211</ele></trkpt><trkpt lat="45.50813" lon="-73.59121"><ele>211</ele></trkpt><trkpt lat="45.50806" lon="-73.59125"><ele>211</ele></trkpt><trkpt lat="45.50795" lon="-73.59131"><ele>212</ele></trkpt><trkpt lat="45.50781" lon="-73.59142"><ele>212</ele></trkpt><trkpt lat="45.50773" lon="-73.59148"><ele>212</ele></trkpt><trkpt lat="45.50750" lon="-73.59168"><ele>211</ele></trkpt><trkpt lat="45.50746" lon="-73.59172"><ele>211</ele></trkpt><trkpt lat="45.50636" lon="-73.59274"><ele>208</ele></trkpt><trkpt lat="45.50625" lon="-73.59284"><ele>206</ele></trkpt><trkpt lat="45.50618" lon="-73.59291"><ele>205</ele></trkpt><trkpt lat="45.50605" lon="-73.59301"><ele>204</ele></trkpt><trkpt lat="45.50597" lon="-73.59306"><ele>203</ele></trkpt><trkpt lat="45.50588" lon="-73.59311"><ele>202</ele></trkpt><trkpt lat="45.50577" lon="-73.59318"><ele>201</ele></trkpt><trkpt lat="45.50570" lon="-73.59322"><ele>201</ele></trkpt><trkpt lat="45.50564" lon="-73.59326"><ele>200</ele></trkpt><trkpt lat="45.50558" lon="-73.59329"><ele>200</ele></trkpt><trkpt lat="45.50547" lon="-73.59333"><ele>199</ele></trkpt><trkpt lat="45.50539" lon="-73.59336"><ele>199</ele></trkpt><trkpt lat="45.50533" lon="-73.59338"><ele>198</ele></trkpt><trkpt lat="45.50524" lon="-73.59341"><ele>198</ele></trkpt><trkpt lat="45.50517" lon="-73.59343"><ele>197</ele></trkpt><trkpt lat="45.50505" lon="-73.59346"><ele>197</ele></trkpt><trkpt lat="45.50494" lon="-73.59348"><ele>196</ele></trkpt><trkpt lat="45.50482" lon="-73.59349"><ele>196</ele></trkpt><trkpt lat="45.50471" lon="-73.59350"><ele>195</ele></trkpt><trkpt lat="45.50448" lon="-73.59351"><ele>194</ele></trkpt><trkpt lat="45.50438" lon="-73.59352"><ele>193</ele></trkpt><trkpt lat="45.50430" lon="-73.59353"><ele>193</ele></trkpt><trkpt lat="45.50423" lon="-73.59355"><ele>192</ele></trkpt><trkpt lat="45.50415" lon="-73.59357"><ele>192</ele></trkpt><trkpt lat="45.50401" lon="-73.59362"><ele>191</ele></trkpt><trkpt lat="45.50400" lon="-73.59363"><ele>191</ele></trkpt><trkpt lat="45.50394" lon="-73.59365"><ele>190</ele></trkpt><trkpt lat="45.50386" lon="-73.59369"><ele>190</ele></trkpt><trkpt lat="45.50382" lon="-73.59371"><ele>190</ele></trkpt><trkpt lat="45.50378" lon="-73.59373"><ele>189</ele></trkpt><trkpt lat="45.50375" lon="-73.59374"><ele>189</ele></trkpt><trkpt lat="45.50370" lon="-73.59378"><ele>189</ele></trkpt><trkpt lat="45.50363" lon="-73.59386"><ele>189</ele></trkpt><trkpt lat="45.50359" lon="-73.59389"><ele>188</ele></trkpt><trkpt lat="45.50353" lon="-73.59393"><ele>188</ele></trkpt><trkpt lat="45.50344" lon="-73.59401"><ele>188</ele></trkpt><trkpt lat="45.50335" lon="-73.59409"><ele>187</ele></trkpt><trkpt lat="45.50329" lon="-73.59415"><ele>187</ele></trkpt><trkpt lat="45.50324" lon="-73.59419"><ele>186</ele></trkpt><trkpt lat="45.50321" lon="-73.59424"><ele>186</ele></trkpt><trkpt lat="45.50313" lon="-73.59434"><ele>186</ele></trkpt><trkpt lat="45.50296" lon="-73.59454"><ele>185</ele></trkpt><trkpt lat="45.50281" lon="-73.59479"><ele>184</ele></trkpt><trkpt lat="45.50269" lon="-73.59503"><ele>183</ele></trkpt><trkpt lat="45.50261" lon="-73.59525"><ele>183</ele></trkpt><trkpt lat="45.50256" lon="-73.59535"><ele>183</ele></trkpt><trkpt lat="45.50252" lon="-73.59549"><ele>182</ele></trkpt><trkpt lat="45.50246" lon="-73.59570"><ele>182</ele></trkpt><trkpt lat="45.50234" lon="-73.59609"><ele>182</ele></trkpt><trkpt lat="45.50232" lon="-73.59615"><ele>181</ele></trkpt><trkpt lat="45.50231" lon="-73.59617"><ele>181</ele></trkpt><trkpt lat="45.50226" lon="-73.59632"><ele>181</ele></trkpt><trkpt lat="45.50221" lon="-73.59647"><ele>181</ele></trkpt><trkpt lat="45.50203" lon="-73.59695"><ele>181</ele></trkpt><trkpt lat="45.50187" lon="-73.59730"><ele>180</ele></trkpt><trkpt lat="45.50164" lon="-73.59775"><ele>179</ele></trkpt><trkpt lat="45.50155" lon="-73.59791"><ele>178</ele></trkpt><trkpt lat="45.50152" lon="-73.59796"><ele>178</ele></trkpt><trkpt lat="45.50152" lon="-73.59796"><ele>177</ele></trkpt><trkpt lat="45.50145" lon="-73.59808"><ele>177</ele></trkpt><trkpt lat="45.50140" lon="-73.59815"><ele>177</ele></trkpt><trkpt lat="45.50126" lon="-73.59837"><ele>176</ele></trkpt><trkpt lat="45.50106" lon="-73.59865"><ele>175</ele></trkpt><trkpt lat="45.50048" lon="-73.59937"><ele>173</ele></trkpt><trkpt lat="45.50034" lon="-73.59954"><ele>172</ele></trkpt><trkpt lat="45.50020" lon="-73.59971"><ele>171</ele></trkpt><trkpt lat="45.49956" lon="-73.60044"><ele>169</ele></trkpt><trkpt lat="45.49952" lon="-73.60048"><ele>167</ele></trkpt><trkpt lat="45.49927" lon="-73.60078"><ele>166</ele></trkpt><trkpt lat="45.49880" lon="-73.60128"><ele>165</ele></trkpt><trkpt lat="45.49853" lon="-73.60159"><ele>163</ele></trkpt><trkpt lat="45.49848" lon="-73.60165"><ele>162</ele></trkpt><trkpt lat="45.49837" lon="-73.60177"><ele>161</ele></trkpt><trkpt lat="45.49781" lon="-73.60238"><ele>158</ele></trkpt><trkpt lat="45.49563" lon="-73.60460"><ele>152</ele></trkpt><trkpt lat="45.49541" lon="-73.60483"><ele>147</ele></trkpt><trkpt lat="45.49535" lon="-73.60489"><ele>143</ele></trkpt><trkpt lat="45.49528" lon="-73.60495"><ele>141</ele></trkpt><trkpt lat="45.49522" lon="-73.60501"><ele>139</ele></trkpt><trkpt lat="45.49520" lon="-73.60504"><ele>138</ele></trkpt><trkpt lat="45.49516" lon="-73.60507"><ele>137</ele></trkpt><trkpt lat="45.49510" lon="-73.60513"><ele>136</ele></trkpt><trkpt lat="45.49512" lon="-73.60523"><ele>136</ele></trkpt><trkpt lat="45.49517" lon="-73.60551"><ele>135</ele></trkpt><trkpt lat="45.49520" lon="-73.60566"><ele>135</ele></trkpt><trkpt lat="45.49525" lon="-73.60586"><ele>134</ele></trkpt><trkpt lat="45.49529" lon="-73.60605"><ele>134</ele></trkpt><trkpt lat="45.49532" lon="-73.60618"><ele>134</ele></trkpt><trkpt lat="45.49534" lon="-73.60628"><ele>134</ele></trkpt><trkpt lat="45.49536" lon="-73.60635"><ele>134</ele></trkpt><trkpt lat="45.49540" lon="-73.60653"><ele>134</ele></trkpt><trkpt lat="45.49542" lon="-73.60658"><ele>134</ele></trkpt><trkpt lat="45.49544" lon="-73.60669"><ele>134</ele></trkpt><trkpt lat="45.49550" lon="-73.60688"><ele>134</ele></trkpt><trkpt lat="45.49556" lon="-73.60713"><ele>134</ele></trkpt><trkpt lat="45.49557" lon="-73.60716"><ele>134</ele></trkpt><trkpt lat="45.49560" lon="-73.60727"><ele>134</ele></trkpt><trkpt lat="45.49564" lon="-73.60739"><ele>134</ele></trkpt><trkpt lat="45.49571" lon="-73.60764"><ele>135</ele></trkpt><trkpt lat="45.49576" lon="-73.60785"><ele>135</ele></trkpt><trkpt lat="45.49582" lon="-73.60805"><ele>136</ele></trkpt><trkpt lat="45.49586" lon="-73.60819"><ele>136</ele></trkpt><trkpt lat="45.49588" lon="-73.60827"><ele>136</ele></trkpt><trkpt lat="45.49590" lon="-73.60834"><ele>136</ele></trkpt><trkpt lat="45.49594" lon="-73.60848"><ele>136</ele></trkpt><trkpt lat="45.49596" lon="-73.60857"><ele>136</ele></trkpt><trkpt lat="45.49596" lon="-73.60860"><ele>136</ele></trkpt><trkpt lat="45.49597" lon="-73.60864"><ele>136</ele></trkpt><trkpt lat="45.49598" lon="-73.60868"><ele>136</ele></trkpt><trkpt lat="45.49598" lon="-73.60872"><ele>136</ele></trkpt><trkpt lat="45.49599" lon="-73.60880"><ele>135</ele></trkpt><trkpt lat="45.49600" lon="-73.60888"><ele>135</ele></trkpt><trkpt lat="45.49600" lon="-73.60895"><ele>135</ele></trkpt><trkpt lat="45.49600" lon="-73.60903"><ele>135</ele></trkpt><trkpt lat="45.49600" lon="-73.60910"><ele>135</ele></trkpt><trkpt lat="45.49600" lon="-73.60919"><ele>135</ele></trkpt><trkpt lat="45.49599" lon="-73.60928"><ele>135</ele></trkpt><trkpt lat="45.49599" lon="-73.60937"><ele>135</ele></trkpt><trkpt lat="45.49598" lon="-73.60944"><ele>135</ele></trkpt><trkpt lat="45.49598" lon="-73.60950"><ele>134</ele></trkpt><trkpt lat="45.49598" lon="-73.60957"><ele>134</ele></trkpt><trkpt lat="45.49597" lon="-73.60963"><ele>134</ele></trkpt><trkpt lat="45.49596" lon="-73.60970"><ele>134</ele></trkpt><trkpt lat="45.49595" lon="-73.60979"><ele>134</ele></trkpt><trkpt lat="45.49595" lon="-73.60985"><ele>134</ele></trkpt><trkpt lat="45.49594" lon="-73.60992"><ele>133</ele></trkpt><trkpt lat="45.49593" lon="-73.61000"><ele>133</ele></trkpt><trkpt lat="45.49591" lon="-73.61009"><ele>133</ele></trkpt><trkpt lat="45.49590" lon="-73.61020"><ele>133</ele></trkpt><trkpt lat="45.49589" lon="-73.61024"><ele>132</ele></trkpt><trkpt lat="45.49587" lon="-73.61036"><ele>132</ele></trkpt><trkpt lat="45.49585" lon="-73.61045"><ele>132</ele></trkpt><trkpt lat="45.49579" lon="-73.61079"><ele>131</ele></trkpt><trkpt lat="45.49573" lon="-73.61115"><ele>131</ele></trkpt><trkpt lat="45.49563" lon="-73.61171"><ele>130</ele></trkpt><trkpt lat="45.49558" lon="-73.61198"><ele>130</ele></trkpt><trkpt lat="45.49556" lon="-73.61209"><ele>129</ele></trkpt><trkpt lat="45.49555" lon="-73.61216"><ele>129</ele></trkpt><trkpt lat="45.49554" lon="-73.61225"><ele>128</ele></trkpt><trkpt lat="45.49552" lon="-73.61234"><ele>128</ele></trkpt><trkpt lat="45.49551" lon="-73.61241"><ele>127</ele></trkpt><trkpt lat="45.49550" lon="-73.61250"><ele>127</ele></trkpt><trkpt lat="45.49549" lon="-73.61258"><ele>127</ele></trkpt><trkpt lat="45.49549" lon="-73.61267"><ele>126</ele></trkpt><trkpt lat="45.49548" lon="-73.61276"><ele>126</ele></trkpt><trkpt lat="45.49548" lon="-73.61285"><ele>125</ele></trkpt><trkpt lat="45.49547" lon="-73.61294"><ele>125</ele></trkpt><trkpt lat="45.49546" lon="-73.61351"><ele>124</ele></trkpt><trkpt lat="45.49545" lon="-73.61368"><ele>123</ele></trkpt><trkpt lat="45.49545" lon="-73.61368"><ele>123</ele></trkpt><trkpt lat="45.49545" lon="-73.61388"><ele>122</ele></trkpt><trkpt lat="45.49545" lon="-73.61401"><ele>122</ele></trkpt><trkpt lat="45.49545" lon="-73.61414"><ele>122</ele></trkpt><trkpt lat="45.49545" lon="-73.61427"><ele>122</ele></trkpt><trkpt lat="45.49545" lon="-73.61456"><ele>122</ele></trkpt><trkpt lat="45.49546" lon="-73.61495"><ele>121</ele></trkpt><trkpt lat="45.49546" lon="-73.61508"><ele>121</ele></trkpt><trkpt lat="45.49546" lon="-73.61552"><ele>121</ele></trkpt><trkpt lat="45.49546" lon="-73.61559"><ele>121</ele></trkpt><trkpt lat="45.49546" lon="-73.61566"><ele>120</ele></trkpt><trkpt lat="45.49546" lon="-73.61572"><ele>120</ele></trkpt><trkpt lat="45.49546" lon="-73.61580"><ele>120</ele></trkpt><trkpt lat="45.49545" lon="-73.61593"><ele>120</ele></trkpt><trkpt lat="45.49544" lon="-73.61603"><ele>120</ele></trkpt><trkpt lat="45.49542" lon="-73.61613"><ele>120</ele></trkpt><trkpt lat="45.49541" lon="-73.61623"><ele>120</ele></trkpt><trkpt lat="45.49540" lon="-73.61633"><ele>119</ele></trkpt><trkpt lat="45.49539" lon="-73.61641"><ele>119</ele></trkpt><trkpt lat="45.49537" lon="-73.61649"><ele>119</ele></trkpt><trkpt lat="45.49535" lon="-73.61658"><ele>119</ele></trkpt><trkpt lat="45.49531" lon="-73.61680"><ele>119</ele></trkpt><trkpt lat="45.49527" lon="-73.61695"><ele>119</ele></trkpt><trkpt lat="45.49519" lon="-73.61734"><ele>118</ele></trkpt><trkpt lat="45.49518" lon="-73.61741"><ele>118</ele></trkpt><trkpt lat="45.49521" lon="-73.61748"><ele>118</ele></trkpt><trkpt lat="45.49524" lon="-73.61753"><ele>117</ele></trkpt><trkpt lat="45.49528" lon="-73.61763"><ele>117</ele></trkpt><trkpt lat="45.49530" lon="-73.61767"><ele>117</ele></trkpt><trkpt lat="45.49541" lon="-73.61792"><ele>117</ele></trkpt><trkpt lat="45.49544" lon="-73.61800"><ele>116</ele></trkpt><trkpt lat="45.49548" lon="-73.61808"><ele>116</ele></trkpt><trkpt lat="45.49558" lon="-73.61829"><ele>116</ele></trkpt><trkpt lat="45.49559" lon="-73.61832"><ele>116</ele></trkpt><trkpt lat="45.49563" lon="-73.61840"><ele>115</ele></trkpt><trkpt lat="45.49568" lon="-73.61853"><ele>115</ele></trkpt><trkpt lat="45.49572" lon="-73.61863"><ele>115</ele></trkpt><trkpt lat="45.49591" lon="-73.61905"><ele>114</ele></trkpt><trkpt lat="45.49608" lon="-73.61942"><ele>113</ele></trkpt><trkpt lat="45.49612" lon="-73.61950"><ele>113</ele></trkpt><trkpt lat="45.49615" lon="-73.61956"><ele>112</ele></trkpt><trkpt lat="45.49677" lon="-73.62095"><ele>111</ele></trkpt><trkpt lat="45.49679" lon="-73.62098"><ele>110</ele></trkpt><trkpt lat="45.49683" lon="-73.62108"><ele>110</ele></trkpt><trkpt lat="45.49687" lon="-73.62117"><ele>110</ele></trkpt><trkpt lat="45.49713" lon="-73.62175"><ele>110</ele></trkpt><trkpt lat="45.49719" lon="-73.62187"><ele>110</ele></trkpt><trkpt lat="45.49721" lon="-73.62193"><ele>110</ele></trkpt><trkpt lat="45.49726" lon="-73.62189"><ele>111</ele></trkpt><trkpt lat="45.49746" lon="-73.62170"><ele>111</ele></trkpt><trkpt lat="45.49750" lon="-73.62166"><ele>111</ele></trkpt><trkpt lat="45.49753" lon="-73.62163"><ele>111</ele></trkpt><trkpt lat="45.49764" lon="-73.62155"><ele>111</ele></trkpt><trkpt lat="45.49796" lon="-73.62126"><ele>112</ele></trkpt><trkpt lat="45.49796" lon="-73.62126"><ele>112</ele></trkpt><trkpt lat="45.49831" lon="-73.62093"><ele>113</ele></trkpt><trkpt lat="45.49837" lon="-73.62088"><ele>113</ele></trkpt><trkpt lat="45.49830" lon="-73.62075"><ele>113</ele></trkpt><trkpt lat="45.49815" lon="-73.62048"><ele>113</ele></trkpt><trkpt lat="45.49815" lon="-73.62048"><ele>113</ele></trkpt><trkpt lat="45.49795" lon="-73.62014"><ele>113</ele></trkpt><trkpt lat="45.49786" lon="-73.61997"><ele>113</ele></trkpt><trkpt lat="45.49784" lon="-73.61995"><ele>114</ele></trkpt><trkpt lat="45.49780" lon="-73.61986"><ele>114</ele></trkpt><trkpt lat="45.49777" lon="-73.61979"><ele>114</ele></trkpt><trkpt lat="45.49775" lon="-73.61975"><ele>114</ele></trkpt><trkpt lat="45.49753" lon="-73.61933"><ele>114</ele></trkpt><trkpt lat="45.49718" lon="-73.61862"><ele>115</ele></trkpt><trkpt lat="45.49717" lon="-73.61859"><ele>115</ele></trkpt><trkpt lat="45.49713" lon="-73.61852"><ele>115</ele></trkpt><trkpt lat="45.49710" lon="-73.61845"><ele>116</ele></trkpt><trkpt lat="45.49708" lon="-73.61842"><ele>116</ele></trkpt><trkpt lat="45.49693" lon="-73.61811"><ele>116</ele></trkpt><trkpt lat="45.49677" lon="-73.61779"><ele>116</ele></trkpt><trkpt lat="45.49676" lon="-73.61776"><ele>116</ele></trkpt><trkpt lat="45.49672" lon="-73.61769"><ele>116</ele></trkpt><trkpt lat="45.49672" lon="-73.61769"><ele>116</ele></trkpt><trkpt lat="45.49669" lon="-73.61763"><ele>116</ele></trkpt><trkpt lat="45.49679" lon="-73.61760"><ele>116</ele></trkpt><trkpt lat="45.49681" lon="-73.61759"><ele>116</ele></trkpt><trkpt lat="45.49710" lon="-73.61748"><ele>116</ele></trkpt><trkpt lat="45.49717" lon="-73.61745"><ele>117</ele></trkpt><trkpt lat="45.49717" lon="-73.61745"><ele>117</ele></trkpt><trkpt lat="45.49722" lon="-73.61743"><ele>117</ele></trkpt><trkpt lat="45.49731" lon="-73.61739"><ele>117</ele></trkpt><trkpt lat="45.49740" lon="-73.61734"><ele>117</ele></trkpt><trkpt lat="45.49755" lon="-73.61724"><ele>118</ele></trkpt><trkpt lat="45.49765" lon="-73.61716"><ele>118</ele></trkpt><trkpt lat="45.49776" lon="-73.61705"><ele>118</ele></trkpt><trkpt lat="45.49786" lon="-73.61695"><ele>119</ele></trkpt><trkpt lat="45.49802" lon="-73.61677"><ele>120</ele></trkpt><trkpt lat="45.49814" lon="-73.61663"><ele>121</ele></trkpt><trkpt lat="45.49827" lon="-73.61647"><ele>123</ele></trkpt><trkpt lat="45.49834" lon="-73.61640"><ele>124</ele></trkpt><trkpt lat="45.49839" lon="-73.61636"><ele>125</ele></trkpt><trkpt lat="45.49847" lon="-73.61631"><ele>126</ele></trkpt><trkpt lat="45.49855" lon="-73.61628"><ele>127</ele></trkpt><trkpt lat="45.49864" lon="-73.61626"><ele>128</ele></trkpt><trkpt lat="45.49875" lon="-73.61626"><ele>128</ele></trkpt><trkpt lat="45.49892" lon="-73.61630"><ele>130</ele></trkpt><trkpt lat="45.49903" lon="-73.61636"><ele>131</ele></trkpt><trkpt lat="45.49907" lon="-73.61624"><ele>132</ele></trkpt><trkpt lat="45.49912" lon="-73.61612"><ele>133</ele></trkpt><trkpt lat="45.49923" lon="-73.61589"><ele>134</ele></trkpt><trkpt lat="45.49928" lon="-73.61579"><ele>135</ele></trkpt><trkpt lat="45.49934" lon="-73.61562"><ele>136</ele></trkpt><trkpt lat="45.49938" lon="-73.61552"><ele>137</ele></trkpt><trkpt lat="45.49943" lon="-73.61541"><ele>138</ele></trkpt><trkpt lat="45.49949" lon="-73.61532"><ele>138</ele></trkpt><trkpt lat="45.49953" lon="-73.61526"><ele>139</ele></trkpt><trkpt lat="45.49962" lon="-73.61516"><ele>139</ele></trkpt><trkpt lat="45.49972" lon="-73.61507"><ele>140</ele></trkpt><trkpt lat="45.49993" lon="-73.61488"><ele>141</ele></trkpt><trkpt lat="45.50005" lon="-73.61477"><ele>142</ele></trkpt><trkpt lat="45.50020" lon="-73.61464"><ele>143</ele></trkpt><trkpt lat="45.50025" lon="-73.61460"><ele>144</ele></trkpt><trkpt lat="45.50085" lon="-73.61412"><ele>147</ele></trkpt><trkpt lat="45.50109" lon="-73.61393"><ele>148</ele></trkpt><trkpt lat="45.50119" lon="-73.61384"><ele>149</ele></trkpt><trkpt lat="45.50121" lon="-73.61382"><ele>150</ele></trkpt><trkpt lat="45.50244" lon="-73.61272"><ele>152</ele></trkpt><trkpt lat="45.50251" lon="-73.61267"><ele>152</ele></trkpt><trkpt lat="45.50253" lon="-73.61272"><ele>153</ele></trkpt><trkpt lat="45.50254" lon="-73.61276"><ele>153</ele></trkpt><trkpt lat="45.50270" lon="-73.61323"><ele>153</ele></trkpt><trkpt lat="45.50275" lon="-73.61329"><ele>153</ele></trkpt><trkpt lat="45.50275" lon="-73.61329"><ele>154</ele></trkpt><trkpt lat="45.50275" lon="-73.61329"><ele>154</ele></trkpt><trkpt lat="45.50275" lon="-73.61329"><ele>154</ele></trkpt><trkpt lat="45.50286" lon="-73.61357"><ele>154</ele></trkpt><trkpt lat="45.50294" lon="-73.61372"><ele>154</ele></trkpt><trkpt lat="45.50301" lon="-73.61380"><ele>154</ele></trkpt><trkpt lat="45.50308" lon="-73.61386"><ele>154</ele></trkpt><trkpt lat="45.50324" lon="-73.61396"><ele>154</ele></trkpt><trkpt lat="45.50350" lon="-73.61405"><ele>154</ele></trkpt><trkpt lat="45.50369" lon="-73.61411"><ele>154</ele></trkpt><trkpt lat="45.50378" lon="-73.61415"><ele>154</ele></trkpt><trkpt lat="45.50388" lon="-73.61421"><ele>154</ele></trkpt><trkpt lat="45.50400" lon="-73.61430"><ele>153</ele></trkpt><trkpt lat="45.50411" lon="-73.61442"><ele>151</ele></trkpt><trkpt lat="45.50417" lon="-73.61451"><ele>149</ele></trkpt><trkpt lat="45.50424" lon="-73.61462"><ele>148</ele></trkpt><trkpt lat="45.50432" lon="-73.61477"><ele>146</ele></trkpt><trkpt lat="45.50439" lon="-73.61493"><ele>144</ele></trkpt><trkpt lat="45.50460" lon="-73.61537"><ele>141</ele></trkpt><trkpt lat="45.50464" lon="-73.61545"><ele>139</ele></trkpt><trkpt lat="45.50469" lon="-73.61557"><ele>138</ele></trkpt><trkpt lat="45.50471" lon="-73.61563"><ele>136</ele></trkpt><trkpt lat="45.50472" lon="-73.61569"><ele>135</ele></trkpt><trkpt lat="45.50472" lon="-73.61574"><ele>134</ele></trkpt><trkpt lat="45.50473" lon="-73.61579"><ele>133</ele></trkpt><trkpt lat="45.50472" lon="-73.61585"><ele>133</ele></trkpt><trkpt lat="45.50471" lon="-73.61593"><ele>132</ele></trkpt><trkpt lat="45.50469" lon="-73.61601"><ele>131</ele></trkpt><trkpt lat="45.50467" lon="-73.61606"><ele>131</ele></trkpt><trkpt lat="45.50463" lon="-73.61612"><ele>130</ele></trkpt><trkpt lat="45.50460" lon="-73.61616"><ele>129</ele></trkpt><trkpt lat="45.50448" lon="-73.61627"><ele>129</ele></trkpt><trkpt lat="45.50414" lon="-73.61655"><ele>127</ele></trkpt><trkpt lat="45.50385" lon="-73.61679"><ele>124</ele></trkpt><trkpt lat="45.50375" lon="-73.61687"><ele>122</ele></trkpt><trkpt lat="45.50359" lon="-73.61701"><ele>120</ele></trkpt><trkpt lat="45.50350" lon="-73.61709"><ele>119</ele></trkpt><trkpt lat="45.50343" lon="-73.61718"><ele>117</ele></trkpt><trkpt lat="45.50339" lon="-73.61725"><ele>116</ele></trkpt><trkpt lat="45.50335" lon="-73.61733"><ele>115</ele></trkpt><trkpt lat="45.50330" lon="-73.61749"><ele>114</ele></trkpt><trkpt lat="45.50327" lon="-73.61759"><ele>113</ele></trkpt><trkpt lat="45.50320" lon="-73.61782"><ele>112</ele></trkpt><trkpt lat="45.50315" lon="-73.61804"><ele>111</ele></trkpt><trkpt lat="45.50314" lon="-73.61808"><ele>110</ele></trkpt><trkpt lat="45.50311" lon="-73.61818"><ele>110</ele></trkpt><trkpt lat="45.50311" lon="-73.61824"><ele>110</ele></trkpt><trkpt lat="45.50311" lon="-73.61829"><ele>109</ele></trkpt><trkpt lat="45.50312" lon="-73.61833"><ele>109</ele></trkpt><trkpt lat="45.50312" lon="-73.61839"><ele>109</ele></trkpt><trkpt lat="45.50314" lon="-73.61845"><ele>109</ele></trkpt><trkpt lat="45.50320" lon="-73.61860"><ele>109</ele></trkpt><trkpt lat="45.50324" lon="-73.61869"><ele>109</ele></trkpt><trkpt lat="45.50325" lon="-73.61874"><ele>109</ele></trkpt><trkpt lat="45.50326" lon="-73.61887"><ele>109</ele></trkpt><trkpt lat="45.50334" lon="-73.61880"><ele>109</ele></trkpt><trkpt lat="45.50336" lon="-73.61878"><ele>109</ele></trkpt><trkpt lat="45.50418" lon="-73.61802"><ele>109</ele></trkpt><trkpt lat="45.50425" lon="-73.61795"><ele>109</ele></trkpt><trkpt lat="45.50444" lon="-73.61778"><ele>109</ele></trkpt><trkpt lat="45.50498" lon="-73.61730"><ele>109</ele></trkpt><trkpt lat="45.50498" lon="-73.61730"><ele>109</ele></trkpt><trkpt lat="45.50527" lon="-73.61704"><ele>109</ele></trkpt><trkpt lat="45.50614" lon="-73.61626"><ele>110</ele></trkpt><trkpt lat="45.50659" lon="-73.61585"><ele>110</ele></trkpt><trkpt lat="45.50696" lon="-73.61551"><ele>110</ele></trkpt><trkpt lat="45.50718" lon="-73.61531"><ele>110</ele></trkpt><trkpt lat="45.50723" lon="-73.61527"><ele>110</ele></trkpt><trkpt lat="45.50728" lon="-73.61523"><ele>110</ele></trkpt><trkpt lat="45.50732" lon="-73.61519"><ele>110</ele></trkpt><trkpt lat="45.50738" lon="-73.61513"><ele>110</ele></trkpt><trkpt lat="45.50765" lon="-73.61489"><ele>110</ele></trkpt><trkpt lat="45.50809" lon="-73.61450"><ele>110</ele></trkpt><trkpt lat="45.50906" lon="-73.61362"><ele>111</ele></trkpt><trkpt lat="45.50935" lon="-73.61336"><ele>112</ele></trkpt><trkpt lat="45.50942" lon="-73.61329"><ele>113</ele></trkpt><trkpt lat="45.50960" lon="-73.61313"><ele>114</ele></trkpt><trkpt lat="45.50973" lon="-73.61293"><ele>115</ele></trkpt><trkpt lat="45.50979" lon="-73.61285"><ele>115</ele></trkpt><trkpt lat="45.50983" lon="-73.61278"><ele>116</ele></trkpt><trkpt lat="45.50988" lon="-73.61265"><ele>116</ele></trkpt><trkpt lat="45.50994" lon="-73.61250"><ele>115</ele></trkpt><trkpt lat="45.51000" lon="-73.61238"><ele>115</ele></trkpt><trkpt lat="45.51004" lon="-73.61232"><ele>115</ele></trkpt><trkpt lat="45.51010" lon="-73.61225"><ele>115</ele></trkpt><trkpt lat="45.51013" lon="-73.61223"><ele>114</ele></trkpt><trkpt lat="45.51019" lon="-73.61222"><ele>114</ele></trkpt><trkpt lat="45.51026" lon="-73.61237"><ele>114</ele></trkpt><trkpt lat="45.51037" lon="-73.61260"><ele>113</ele></trkpt><trkpt lat="45.51049" lon="-73.61288"><ele>113</ele></trkpt><trkpt lat="45.51053" lon="-73.61296"><ele>113</ele></trkpt><trkpt lat="45.51056" lon="-73.61302"><ele>112</ele></trkpt><trkpt lat="45.51067" lon="-73.61324"><ele>112</ele></trkpt><trkpt lat="45.51071" lon="-73.61328"><ele>112</ele></trkpt><trkpt lat="45.51075" lon="-73.61336"><ele>112</ele></trkpt><trkpt lat="45.51076" lon="-73.61340"><ele>111</ele></trkpt><trkpt lat="45.51080" lon="-73.61349"><ele>111</ele></trkpt><trkpt lat="45.51091" lon="-73.61374"><ele>111</ele></trkpt><trkpt lat="45.51093" lon="-73.61382"><ele>111</ele></trkpt><trkpt lat="45.51099" lon="-73.61395"><ele>111</ele></trkpt><trkpt lat="45.51108" lon="-73.61414"><ele>110</ele></trkpt><trkpt lat="45.51108" lon="-73.61414"><ele>110</ele></trkpt><trkpt lat="45.51123" lon="-73.61449"><ele>110</ele></trkpt><trkpt lat="45.51136" lon="-73.61478"><ele>109</ele></trkpt><trkpt lat="45.51139" lon="-73.61486"><ele>109</ele></trkpt><trkpt lat="45.51147" lon="-73.61504"><ele>108</ele></trkpt><trkpt lat="45.51161" lon="-73.61534"><ele>108</ele></trkpt><trkpt lat="45.51166" lon="-73.61543"><ele>107</ele></trkpt><trkpt lat="45.51167" lon="-73.61546"><ele>107</ele></trkpt><trkpt lat="45.51172" lon="-73.61553"><ele>106</ele></trkpt><trkpt lat="45.51180" lon="-73.61539"><ele>106</ele></trkpt><trkpt lat="45.51182" lon="-73.61535"><ele>105</ele></trkpt><trkpt lat="45.51193" lon="-73.61515"><ele>105</ele></trkpt><trkpt lat="45.51212" lon="-73.61478"><ele>104</ele></trkpt><trkpt lat="45.51231" lon="-73.61440"><ele>104</ele></trkpt><trkpt lat="45.51231" lon="-73.61440"><ele>103</ele></trkpt><trkpt lat="45.51243" lon="-73.61417"><ele>103</ele></trkpt><trkpt lat="45.51275" lon="-73.61355"><ele>102</ele></trkpt><trkpt lat="45.51294" lon="-73.61321"><ele>100</ele></trkpt><trkpt lat="45.51296" lon="-73.61317"><ele>99</ele></trkpt><trkpt lat="45.51300" lon="-73.61311"><ele>99</ele></trkpt><trkpt lat="45.51305" lon="-73.61302"><ele>98</ele></trkpt><trkpt lat="45.51307" lon="-73.61298"><ele>97</ele></trkpt><trkpt lat="45.51332" lon="-73.61253"><ele>97</ele></trkpt><trkpt lat="45.51355" lon="-73.61213"><ele>96</ele></trkpt><trkpt lat="45.51396" lon="-73.61140"><ele>94</ele></trkpt><trkpt lat="45.51399" lon="-73.61135"><ele>93</ele></trkpt><trkpt lat="45.51402" lon="-73.61129"><ele>92</ele></trkpt><trkpt lat="45.51404" lon="-73.61125"><ele>91</ele></trkpt><trkpt lat="45.51405" lon="-73.61122"><ele>91</ele></trkpt><trkpt lat="45.51406" lon="-73.61119"><ele>90</ele></trkpt><trkpt lat="45.51407" lon="-73.61116"><ele>90</ele></trkpt><trkpt lat="45.51408" lon="-73.61114"><ele>90</ele></trkpt><trkpt lat="45.51409" lon="-73.61109"><ele>90</ele></trkpt><trkpt lat="45.51411" lon="-73.61101"><ele>89</ele></trkpt><trkpt lat="45.51415" lon="-73.61088"><ele>89</ele></trkpt><trkpt lat="45.51416" lon="-73.61084"><ele>89</ele></trkpt><trkpt lat="45.51420" lon="-73.61071"><ele>89</ele></trkpt><trkpt lat="45.51425" lon="-73.61053"><ele>89</ele></trkpt><trkpt lat="45.51429" lon="-73.61038"><ele>88</ele></trkpt><trkpt lat="45.51434" lon="-73.61020"><ele>88</ele></trkpt><trkpt lat="45.51445" lon="-73.60981"><ele>88</ele></trkpt><trkpt lat="45.51455" lon="-73.60944"><ele>88</ele></trkpt><trkpt lat="45.51456" lon="-73.60939"><ele>88</ele></trkpt><trkpt lat="45.51458" lon="-73.60932"><ele>88</ele></trkpt><trkpt lat="45.51451" lon="-73.60928"><ele>88</ele></trkpt><trkpt lat="45.51448" lon="-73.60927"><ele>88</ele></trkpt><trkpt lat="45.51443" lon="-73.60925"><ele>88</ele></trkpt><trkpt lat="45.51435" lon="-73.60920"><ele>88</ele></trkpt><trkpt lat="45.51431" lon="-73.60918"><ele>89</ele></trkpt><trkpt lat="45.51427" lon="-73.60914"><ele>89</ele></trkpt><trkpt lat="45.51423" lon="-73.60909"><ele>89</ele></trkpt><trkpt lat="45.51409" lon="-73.60878"><ele>89</ele></trkpt><trkpt lat="45.51396" lon="-73.60848"><ele>90</ele></trkpt><trkpt lat="45.51396" lon="-73.60848"><ele>91</ele></trkpt><trkpt lat="45.51384" lon="-73.60821"><ele>92</ele></trkpt><trkpt lat="45.51382" lon="-73.60816"><ele>93</ele></trkpt><trkpt lat="45.51333" lon="-73.60708"><ele>98</ele></trkpt><trkpt lat="45.51330" lon="-73.60702"><ele>101</ele></trkpt><trkpt lat="45.51327" lon="-73.60696"><ele>103</ele></trkpt><trkpt lat="45.51282" lon="-73.60597"><ele>107</ele></trkpt><trkpt lat="45.51279" lon="-73.60589"><ele>110</ele></trkpt><trkpt lat="45.51276" lon="-73.60583"><ele>112</ele></trkpt><trkpt lat="45.51185" lon="-73.60381"><ele>117</ele></trkpt><trkpt lat="45.51183" lon="-73.60379"><ele>120</ele></trkpt><trkpt lat="45.51176" lon="-73.60375"><ele>122</ele></trkpt><trkpt lat="45.51179" lon="-73.60365"><ele>123</ele></trkpt><trkpt lat="45.51194" lon="-73.60306"><ele>124</ele></trkpt><trkpt lat="45.51194" lon="-73.60306"><ele>124</ele></trkpt><trkpt lat="45.51207" lon="-73.60255"><ele>124</ele></trkpt><trkpt lat="45.51214" lon="-73.60228"><ele>124</ele></trkpt><trkpt lat="45.51219" lon="-73.60212"><ele>124</ele></trkpt><trkpt lat="45.51222" lon="-73.60198"><ele>124</ele></trkpt><trkpt lat="45.51247" lon="-73.60112"><ele>124</ele></trkpt><trkpt lat="45.51248" lon="-73.60108"><ele>124</ele></trkpt><trkpt lat="45.51251" lon="-73.60102"><ele>124</ele></trkpt><trkpt lat="45.51250" lon="-73.60096"><ele>124</ele></trkpt><trkpt lat="45.51249" lon="-73.60084"><ele>123</ele></trkpt><trkpt lat="45.51220" lon="-73.60014"><ele>123</ele></trkpt><trkpt lat="45.51218" lon="-73.60007"><ele>123</ele></trkpt><trkpt lat="45.51216" lon="-73.60001"><ele>123</ele></trkpt><trkpt lat="45.51223" lon="-73.59994"><ele>122</ele></trkpt><trkpt lat="45.51225" lon="-73.59993"><ele>122</ele></trkpt><trkpt lat="45.51247" lon="-73.59972"><ele>122</ele></trkpt><trkpt lat="45.51308" lon="-73.59912"><ele>122</ele></trkpt><trkpt lat="45.51360" lon="-73.59861"><ele>120</ele></trkpt><trkpt lat="45.51366" lon="-73.59856"><ele>119</ele></trkpt><trkpt lat="45.51413" lon="-73.59808"><ele>118</ele></trkpt><trkpt lat="45.51440" lon="-73.59770"><ele>116</ele></trkpt><trkpt lat="45.51451" lon="-73.59751"><ele>115</ele></trkpt><trkpt lat="45.51457" lon="-73.59737"><ele>114</ele></trkpt><trkpt lat="45.51463" lon="-73.59713"><ele>113</ele></trkpt><trkpt lat="45.51466" lon="-73.59694"><ele>113</ele></trkpt><trkpt lat="45.51467" lon="-73.59681"><ele>112</ele></trkpt><trkpt lat="45.51468" lon="-73.59656"><ele>111</ele></trkpt><trkpt lat="45.51469" lon="-73.59633"><ele>111</ele></trkpt><trkpt lat="45.51469" lon="-73.59599"><ele>110</ele></trkpt><trkpt lat="45.51470" lon="-73.59564"><ele>109</ele></trkpt><trkpt lat="45.51470" lon="-73.59534"><ele>109</ele></trkpt><trkpt lat="45.51470" lon="-73.59505"><ele>108</ele></trkpt><trkpt lat="45.51469" lon="-73.59498"><ele>108</ele></trkpt><trkpt lat="45.51465" lon="-73.59397"><ele>107</ele></trkpt><trkpt lat="45.51464" lon="-73.59367"><ele>106</ele></trkpt><trkpt lat="45.51462" lon="-73.59309"><ele>105</ele></trkpt><trkpt lat="45.51460" lon="-73.59239"><ele>104</ele></trkpt><trkpt lat="45.51459" lon="-73.59229"><ele>103</ele></trkpt><trkpt lat="45.51458" lon="-73.59194"><ele>102</ele></trkpt><trkpt lat="45.51458" lon="-73.59186"><ele>101</ele></trkpt><trkpt lat="45.51459" lon="-73.59177"><ele>100</ele></trkpt><trkpt lat="45.51461" lon="-73.59170"><ele>99</ele></trkpt><trkpt lat="45.51463" lon="-73.59163"><ele>99</ele></trkpt><trkpt lat="45.51465" lon="-73.59157"><ele>98</ele></trkpt><trkpt lat="45.51467" lon="-73.59150"><ele>98</ele></trkpt><trkpt lat="45.51467" lon="-73.59150"><ele>98</ele></trkpt><trkpt lat="45.51467" lon="-73.59150"><ele>98</ele></trkpt><trkpt lat="45.51471" lon="-73.59144"><ele>97</ele></trkpt><trkpt lat="45.51474" lon="-73.59138"><ele>97</ele></trkpt><trkpt lat="45.51482" lon="-73.59128"><ele>97</ele></trkpt><trkpt lat="45.51509" lon="-73.59107"><ele>96</ele></trkpt><trkpt lat="45.51541" lon="-73.59076"><ele>94</ele></trkpt><trkpt lat="45.51574" lon="-73.59044"><ele>92</ele></trkpt><trkpt lat="45.51574" lon="-73.59042"><ele>91</ele></trkpt><trkpt lat="45.51579" lon="-73.59027"><ele>90</ele></trkpt><trkpt lat="45.51586" lon="-73.59020"><ele>89</ele></trkpt><trkpt lat="45.51588" lon="-73.59018"><ele>88</ele></trkpt><trkpt lat="45.51591" lon="-73.59015"><ele>87</ele></trkpt><trkpt lat="45.51616" lon="-73.58991"><ele>86</ele></trkpt><trkpt lat="45.51626" lon="-73.58982"><ele>85</ele></trkpt><trkpt lat="45.51666" lon="-73.58944"><ele>82</ele></trkpt><trkpt lat="45.51667" lon="-73.58942"><ele>81</ele></trkpt><trkpt lat="45.51679" lon="-73.58932"><ele>79</ele></trkpt><trkpt lat="45.51689" lon="-73.58923"><ele>78</ele></trkpt><trkpt lat="45.51690" lon="-73.58921"><ele>77</ele></trkpt><trkpt lat="45.51747" lon="-73.58871"><ele>74</ele></trkpt><trkpt lat="45.51749" lon="-73.58869"><ele>72</ele></trkpt><trkpt lat="45.51753" lon="-73.58866"><ele>71</ele></trkpt><trkpt lat="45.51758" lon="-73.58862"><ele>70</ele></trkpt><trkpt lat="45.51760" lon="-73.58861"><ele>70</ele></trkpt><trkpt lat="45.51791" lon="-73.58834"><ele>69</ele></trkpt><trkpt lat="45.51812" lon="-73.58814"><ele>69</ele></trkpt><trkpt lat="45.51820" lon="-73.58807"><ele>69</ele></trkpt><trkpt lat="45.51826" lon="-73.58802"><ele>69</ele></trkpt><trkpt lat="45.51837" lon="-73.58793"><ele>69</ele></trkpt><trkpt lat="45.51883" lon="-73.58753"><ele>69</ele></trkpt><trkpt lat="45.51885" lon="-73.58751"><ele>69</ele></trkpt><trkpt lat="45.51889" lon="-73.58748"><ele>69</ele></trkpt><trkpt lat="45.51893" lon="-73.58744"><ele>69</ele></trkpt><trkpt lat="45.51893" lon="-73.58745"><ele>69</ele></trkpt><trkpt lat="45.51893" lon="-73.58745"><ele>69</ele></trkpt><trkpt lat="45.51893" lon="-73.58744"><ele>69</ele></trkpt><trkpt lat="45.51889" lon="-73.58736"><ele>69</ele></trkpt><trkpt lat="45.51865" lon="-73.58683"><ele>68</ele></trkpt><trkpt lat="45.51861" lon="-73.58673"><ele>67</ele></trkpt><trkpt lat="45.51806" lon="-73.58554"><ele>67</ele></trkpt><trkpt lat="45.51793" lon="-73.58525"><ele>68</ele></trkpt><trkpt lat="45.51791" lon="-73.58522"><ele>68</ele></trkpt><trkpt lat="45.51789" lon="-73.58516"><ele>68</ele></trkpt><trkpt lat="45.51787" lon="-73.58512"><ele>68</ele></trkpt><trkpt lat="45.51720" lon="-73.58364"><ele>68</ele></trkpt><trkpt lat="45.51720" lon="-73.58364"><ele>68</ele></trkpt><trkpt lat="45.51706" lon="-73.58333"><ele>68</ele></trkpt><trkpt lat="45.51702" lon="-73.58324"><ele>68</ele></trkpt><trkpt lat="45.51688" lon="-73.58293"><ele>68</ele></trkpt><trkpt lat="45.51687" lon="-73.58290"><ele>68</ele></trkpt><trkpt lat="45.51685" lon="-73.58286"><ele>68</ele></trkpt><trkpt lat="45.51683" lon="-73.58281"><ele>67</ele></trkpt><trkpt lat="45.51679" lon="-73.58275"><ele>67</ele></trkpt><trkpt lat="45.51660" lon="-73.58233"><ele>67</ele></trkpt><trkpt lat="45.51602" lon="-73.58106"><ele>66</ele></trkpt><trkpt lat="45.51581" lon="-73.58059"><ele>65</ele></trkpt><trkpt lat="45.51579" lon="-73.58055"><ele>64</ele></trkpt><trkpt lat="45.51577" lon="-73.58050"><ele>64</ele></trkpt><trkpt lat="45.51574" lon="-73.58043"><ele>63</ele></trkpt><trkpt lat="45.51531" lon="-73.57948"><ele>62</ele></trkpt><trkpt lat="45.51530" lon="-73.57946"><ele>61</ele></trkpt><trkpt lat="45.51527" lon="-73.57940"><ele>61</ele></trkpt><trkpt lat="45.51526" lon="-73.57938"><ele>60</ele></trkpt><trkpt lat="45.51513" lon="-73.57909"><ele>60</ele></trkpt><trkpt lat="45.51503" lon="-73.57885"><ele>59</ele></trkpt><trkpt lat="45.51483" lon="-73.57842"><ele>58</ele></trkpt><trkpt lat="45.51480" lon="-73.57836"><ele>58</ele></trkpt><trkpt lat="45.51477" lon="-73.57829"><ele>57</ele></trkpt><trkpt lat="45.51473" lon="-73.57820"><ele>57</ele></trkpt><trkpt lat="45.51466" lon="-73.57806"><ele>56</ele></trkpt><trkpt lat="45.51459" lon="-73.57790"><ele>56</ele></trkpt><trkpt lat="45.51445" lon="-73.57760"><ele>56</ele></trkpt><trkpt lat="45.51422" lon="-73.57706"><ele>55</ele></trkpt><trkpt lat="45.51386" lon="-73.57627"><ele>54</ele></trkpt><trkpt lat="45.51385" lon="-73.57624"><ele>53</ele></trkpt><trkpt lat="45.51384" lon="-73.57621"><ele>52</ele></trkpt><trkpt lat="45.51381" lon="-73.57615"><ele>51</ele></trkpt><trkpt lat="45.51374" lon="-73.57621"><ele>51</ele></trkpt><trkpt lat="45.51372" lon="-73.57623"><ele>51</ele></trkpt><trkpt lat="45.51360" lon="-73.57634"><ele>51</ele></trkpt><trkpt lat="45.51324" lon="-73.57666"><ele>51</ele></trkpt><trkpt lat="45.51293" lon="-73.57695"><ele>52</ele></trkpt><trkpt lat="45.51287" lon="-73.57699"><ele>52</ele></trkpt><trkpt lat="45.51281" lon="-73.57705"><ele>52</ele></trkpt><trkpt lat="45.51264" lon="-73.57721"><ele>52</ele></trkpt><trkpt lat="45.51264" lon="-73.57721"><ele>52</ele></trkpt><trkpt lat="45.51214" lon="-73.57765"><ele>53</ele></trkpt><trkpt lat="45.51203" lon="-73.57775"><ele>53</ele></trkpt><trkpt lat="45.51189" lon="-73.57788"><ele>53</ele></trkpt><trkpt lat="45.51174" lon="-73.57801"><ele>53</ele></trkpt><trkpt lat="45.51168" lon="-73.57807"><ele>54</ele></trkpt><trkpt lat="45.51156" lon="-73.57819"><ele>54</ele></trkpt><trkpt lat="45.51159" lon="-73.57827"><ele>54</ele></trkpt><trkpt lat="45.51161" lon="-73.57830"><ele>54</ele></trkpt><trkpt lat="45.51163" lon="-73.57834"><ele>54</ele></trkpt><trkpt lat="45.51176" lon="-73.57863"><ele>54</ele></trkpt><trkpt lat="45.51195" lon="-73.57904"><ele>54</ele></trkpt><trkpt lat="45.51200" lon="-73.57914"><ele>54</ele></trkpt><trkpt lat="45.51202" lon="-73.57919"><ele>54</ele></trkpt><trkpt lat="45.51208" lon="-73.57931"><ele>54</ele></trkpt><trkpt lat="45.51218" lon="-73.57954"><ele>54</ele></trkpt><trkpt lat="45.51253" lon="-73.58029"><ele>56</ele></trkpt><trkpt lat="45.51340" lon="-73.58219"><ele>61</ele></trkpt><trkpt lat="45.51344" lon="-73.58227"><ele>64</ele></trkpt><trkpt lat="45.51348" lon="-73.58235"><ele>66</ele></trkpt><trkpt lat="45.51464" lon="-73.58483"><ele>69</ele></trkpt><trkpt lat="45.51466" lon="-73.58487"><ele>71</ele></trkpt><trkpt lat="45.51469" lon="-73.58494"><ele>73</ele></trkpt><trkpt lat="45.51474" lon="-73.58503"><ele>74</ele></trkpt><trkpt lat="45.51474" lon="-73.58503"><ele>74</ele></trkpt><trkpt lat="45.51483" lon="-73.58524"><ele>75</ele></trkpt><trkpt lat="45.51612" lon="-73.58803"><ele>75</ele></trkpt><trkpt lat="45.51614" lon="-73.58815"><ele>76</ele></trkpt><trkpt lat="45.51614" lon="-73.58823"><ele>76</ele></trkpt><trkpt lat="45.51613" lon="-73.58830"><ele>77</ele></trkpt><trkpt lat="45.51612" lon="-73.58835"><ele>77</ele></trkpt><trkpt lat="45.51610" lon="-73.58839"><ele>77</ele></trkpt><trkpt lat="45.51605" lon="-73.58859"><ele>78</ele></trkpt><trkpt lat="45.51590" lon="-73.58906"><ele>79</ele></trkpt><trkpt lat="45.51576" lon="-73.58954"><ele>81</ele></trkpt><trkpt lat="45.51573" lon="-73.58964"><ele>82</ele></trkpt><trkpt lat="45.51573" lon="-73.58974"><ele>83</ele></trkpt><trkpt lat="45.51570" lon="-73.58993"><ele>83</ele></trkpt><trkpt lat="45.51570" lon="-73.59006"><ele>84</ele></trkpt><trkpt lat="45.51572" lon="-73.59015"><ele>85</ele></trkpt><trkpt lat="45.51573" lon="-73.59019"><ele>85</ele></trkpt><trkpt lat="45.51579" lon="-73.59027"><ele>86</ele></trkpt><trkpt lat="45.51570" lon="-73.59031"><ele>86</ele></trkpt><trkpt lat="45.51568" lon="-73.59033"><ele>87</ele></trkpt><trkpt lat="45.51558" lon="-73.59039"><ele>87</ele></trkpt><trkpt lat="45.51523" lon="-73.59067"><ele>88</ele></trkpt><trkpt lat="45.51507" lon="-73.59069"><ele>89</ele></trkpt><trkpt lat="45.51504" lon="-73.59069"><ele>90</ele></trkpt><trkpt lat="45.51499" lon="-73.59070"><ele>91</ele></trkpt><trkpt lat="45.51494" lon="-73.59069"><ele>91</ele></trkpt><trkpt lat="45.51489" lon="-73.59069"><ele>92</ele></trkpt><trkpt lat="45.51484" lon="-73.59067"><ele>92</ele></trkpt><trkpt lat="45.51480" lon="-73.59064"><ele>92</ele></trkpt><trkpt lat="45.51473" lon="-73.59060"><ele>93</ele></trkpt><trkpt lat="45.51465" lon="-73.59052"><ele>93</ele></trkpt><trkpt lat="45.51456" lon="-73.59041"><ele>94</ele></trkpt><trkpt lat="45.51442" lon="-73.59023"><ele>94</ele></trkpt><trkpt lat="45.51397" lon="-73.58953"><ele>96</ele></trkpt><trkpt lat="45.51387" lon="-73.58939"><ele>98</ele></trkpt><trkpt lat="45.51378" lon="-73.58925"><ele>99</ele></trkpt><trkpt lat="45.51373" lon="-73.58918"><ele>100</ele></trkpt><trkpt lat="45.51368" lon="-73.58914"><ele>101</ele></trkpt><trkpt lat="45.51364" lon="-73.58911"><ele>102</ele></trkpt><trkpt lat="45.51360" lon="-73.58908"><ele>102</ele></trkpt><trkpt lat="45.51355" lon="-73.58905"><ele>103</ele></trkpt><trkpt lat="45.51351" lon="-73.58904"><ele>103</ele></trkpt><trkpt lat="45.51346" lon="-73.58903"><ele>104</ele></trkpt><trkpt lat="45.51342" lon="-73.58903"><ele>104</ele></trkpt><trkpt lat="45.51336" lon="-73.58903"><ele>105</ele></trkpt><trkpt lat="45.51331" lon="-73.58905"><ele>105</ele></trkpt><trkpt lat="45.51326" lon="-73.58907"><ele>106</ele></trkpt><trkpt lat="45.51322" lon="-73.58909"><ele>106</ele></trkpt><trkpt lat="45.51319" lon="-73.58911"><ele>107</ele></trkpt><trkpt lat="45.51316" lon="-73.58913"><ele>107</ele></trkpt><trkpt lat="45.51314" lon="-73.58915"><ele>107</ele></trkpt><trkpt lat="45.51311" lon="-73.58918"><ele>107</ele></trkpt><trkpt lat="45.51309" lon="-73.58921"><ele>108</ele></trkpt><trkpt lat="45.51305" lon="-73.58926"><ele>108</ele></trkpt><trkpt lat="45.51303" lon="-73.58931"><ele>108</ele></trkpt><trkpt lat="45.51300" lon="-73.58937"><ele>109</ele></trkpt><trkpt lat="45.51298" lon="-73.58943"><ele>109</ele></trkpt><trkpt lat="45.51296" lon="-73.58950"><ele>110</ele></trkpt><trkpt lat="45.51295" lon="-73.58954"><ele>110</ele></trkpt><trkpt lat="45.51294" lon="-73.58959"><ele>110</ele></trkpt><trkpt lat="45.51294" lon="-73.58963"><ele>111</ele></trkpt><trkpt lat="45.51293" lon="-73.58967"><ele>111</ele></trkpt><trkpt lat="45.51293" lon="-73.58971"><ele>111</ele></trkpt><trkpt lat="45.51293" lon="-73.58976"><ele>111</ele></trkpt><trkpt lat="45.51294" lon="-73.58980"><ele>112</ele></trkpt><trkpt lat="45.51294" lon="-73.58985"><ele>112</ele></trkpt><trkpt lat="45.51295" lon="-73.58989"><ele>112</ele></trkpt><trkpt lat="45.51296" lon="-73.58996"><ele>113</ele></trkpt><trkpt lat="45.51307" lon="-73.59050"><ele>114</ele></trkpt><trkpt lat="45.51313" lon="-73.59080"><ele>115</ele></trkpt><trkpt lat="45.51317" lon="-73.59105"><ele>117</ele></trkpt><trkpt lat="45.51317" lon="-73.59105"><ele>118</ele></trkpt><trkpt lat="45.51327" lon="-73.59163"><ele>120</ele></trkpt><trkpt lat="45.51336" lon="-73.59220"><ele>122</ele></trkpt><trkpt lat="45.51339" lon="-73.59237"><ele>124</ele></trkpt><trkpt lat="45.51343" lon="-73.59260"><ele>125</ele></trkpt><trkpt lat="45.51344" lon="-73.59267"><ele>127</ele></trkpt><trkpt lat="45.51344" lon="-73.59273"><ele>128</ele></trkpt><trkpt lat="45.51345" lon="-73.59279"><ele>128</ele></trkpt><trkpt lat="45.51345" lon="-73.59288"><ele>129</ele></trkpt><trkpt lat="45.51346" lon="-73.59309"><ele>130</ele></trkpt><trkpt lat="45.51346" lon="-73.59324"><ele>131</ele></trkpt><trkpt lat="45.51345" lon="-73.59339"><ele>131</ele></trkpt><trkpt lat="45.51344" lon="-73.59349"><ele>132</ele></trkpt><trkpt lat="45.51344" lon="-73.59359"><ele>133</ele></trkpt><trkpt lat="45.51342" lon="-73.59371"><ele>133</ele></trkpt><trkpt lat="45.51340" lon="-73.59385"><ele>134</ele></trkpt><trkpt lat="45.51338" lon="-73.59400"><ele>135</ele></trkpt><trkpt lat="45.51335" lon="-73.59414"><ele>135</ele></trkpt><trkpt lat="45.51333" lon="-73.59423"><ele>136</ele></trkpt><trkpt lat="45.51331" lon="-73.59432"><ele>137</ele></trkpt><trkpt lat="45.51328" lon="-73.59441"><ele>137</ele></trkpt><trkpt lat="45.51326" lon="-73.59447"><ele>138</ele></trkpt><trkpt lat="45.51323" lon="-73.59458"><ele>138</ele></trkpt><trkpt lat="45.51319" lon="-73.59469"><ele>139</ele></trkpt><trkpt lat="45.51314" lon="-73.59479"><ele>139</ele></trkpt><trkpt lat="45.51308" lon="-73.59494"><ele>140</ele></trkpt><trkpt lat="45.51303" lon="-73.59506"><ele>140</ele></trkpt><trkpt lat="45.51295" lon="-73.59524"><ele>141</ele></trkpt><trkpt lat="45.51285" lon="-73.59543"><ele>142</ele></trkpt><trkpt lat="45.51281" lon="-73.59552"><ele>143</ele></trkpt><trkpt lat="45.51273" lon="-73.59569"><ele>144</ele></trkpt><trkpt lat="45.51272" lon="-73.59571"><ele>145</ele></trkpt><trkpt lat="45.51263" lon="-73.59591"><ele>146</ele></trkpt><trkpt lat="45.51255" lon="-73.59608"><ele>147</ele></trkpt><trkpt lat="45.51244" lon="-73.59631"><ele>148</ele></trkpt><trkpt lat="45.51239" lon="-73.59640"><ele>150</ele></trkpt><trkpt lat="45.51235" lon="-73.59647"><ele>151</ele></trkpt><trkpt lat="45.51230" lon="-73.59654"><ele>151</ele></trkpt><trkpt lat="45.51223" lon="-73.59660"><ele>152</ele></trkpt><trkpt lat="45.51214" lon="-73.59665"><ele>153</ele></trkpt><trkpt lat="45.51211" lon="-73.59666"><ele>154</ele></trkpt><trkpt lat="45.51205" lon="-73.59667"><ele>155</ele></trkpt><trkpt lat="45.51202" lon="-73.59667"><ele>155</ele></trkpt><trkpt lat="45.51196" lon="-73.59667"><ele>156</ele></trkpt><trkpt lat="45.51190" lon="-73.59665"><ele>156</ele></trkpt><trkpt lat="45.51184" lon="-73.59663"><ele>157</ele></trkpt><trkpt lat="45.51179" lon="-73.59661"><ele>157</ele></trkpt><trkpt lat="45.51174" lon="-73.59656"><ele>158</ele></trkpt><trkpt lat="45.51166" lon="-73.59647"><ele>159</ele></trkpt><trkpt lat="45.51162" lon="-73.59641"><ele>159</ele></trkpt><trkpt lat="45.51158" lon="-73.59634"><ele>160</ele></trkpt><trkpt lat="45.51155" lon="-73.59626"><ele>161</ele></trkpt><trkpt lat="45.51147" lon="-73.59609"><ele>162</ele></trkpt><trkpt lat="45.51141" lon="-73.59591"><ele>163</ele></trkpt><trkpt lat="45.51134" lon="-73.59574"><ele>163</ele></trkpt><trkpt lat="45.51130" lon="-73.59560"><ele>164</ele></trkpt><trkpt lat="45.51127" lon="-73.59551"><ele>165</ele></trkpt><trkpt lat="45.51124" lon="-73.59541"><ele>165</ele></trkpt><trkpt lat="45.51121" lon="-73.59531"><ele>166</ele></trkpt><trkpt lat="45.51119" lon="-73.59521"><ele>166</ele></trkpt><trkpt lat="45.51117" lon="-73.59511"><ele>167</ele></trkpt><trkpt lat="45.51115" lon="-73.59501"><ele>167</ele></trkpt><trkpt lat="45.51114" lon="-73.59492"><ele>168</ele></trkpt><trkpt lat="45.51113" lon="-73.59479"><ele>168</ele></trkpt><trkpt lat="45.51112" lon="-73.59468"><ele>169</ele></trkpt><trkpt lat="45.51110" lon="-73.59451"><ele>169</ele></trkpt><trkpt lat="45.51107" lon="-73.59433"><ele>170</ele></trkpt><trkpt lat="45.51105" lon="-73.59419"><ele>170</ele></trkpt><trkpt lat="45.51102" lon="-73.59407"><ele>171</ele></trkpt><trkpt lat="45.51098" lon="-73.59397"><ele>171</ele></trkpt><trkpt lat="45.51095" lon="-73.59388"><ele>172</ele></trkpt><trkpt lat="45.51079" lon="-73.59358"><ele>173</ele></trkpt><trkpt lat="45.51077" lon="-73.59352"><ele>174</ele></trkpt><trkpt lat="45.51071" lon="-73.59339"><ele>175</ele></trkpt><trkpt lat="45.51063" lon="-73.59325"><ele>176</ele></trkpt><trkpt lat="45.51053" lon="-73.59306"><ele>178</ele></trkpt><trkpt lat="45.51050" lon="-73.59303"><ele>179</ele></trkpt><trkpt lat="45.51018" lon="-73.59242"><ele>183</ele></trkpt><trkpt lat="45.51003" lon="-73.59212"><ele>187</ele></trkpt><trkpt lat="45.50992" lon="-73.59188"><ele>191</ele></trkpt><trkpt lat="45.50986" lon="-73.59175"><ele>194</ele></trkpt><trkpt lat="45.50982" lon="-73.59167"><ele>196</ele></trkpt><trkpt lat="45.50973" lon="-73.59150"><ele>199</ele></trkpt><trkpt lat="45.50969" lon="-73.59142"><ele>200</ele></trkpt><trkpt lat="45.50964" lon="-73.59136"><ele>202</ele></trkpt><trkpt lat="45.50961" lon="-73.59131"><ele>203</ele></trkpt><trkpt lat="45.50956" lon="-73.59126"><ele>203</ele></trkpt><trkpt lat="45.50951" lon="-73.59122"><ele>204</ele></trkpt><trkpt lat="45.50946" lon="-73.59118"><ele>204</ele></trkpt><trkpt lat="45.50939" lon="-73.59114"><ele>205</ele></trkpt><trkpt lat="45.50932" lon="-73.59112"><ele>205</ele></trkpt><trkpt lat="45.50923" lon="-73.59110"><ele>205</ele></trkpt><trkpt lat="45.50915" lon="-73.59108"><ele>206</ele></trkpt><trkpt lat="45.50905" lon="-73.59107"><ele>206</ele></trkpt><trkpt lat="45.50894" lon="-73.59106"><ele>207</ele></trkpt><trkpt lat="45.50887" lon="-73.59105"><ele>207</ele></trkpt><trkpt lat="45.50879" lon="-73.59105"><ele>208</ele></trkpt><trkpt lat="45.50871" lon="-73.59105"><ele>208</ele></trkpt><trkpt lat="45.50863" lon="-73.59106"><ele>208</ele></trkpt><trkpt lat="45.50852" lon="-73.59107"><ele>209</ele></trkpt><trkpt lat="45.50840" lon="-73.59110"><ele>209</ele></trkpt><trkpt lat="45.50826" lon="-73.59116"><ele>210</ele></trkpt><trkpt lat="45.50821" lon="-73.59118"><ele>210</ele></trkpt><trkpt lat="45.50820" lon="-73.59118"><ele>211</ele></trkpt><trkpt lat="45.50813" lon="-73.59121"><ele>211</ele></trkpt><trkpt lat="45.50806" lon="-73.59125"><ele>211</ele></trkpt><trkpt lat="45.50795" lon="-73.59131"><ele>212</ele></trkpt><trkpt lat="45.50781" lon="-73.59142"><ele>212</ele></trkpt><trkpt lat="45.50773" lon="-73.59148"><ele>212</ele></trkpt><trkpt lat="45.50750" lon="-73.59168"><ele>211</ele></trkpt><trkpt lat="45.50746" lon="-73.59172"><ele>211</ele></trkpt><trkpt lat="45.50636" lon="-73.59274"><ele>208</ele></trkpt><trkpt lat="45.50625" lon="-73.59284"><ele>206</ele></trkpt><trkpt lat="45.50618" lon="-73.59291"><ele>205</ele></trkpt><trkpt lat="45.50605" lon="-73.59301"><ele>204</ele></trkpt><trkpt lat="45.50597" lon="-73.59306"><ele>203</ele></trkpt><trkpt lat="45.50588" lon="-73.59311"><ele>202</ele></trkpt><trkpt lat="45.50577" lon="-73.59318"><ele>201</ele></trkpt><trkpt lat="45.50570" lon="-73.59322"><ele>201</ele></trkpt><trkpt lat="45.50564" lon="-73.59326"><ele>200</ele></trkpt><trkpt lat="45.50558" lon="-73.59329"><ele>200</ele></trkpt><trkpt lat="45.50547" lon="-73.59333"><ele>199</ele></trkpt><trkpt lat="45.50539" lon="-73.59336"><ele>199</ele></trkpt><trkpt lat="45.50533" lon="-73.59338"><ele>198</ele></trkpt><trkpt lat="45.50524" lon="-73.59341"><ele>198</ele></trkpt><trkpt lat="45.50517" lon="-73.59343"><ele>197</ele></trkpt><trkpt lat="45.50505" lon="-73.59346"><ele>197</ele></trkpt><trkpt lat="45.50494" lon="-73.59348"><ele>196</ele></trkpt><trkpt lat="45.50482" lon="-73.59349"><ele>196</ele></trkpt><trkpt lat="45.50471" lon="-73.59350"><ele>195</ele></trkpt><trkpt lat="45.50448" lon="-73.59351"><ele>194</ele></trkpt><trkpt lat="45.50438" lon="-73.59352"><ele>193</ele></trkpt><trkpt lat="45.50430" lon="-73.59353"><ele>193</ele></trkpt><trkpt lat="45.50423" lon="-73.59355"><ele>192</ele></trkpt><trkpt lat="45.50415" lon="-73.59357"><ele>192</ele></trkpt><trkpt lat="45.50401" lon="-73.59362"><ele>191</ele></trkpt><trkpt lat="45.50400" lon="-73.59363"><ele>191</ele></trkpt><trkpt lat="45.50394" lon="-73.59365"><ele>190</ele></trkpt><trkpt lat="45.50386" lon="-73.59369"><ele>190</ele></trkpt><trkpt lat="45.50382" lon="-73.59371"><ele>190</ele></trkpt><trkpt lat="45.50378" lon="-73.59373"><ele>189</ele></trkpt><trkpt lat="45.50375" lon="-73.59374"><ele>189</ele></trkpt><trkpt lat="45.50370" lon="-73.59378"><ele>189</ele></trkpt><trkpt lat="45.50363" lon="-73.59386"><ele>189</ele></trkpt><trkpt lat="45.50359" lon="-73.59389"><ele>188</ele></trkpt><trkpt lat="45.50353" lon="-73.59393"><ele>188</ele></trkpt><trkpt lat="45.50344" lon="-73.59401"><ele>188</ele></trkpt><trkpt lat="45.50335" lon="-73.59409"><ele>187</ele></trkpt><trkpt lat="45.50329" lon="-73.59415"><ele>187</ele></trkpt><trkpt lat="45.50324" lon="-73.59419"><ele>186</ele></trkpt><trkpt lat="45.50321" lon="-73.59424"><ele>186</ele></trkpt><trkpt lat="45.50313" lon="-73.59434"><ele>186</ele></trkpt><trkpt lat="45.50296" lon="-73.59454"><ele>185</ele></trkpt><trkpt lat="45.50281" lon="-73.59479"><ele>184</ele></trkpt><trkpt lat="45.50269" lon="-73.59503"><ele>183</ele></trkpt><trkpt lat="45.50261" lon="-73.59525"><ele>183</ele></trkpt><trkpt lat="45.50256" lon="-73.59535"><ele>183</ele></trkpt><trkpt lat="45.50252" lon="-73.59549"><ele>182</ele></trkpt><trkpt lat="45.50246" lon="-73.59570"><ele>182</ele></trkpt><trkpt lat="45.50234" lon="-73.59609"><ele>182</ele></trkpt><trkpt lat="45.50232" lon="-73.59615"><ele>181</ele></trkpt><trkpt lat="45.50231" lon="-73.59617"><ele>181</ele></trkpt><trkpt lat="45.50226" lon="-73.59632"><ele>181</ele></trkpt><trkpt lat="45.50221" lon="-73.59647"><ele>181</ele></trkpt><trkpt lat="45.50203" lon="-73.59695"><ele>181</ele></trkpt><trkpt lat="45.50187" lon="-73.59730"><ele>180</ele></trkpt><trkpt lat="45.50164" lon="-73.59775"><ele>179</ele></trkpt><trkpt lat="45.50155" lon="-73.59791"><ele>178</ele></trkpt><trkpt lat="45.50145" lon="-73.59808"><ele>178</ele></trkpt><trkpt lat="45.50140" lon="-73.59815"><ele>177</ele></trkpt><trkpt lat="45.50126" lon="-73.59837"><ele>176</ele></trkpt><trkpt lat="45.50106" lon="-73.59865"><ele>175</ele></trkpt><trkpt lat="45.50048" lon="-73.59937"><ele>173</ele></trkpt><trkpt lat="45.50034" lon="-73.59954"><ele>172</ele></trkpt><trkpt lat="45.50020" lon="-73.59971"><ele>171</ele></trkpt><trkpt lat="45.49956" lon="-73.60044"><ele>169</ele></trkpt><trkpt lat="45.49952" lon="-73.60048"><ele>167</ele></trkpt><trkpt lat="45.49927" lon="-73.60078"><ele>166</ele></trkpt><trkpt lat="45.49880" lon="-73.60128"><ele>165</ele></trkpt><trkpt lat="45.49853" lon="-73.60159"><ele>163</ele></trkpt><trkpt lat="45.49848" lon="-73.60165"><ele>162</ele></trkpt><trkpt lat="45.49837" lon="-73.60177"><ele>161</ele></trkpt><trkpt lat="45.49789" lon="-73.60229"><ele>159</ele></trkpt><trkpt lat="45.49789" lon="-73.60229"><ele>157</ele></trkpt><trkpt lat="45.49781" lon="-73.60238"><ele>156</ele></trkpt><trkpt lat="45.49563" lon="-73.60460"><ele>150</ele></trkpt><trkpt lat="45.49541" lon="-73.60483"><ele>146</ele></trkpt><trkpt lat="45.49535" lon="-73.60489"><ele>143</ele></trkpt><trkpt lat="45.49528" lon="-73.60495"><ele>141</ele></trkpt><trkpt lat="45.49522" lon="-73.60501"><ele>139</ele></trkpt><trkpt lat="45.49520" lon="-73.60504"><ele>138</ele></trkpt><trkpt lat="45.49516" lon="-73.60507"><ele>137</ele></trkpt><trkpt lat="45.49510" lon="-73.60513"><ele>136</ele></trkpt><trkpt lat="45.49510" lon="-73.60513"><ele>136</ele></trkpt><trkpt lat="45.49510" lon="-73.60513"><ele>136</ele></trkpt><trkpt lat="45.49510" lon="-73.60513"><ele>135</ele></trkpt><trkpt lat="45.49512" lon="-73.60524"><ele>135</ele></trkpt><trkpt lat="45.49517" lon="-73.60551"><ele>135</ele></trkpt><trkpt lat="45.49520" lon="-73.60566"><ele>134</ele></trkpt><trkpt lat="45.49525" lon="-73.60586"><ele>134</ele></trkpt><trkpt lat="45.49529" lon="-73.60605"><ele>134</ele></trkpt><trkpt lat="45.49532" lon="-73.60618"><ele>133</ele></trkpt><trkpt lat="45.49534" lon="-73.60628"><ele>133</ele></trkpt><trkpt lat="45.49536" lon="-73.60635"><ele>133</ele></trkpt><trkpt lat="45.49540" lon="-73.60653"><ele>133</ele></trkpt><trkpt lat="45.49542" lon="-73.60658"><ele>133</ele></trkpt><trkpt lat="45.49547" lon="-73.60677"><ele>133</ele></trkpt><trkpt lat="45.49550" lon="-73.60688"><ele>133</ele></trkpt><trkpt lat="45.49556" lon="-73.60713"><ele>133</ele></trkpt><trkpt lat="45.49557" lon="-73.60716"><ele>134</ele></trkpt><trkpt lat="45.49560" lon="-73.60728"><ele>134</ele></trkpt><trkpt lat="45.49571" lon="-73.60764"><ele>134</ele></trkpt><trkpt lat="45.49576" lon="-73.60785"><ele>135</ele></trkpt><trkpt lat="45.49582" lon="-73.60805"><ele>135</ele></trkpt><trkpt lat="45.49586" lon="-73.60819"><ele>136</ele></trkpt><trkpt lat="45.49588" lon="-73.60827"><ele>136</ele></trkpt><trkpt lat="45.49590" lon="-73.60834"><ele>136</ele></trkpt><trkpt lat="45.49594" lon="-73.60848"><ele>136</ele></trkpt><trkpt lat="45.49596" lon="-73.60857"><ele>136</ele></trkpt><trkpt lat="45.49596" lon="-73.60860"><ele>136</ele></trkpt><trkpt lat="45.49597" lon="-73.60864"><ele>136</ele></trkpt><trkpt lat="45.49598" lon="-73.60868"><ele>136</ele></trkpt><trkpt lat="45.49598" lon="-73.60872"><ele>136</ele></trkpt><trkpt lat="45.49599" lon="-73.60880"><ele>135</ele></trkpt><trkpt lat="45.49600" lon="-73.60888"><ele>135</ele></trkpt><trkpt lat="45.49600" lon="-73.60895"><ele>135</ele></trkpt><trkpt lat="45.49600" lon="-73.60903"><ele>135</ele></trkpt><trkpt lat="45.49600" lon="-73.60910"><ele>135</ele></trkpt><trkpt lat="45.49600" lon="-73.60919"><ele>135</ele></trkpt><trkpt lat="45.49599" lon="-73.60928"><ele>135</ele></trkpt><trkpt lat="45.49599" lon="-73.60937"><ele>135</ele></trkpt><trkpt lat="45.49598" lon="-73.60944"><ele>135</ele></trkpt><trkpt lat="45.49598" lon="-73.60950"><ele>134</ele></trkpt><trkpt lat="45.49598" lon="-73.60957"><ele>134</ele></trkpt><trkpt lat="45.49597" lon="-73.60963"><ele>134</ele></trkpt><trkpt lat="45.49596" lon="-73.60970"><ele>134</ele></trkpt><trkpt lat="45.49595" lon="-73.60979"><ele>134</ele></trkpt><trkpt lat="45.49595" lon="-73.60985"><ele>134</ele></trkpt><trkpt lat="45.49594" lon="-73.60992"><ele>133</ele></trkpt><trkpt lat="45.49593" lon="-73.61000"><ele>133</ele></trkpt><trkpt lat="45.49591" lon="-73.61009"><ele>133</ele></trkpt><trkpt lat="45.49590" lon="-73.61020"><ele>133</ele></trkpt><trkpt lat="45.49589" lon="-73.61024"><ele>132</ele></trkpt><trkpt lat="45.49587" lon="-73.61036"><ele>132</ele></trkpt><trkpt lat="45.49585" lon="-73.61045"><ele>132</ele></trkpt><trkpt lat="45.49579" lon="-73.61079"><ele>131</ele></trkpt><trkpt lat="45.49573" lon="-73.61115"><ele>131</ele></trkpt><trkpt lat="45.49563" lon="-73.61171"><ele>130</ele></trkpt><trkpt lat="45.49558" lon="-73.61198"><ele>130</ele></trkpt><trkpt lat="45.49556" lon="-73.61209"><ele>129</ele></trkpt><trkpt lat="45.49555" lon="-73.61216"><ele>129</ele></trkpt><trkpt lat="45.49554" lon="-73.61225"><ele>128</ele></trkpt><trkpt lat="45.49552" lon="-73.61234"><ele>128</ele></trkpt><trkpt lat="45.49551" lon="-73.61241"><ele>127</ele></trkpt><trkpt lat="45.49550" lon="-73.61250"><ele>127</ele></trkpt><trkpt lat="45.49549" lon="-73.61258"><ele>126</ele></trkpt><trkpt lat="45.49549" lon="-73.61267"><ele>126</ele></trkpt><trkpt lat="45.49548" lon="-73.61276"><ele>126</ele></trkpt><trkpt lat="45.49548" lon="-73.61285"><ele>125</ele></trkpt><trkpt lat="45.49547" lon="-73.61294"><ele>125</ele></trkpt><trkpt lat="45.49546" lon="-73.61351"><ele>124</ele></trkpt><trkpt lat="45.49545" lon="-73.61388"><ele>123</ele></trkpt><trkpt lat="45.49545" lon="-73.61401"><ele>123</ele></trkpt><trkpt lat="45.49545" lon="-73.61414"><ele>122</ele></trkpt><trkpt lat="45.49545" lon="-73.61427"><ele>122</ele></trkpt><trkpt lat="45.49545" lon="-73.61456"><ele>122</ele></trkpt><trkpt lat="45.49546" lon="-73.61495"><ele>122</ele></trkpt><trkpt lat="45.49546" lon="-73.61508"><ele>121</ele></trkpt><trkpt lat="45.49546" lon="-73.61552"><ele>121</ele></trkpt><trkpt lat="45.49546" lon="-73.61559"><ele>121</ele></trkpt><trkpt lat="45.49546" lon="-73.61566"><ele>121</ele></trkpt><trkpt lat="45.49546" lon="-73.61572"><ele>120</ele></trkpt><trkpt lat="45.49546" lon="-73.61580"><ele>120</ele></trkpt><trkpt lat="45.49545" lon="-73.61593"><ele>120</ele></trkpt><trkpt lat="45.49544" lon="-73.61603"><ele>120</ele></trkpt><trkpt lat="45.49542" lon="-73.61613"><ele>120</ele></trkpt><trkpt lat="45.49541" lon="-73.61623"><ele>120</ele></trkpt><trkpt lat="45.49540" lon="-73.61633"><ele>119</ele></trkpt><trkpt lat="45.49539" lon="-73.61641"><ele>119</ele></trkpt><trkpt lat="45.49537" lon="-73.61649"><ele>119</ele></trkpt><trkpt lat="45.49535" lon="-73.61658"><ele>119</ele></trkpt><trkpt lat="45.49531" lon="-73.61680"><ele>119</ele></trkpt><trkpt lat="45.49527" lon="-73.61695"><ele>119</ele></trkpt><trkpt lat="45.49519" lon="-73.61734"><ele>118</ele></trkpt><trkpt lat="45.49518" lon="-73.61741"><ele>118</ele></trkpt><trkpt lat="45.49521" lon="-73.61748"><ele>118</ele></trkpt><trkpt lat="45.49524" lon="-73.61753"><ele>117</ele></trkpt><trkpt lat="45.49528" lon="-73.61763"><ele>117</ele></trkpt><trkpt lat="45.49530" lon="-73.61767"><ele>117</ele></trkpt><trkpt lat="45.49541" lon="-73.61792"><ele>117</ele></trkpt><trkpt lat="45.49544" lon="-73.61800"><ele>116</ele></trkpt><trkpt lat="45.49548" lon="-73.61808"><ele>116</ele></trkpt><trkpt lat="45.49558" lon="-73.61829"><ele>116</ele></trkpt><trkpt lat="45.49559" lon="-73.61832"><ele>116</ele></trkpt><trkpt lat="45.49563" lon="-73.61840"><ele>115</ele></trkpt><trkpt lat="45.49568" lon="-73.61853"><ele>115</ele></trkpt><trkpt lat="45.49572" lon="-73.61863"><ele>115</ele></trkpt><trkpt lat="45.49591" lon="-73.61905"><ele>114</ele></trkpt><trkpt lat="45.49593" lon="-73.61909"><ele>114</ele></trkpt><trkpt lat="45.49593" lon="-73.61909"><ele>113</ele></trkpt><trkpt lat="45.49608" lon="-73.61942"><ele>113</ele></trkpt><trkpt lat="45.49612" lon="-73.61950"><ele>113</ele></trkpt><trkpt lat="45.49615" lon="-73.61956"><ele>112</ele></trkpt><trkpt lat="45.49677" lon="-73.62095"><ele>111</ele></trkpt><trkpt lat="45.49679" lon="-73.62098"><ele>110</ele></trkpt><trkpt lat="45.49683" lon="-73.62108"><ele>110</ele></trkpt><trkpt lat="45.49687" lon="-73.62117"><ele>109</ele></trkpt><trkpt lat="45.49713" lon="-73.62175"><ele>110</ele></trkpt><trkpt lat="45.49719" lon="-73.62187"><ele>110</ele></trkpt><trkpt lat="45.49721" lon="-73.62193"><ele>110</ele></trkpt><trkpt lat="45.49726" lon="-73.62189"><ele>111</ele></trkpt><trkpt lat="45.49746" lon="-73.62170"><ele>111</ele></trkpt><trkpt lat="45.49750" lon="-73.62166"><ele>111</ele></trkpt><trkpt lat="45.49753" lon="-73.62163"><ele>111</ele></trkpt><trkpt lat="45.49764" lon="-73.62155"><ele>111</ele></trkpt><trkpt lat="45.49796" lon="-73.62125"><ele>112</ele></trkpt><trkpt lat="45.49796" lon="-73.62125"><ele>112</ele></trkpt><trkpt lat="45.49831" lon="-73.62093"><ele>113</ele></trkpt><trkpt lat="45.49837" lon="-73.62088"><ele>113</ele></trkpt><trkpt lat="45.49830" lon="-73.62075"><ele>113</ele></trkpt><trkpt lat="45.49809" lon="-73.62038"><ele>113</ele></trkpt><trkpt lat="45.49809" lon="-73.62038"><ele>113</ele></trkpt><trkpt lat="45.49795" lon="-73.62014"><ele>113</ele></trkpt><trkpt lat="45.49786" lon="-73.61997"><ele>113</ele></trkpt><trkpt lat="45.49784" lon="-73.61995"><ele>114</ele></trkpt><trkpt lat="45.49780" lon="-73.61986"><ele>114</ele></trkpt><trkpt lat="45.49777" lon="-73.61979"><ele>114</ele></trkpt><trkpt lat="45.49775" lon="-73.61975"><ele>114</ele></trkpt><trkpt lat="45.49753" lon="-73.61933"><ele>114</ele></trkpt><trkpt lat="45.49718" lon="-73.61862"><ele>115</ele></trkpt><trkpt lat="45.49717" lon="-73.61859"><ele>115</ele></trkpt><trkpt lat="45.49713" lon="-73.61852"><ele>115</ele></trkpt><trkpt lat="45.49710" lon="-73.61845"><ele>116</ele></trkpt><trkpt lat="45.49708" lon="-73.61842"><ele>116</ele></trkpt><trkpt lat="45.49693" lon="-73.61811"><ele>116</ele></trkpt><trkpt lat="45.49677" lon="-73.61779"><ele>116</ele></trkpt><trkpt lat="45.49676" lon="-73.61776"><ele>116</ele></trkpt><trkpt lat="45.49669" lon="-73.61763"><ele>116</ele></trkpt><trkpt lat="45.49669" lon="-73.61763"><ele>116</ele></trkpt><trkpt lat="45.49669" lon="-73.61763"><ele>116</ele></trkpt><trkpt lat="45.49669" lon="-73.61763"><ele>116</ele></trkpt><trkpt lat="45.49679" lon="-73.61760"><ele>116</ele></trkpt><trkpt lat="45.49681" lon="-73.61759"><ele>116</ele></trkpt><trkpt lat="45.49710" lon="-73.61748"><ele>116</ele></trkpt><trkpt lat="45.49718" lon="-73.61745"><ele>117</ele></trkpt><trkpt lat="45.49718" lon="-73.61745"><ele>117</ele></trkpt><trkpt lat="45.49722" lon="-73.61743"><ele>117</ele></trkpt><trkpt lat="45.49731" lon="-73.61739"><ele>117</ele></trkpt><trkpt lat="45.49740" lon="-73.61734"><ele>117</ele></trkpt><trkpt lat="45.49755" lon="-73.61724"><ele>118</ele></trkpt><trkpt lat="45.49765" lon="-73.61716"><ele>118</ele></trkpt><trkpt lat="45.49776" lon="-73.61705"><ele>118</ele></trkpt><trkpt lat="45.49786" lon="-73.61695"><ele>119</ele></trkpt><trkpt lat="45.49802" lon="-73.61677"><ele>120</ele></trkpt><trkpt lat="45.49814" lon="-73.61663"><ele>121</ele></trkpt><trkpt lat="45.49827" lon="-73.61647"><ele>123</ele></trkpt><trkpt lat="45.49834" lon="-73.61640"><ele>124</ele></trkpt><trkpt lat="45.49839" lon="-73.61636"><ele>125</ele></trkpt><trkpt lat="45.49847" lon="-73.61631"><ele>126</ele></trkpt><trkpt lat="45.49855" lon="-73.61628"><ele>127</ele></trkpt><trkpt lat="45.49864" lon="-73.61626"><ele>127</ele></trkpt><trkpt lat="45.49875" lon="-73.61626"><ele>128</ele></trkpt><trkpt lat="45.49892" lon="-73.61630"><ele>130</ele></trkpt><trkpt lat="45.49903" lon="-73.61636"><ele>131</ele></trkpt><trkpt lat="45.49907" lon="-73.61624"><ele>132</ele></trkpt><trkpt lat="45.49912" lon="-73.61612"><ele>133</ele></trkpt><trkpt lat="45.49923" lon="-73.61589"><ele>134</ele></trkpt><trkpt lat="45.49928" lon="-73.61579"><ele>135</ele></trkpt><trkpt lat="45.49934" lon="-73.61562"><ele>136</ele></trkpt><trkpt lat="45.49938" lon="-73.61552"><ele>137</ele></trkpt><trkpt lat="45.49943" lon="-73.61541"><ele>138</ele></trkpt><trkpt lat="45.49949" lon="-73.61532"><ele>138</ele></trkpt><trkpt lat="45.49953" lon="-73.61526"><ele>139</ele></trkpt><trkpt lat="45.49962" lon="-73.61516"><ele>139</ele></trkpt><trkpt lat="45.49972" lon="-73.61507"><ele>140</ele></trkpt><trkpt lat="45.49993" lon="-73.61488"><ele>141</ele></trkpt><trkpt lat="45.50005" lon="-73.61477"><ele>142</ele></trkpt><trkpt lat="45.50020" lon="-73.61464"><ele>143</ele></trkpt><trkpt lat="45.50025" lon="-73.61460"><ele>144</ele></trkpt><trkpt lat="45.50085" lon="-73.61412"><ele>147</ele></trkpt><trkpt lat="45.50109" lon="-73.61393"><ele>148</ele></trkpt><trkpt lat="45.50119" lon="-73.61384"><ele>149</ele></trkpt><trkpt lat="45.50121" lon="-73.61382"><ele>150</ele></trkpt><trkpt lat="45.50244" lon="-73.61272"><ele>152</ele></trkpt><trkpt lat="45.50251" lon="-73.61267"><ele>152</ele></trkpt><trkpt lat="45.50253" lon="-73.61272"><ele>153</ele></trkpt><trkpt lat="45.50254" lon="-73.61276"><ele>153</ele></trkpt><trkpt lat="45.50264" lon="-73.61307"><ele>153</ele></trkpt><trkpt lat="45.50264" lon="-73.61307"><ele>153</ele></trkpt><trkpt lat="45.50270" lon="-73.61323"><ele>153</ele></trkpt><trkpt lat="45.50275" lon="-73.61329"><ele>153</ele></trkpt><trkpt lat="45.50286" lon="-73.61357"><ele>154</ele></trkpt><trkpt lat="45.50294" lon="-73.61372"><ele>154</ele></trkpt><trkpt lat="45.50301" lon="-73.61380"><ele>154</ele></trkpt><trkpt lat="45.50308" lon="-73.61386"><ele>154</ele></trkpt><trkpt lat="45.50324" lon="-73.61396"><ele>154</ele></trkpt><trkpt lat="45.50350" lon="-73.61405"><ele>154</ele></trkpt><trkpt lat="45.50369" lon="-73.61411"><ele>154</ele></trkpt><trkpt lat="45.50378" lon="-73.61415"><ele>154</ele></trkpt><trkpt lat="45.50388" lon="-73.61421"><ele>154</ele></trkpt><trkpt lat="45.50400" lon="-73.61430"><ele>153</ele></trkpt><trkpt lat="45.50411" lon="-73.61442"><ele>151</ele></trkpt><trkpt lat="45.50417" lon="-73.61451"><ele>149</ele></trkpt><trkpt lat="45.50424" lon="-73.61462"><ele>148</ele></trkpt><trkpt lat="45.50432" lon="-73.61477"><ele>146</ele></trkpt><trkpt lat="45.50439" lon="-73.61493"><ele>144</ele></trkpt><trkpt lat="45.50460" lon="-73.61537"><ele>141</ele></trkpt><trkpt lat="45.50464" lon="-73.61545"><ele>139</ele></trkpt><trkpt lat="45.50469" lon="-73.61557"><ele>138</ele></trkpt><trkpt lat="45.50471" lon="-73.61563"><ele>136</ele></trkpt><trkpt lat="45.50472" lon="-73.61569"><ele>135</ele></trkpt><trkpt lat="45.50472" lon="-73.61574"><ele>134</ele></trkpt><trkpt lat="45.50473" lon="-73.61579"><ele>133</ele></trkpt><trkpt lat="45.50472" lon="-73.61585"><ele>133</ele></trkpt><trkpt lat="45.50471" lon="-73.61593"><ele>132</ele></trkpt><trkpt lat="45.50469" lon="-73.61601"><ele>131</ele></trkpt><trkpt lat="45.50467" lon="-73.61606"><ele>131</ele></trkpt><trkpt lat="45.50463" lon="-73.61612"><ele>130</ele></trkpt><trkpt lat="45.50460" lon="-73.61616"><ele>129</ele></trkpt><trkpt lat="45.50448" lon="-73.61627"><ele>129</ele></trkpt><trkpt lat="45.50414" lon="-73.61655"><ele>127</ele></trkpt><trkpt lat="45.50385" lon="-73.61679"><ele>124</ele></trkpt><trkpt lat="45.50375" lon="-73.61687"><ele>122</ele></trkpt><trkpt lat="45.50359" lon="-73.61701"><ele>120</ele></trkpt><trkpt lat="45.50350" lon="-73.61709"><ele>119</ele></trkpt><trkpt lat="45.50343" lon="-73.61718"><ele>117</ele></trkpt><trkpt lat="45.50339" lon="-73.61725"><ele>116</ele></trkpt><trkpt lat="45.50335" lon="-73.61733"><ele>115</ele></trkpt><trkpt lat="45.50330" lon="-73.61749"><ele>114</ele></trkpt><trkpt lat="45.50327" lon="-73.61759"><ele>113</ele></trkpt><trkpt lat="45.50320" lon="-73.61782"><ele>112</ele></trkpt><trkpt lat="45.50315" lon="-73.61804"><ele>111</ele></trkpt><trkpt lat="45.50314" lon="-73.61808"><ele>110</ele></trkpt><trkpt lat="45.50311" lon="-73.61818"><ele>110</ele></trkpt><trkpt lat="45.50311" lon="-73.61824"><ele>110</ele></trkpt><trkpt lat="45.50311" lon="-73.61829"><ele>109</ele></trkpt><trkpt lat="45.50312" lon="-73.61833"><ele>109</ele></trkpt><trkpt lat="45.50312" lon="-73.61839"><ele>109</ele></trkpt><trkpt lat="45.50314" lon="-73.61845"><ele>109</ele></trkpt><trkpt lat="45.50320" lon="-73.61860"><ele>109</ele></trkpt><trkpt lat="45.50324" lon="-73.61869"><ele>109</ele></trkpt><trkpt lat="45.50325" lon="-73.61874"><ele>109</ele></trkpt><trkpt lat="45.50326" lon="-73.61887"><ele>109</ele></trkpt><trkpt lat="45.50334" lon="-73.61880"><ele>109</ele></trkpt><trkpt lat="45.50336" lon="-73.61878"><ele>109</ele></trkpt><trkpt lat="45.50418" lon="-73.61802"><ele>109</ele></trkpt><trkpt lat="45.50425" lon="-73.61795"><ele>109</ele></trkpt><trkpt lat="45.50444" lon="-73.61778"><ele>109</ele></trkpt><trkpt lat="45.50499" lon="-73.61729"><ele>109</ele></trkpt><trkpt lat="45.50499" lon="-73.61729"><ele>110</ele></trkpt><trkpt lat="45.50527" lon="-73.61704"><ele>110</ele></trkpt><trkpt lat="45.50614" lon="-73.61626"><ele>110</ele></trkpt><trkpt lat="45.50659" lon="-73.61585"><ele>110</ele></trkpt><trkpt lat="45.50696" lon="-73.61551"><ele>110</ele></trkpt><trkpt lat="45.50718" lon="-73.61531"><ele>110</ele></trkpt><trkpt lat="45.50723" lon="-73.61527"><ele>110</ele></trkpt><trkpt lat="45.50728" lon="-73.61523"><ele>110</ele></trkpt><trkpt lat="45.50732" lon="-73.61519"><ele>110</ele></trkpt><trkpt lat="45.50738" lon="-73.61513"><ele>110</ele></trkpt><trkpt lat="45.50765" lon="-73.61489"><ele>110</ele></trkpt><trkpt lat="45.50809" lon="-73.61450"><ele>110</ele></trkpt><trkpt lat="45.50906" lon="-73.61362"><ele>111</ele></trkpt><trkpt lat="45.50935" lon="-73.61336"><ele>112</ele></trkpt><trkpt lat="45.50942" lon="-73.61329"><ele>113</ele></trkpt><trkpt lat="45.50960" lon="-73.61313"><ele>114</ele></trkpt><trkpt lat="45.50973" lon="-73.61293"><ele>115</ele></trkpt><trkpt lat="45.50979" lon="-73.61285"><ele>115</ele></trkpt><trkpt lat="45.50983" lon="-73.61278"><ele>116</ele></trkpt><trkpt lat="45.50988" lon="-73.61265"><ele>116</ele></trkpt><trkpt lat="45.50994" lon="-73.61250"><ele>115</ele></trkpt><trkpt lat="45.51000" lon="-73.61238"><ele>115</ele></trkpt><trkpt lat="45.51004" lon="-73.61232"><ele>115</ele></trkpt><trkpt lat="45.51010" lon="-73.61225"><ele>115</ele></trkpt><trkpt lat="45.51013" lon="-73.61223"><ele>114</ele></trkpt><trkpt lat="45.51019" lon="-73.61222"><ele>114</ele></trkpt><trkpt lat="45.51026" lon="-73.61237"><ele>114</ele></trkpt><trkpt lat="45.51037" lon="-73.61260"><ele>113</ele></trkpt><trkpt lat="45.51049" lon="-73.61288"><ele>113</ele></trkpt><trkpt lat="45.51053" lon="-73.61296"><ele>113</ele></trkpt><trkpt lat="45.51056" lon="-73.61302"><ele>112</ele></trkpt><trkpt lat="45.51067" lon="-73.61324"><ele>112</ele></trkpt><trkpt lat="45.51071" lon="-73.61328"><ele>112</ele></trkpt><trkpt lat="45.51075" lon="-73.61336"><ele>112</ele></trkpt><trkpt lat="45.51076" lon="-73.61340"><ele>111</ele></trkpt><trkpt lat="45.51080" lon="-73.61349"><ele>111</ele></trkpt><trkpt lat="45.51091" lon="-73.61374"><ele>111</ele></trkpt><trkpt lat="45.51093" lon="-73.61382"><ele>111</ele></trkpt><trkpt lat="45.51099" lon="-73.61395"><ele>111</ele></trkpt><trkpt lat="45.51111" lon="-73.61423"><ele>110</ele></trkpt><trkpt lat="45.51111" lon="-73.61423"><ele>110</ele></trkpt><trkpt lat="45.51123" lon="-73.61449"><ele>110</ele></trkpt><trkpt lat="45.51136" lon="-73.61478"><ele>109</ele></trkpt><trkpt lat="45.51139" lon="-73.61486"><ele>109</ele></trkpt><trkpt lat="45.51147" lon="-73.61504"><ele>108</ele></trkpt><trkpt lat="45.51161" lon="-73.61534"><ele>108</ele></trkpt><trkpt lat="45.51166" lon="-73.61543"><ele>107</ele></trkpt><trkpt lat="45.51167" lon="-73.61546"><ele>107</ele></trkpt><trkpt lat="45.51172" lon="-73.61553"><ele>106</ele></trkpt><trkpt lat="45.51180" lon="-73.61539"><ele>106</ele></trkpt><trkpt lat="45.51182" lon="-73.61535"><ele>105</ele></trkpt><trkpt lat="45.51193" lon="-73.61515"><ele>105</ele></trkpt><trkpt lat="45.51212" lon="-73.61478"><ele>104</ele></trkpt><trkpt lat="45.51243" lon="-73.61417"><ele>104</ele></trkpt><trkpt lat="45.51245" lon="-73.61413"><ele>103</ele></trkpt><trkpt lat="45.51245" lon="-73.61413"><ele>103</ele></trkpt><trkpt lat="45.51275" lon="-73.61355"><ele>102</ele></trkpt><trkpt lat="45.51294" lon="-73.61321"><ele>100</ele></trkpt><trkpt lat="45.51296" lon="-73.61317"><ele>99</ele></trkpt><trkpt lat="45.51300" lon="-73.61311"><ele>99</ele></trkpt><trkpt lat="45.51305" lon="-73.61302"><ele>98</ele></trkpt><trkpt lat="45.51307" lon="-73.61298"><ele>97</ele></trkpt><trkpt lat="45.51332" lon="-73.61253"><ele>97</ele></trkpt><trkpt lat="45.51355" lon="-73.61213"><ele>96</ele></trkpt><trkpt lat="45.51396" lon="-73.61140"><ele>94</ele></trkpt><trkpt lat="45.51399" lon="-73.61135"><ele>93</ele></trkpt><trkpt lat="45.51402" lon="-73.61129"><ele>92</ele></trkpt><trkpt lat="45.51404" lon="-73.61125"><ele>91</ele></trkpt><trkpt lat="45.51405" lon="-73.61122"><ele>91</ele></trkpt><trkpt lat="45.51406" lon="-73.61119"><ele>90</ele></trkpt><trkpt lat="45.51407" lon="-73.61116"><ele>90</ele></trkpt><trkpt lat="45.51408" lon="-73.61114"><ele>90</ele></trkpt><trkpt lat="45.51409" lon="-73.61109"><ele>90</ele></trkpt><trkpt lat="45.51411" lon="-73.61101"><ele>89</ele></trkpt><trkpt lat="45.51415" lon="-73.61088"><ele>89</ele></trkpt><trkpt lat="45.51416" lon="-73.61084"><ele>89</ele></trkpt><trkpt lat="45.51420" lon="-73.61071"><ele>89</ele></trkpt><trkpt lat="45.51425" lon="-73.61053"><ele>89</ele></trkpt><trkpt lat="45.51429" lon="-73.61038"><ele>88</ele></trkpt><trkpt lat="45.51434" lon="-73.61020"><ele>88</ele></trkpt><trkpt lat="45.51445" lon="-73.60981"><ele>88</ele></trkpt><trkpt lat="45.51455" lon="-73.60944"><ele>88</ele></trkpt><trkpt lat="45.51456" lon="-73.60939"><ele>88</ele></trkpt><trkpt lat="45.51458" lon="-73.60932"><ele>88</ele></trkpt><trkpt lat="45.51451" lon="-73.60928"><ele>88</ele></trkpt><trkpt lat="45.51448" lon="-73.60927"><ele>88</ele></trkpt><trkpt lat="45.51443" lon="-73.60925"><ele>88</ele></trkpt><trkpt lat="45.51435" lon="-73.60920"><ele>88</ele></trkpt><trkpt lat="45.51431" lon="-73.60918"><ele>89</ele></trkpt><trkpt lat="45.51427" lon="-73.60914"><ele>89</ele></trkpt><trkpt lat="45.51423" lon="-73.60909"><ele>89</ele></trkpt><trkpt lat="45.51409" lon="-73.60878"><ele>89</ele></trkpt><trkpt lat="45.51389" lon="-73.60832"><ele>91</ele></trkpt><trkpt lat="45.51389" lon="-73.60832"><ele>92</ele></trkpt><trkpt lat="45.51384" lon="-73.60821"><ele>93</ele></trkpt><trkpt lat="45.51382" lon="-73.60816"><ele>94</ele></trkpt><trkpt lat="45.51333" lon="-73.60708"><ele>98</ele></trkpt><trkpt lat="45.51330" lon="-73.60702"><ele>101</ele></trkpt><trkpt lat="45.51327" lon="-73.60696"><ele>103</ele></trkpt><trkpt lat="45.51282" lon="-73.60597"><ele>107</ele></trkpt><trkpt lat="45.51279" lon="-73.60589"><ele>110</ele></trkpt><trkpt lat="45.51276" lon="-73.60583"><ele>112</ele></trkpt><trkpt lat="45.51185" lon="-73.60381"><ele>117</ele></trkpt><trkpt lat="45.51183" lon="-73.60379"><ele>120</ele></trkpt><trkpt lat="45.51176" lon="-73.60375"><ele>122</ele></trkpt><trkpt lat="45.51179" lon="-73.60365"><ele>123</ele></trkpt><trkpt lat="45.51199" lon="-73.60287"><ele>123</ele></trkpt><trkpt lat="45.51199" lon="-73.60287"><ele>124</ele></trkpt><trkpt lat="45.51207" lon="-73.60255"><ele>124</ele></trkpt><trkpt lat="45.51214" lon="-73.60228"><ele>124</ele></trkpt><trkpt lat="45.51219" lon="-73.60212"><ele>124</ele></trkpt><trkpt lat="45.51222" lon="-73.60198"><ele>124</ele></trkpt><trkpt lat="45.51247" lon="-73.60112"><ele>124</ele></trkpt><trkpt lat="45.51248" lon="-73.60108"><ele>124</ele></trkpt><trkpt lat="45.51251" lon="-73.60102"><ele>124</ele></trkpt><trkpt lat="45.51250" lon="-73.60096"><ele>124</ele></trkpt><trkpt lat="45.51249" lon="-73.60084"><ele>123</ele></trkpt><trkpt lat="45.51220" lon="-73.60014"><ele>123</ele></trkpt><trkpt lat="45.51218" lon="-73.60007"><ele>123</ele></trkpt><trkpt lat="45.51216" lon="-73.60001"><ele>123</ele></trkpt><trkpt lat="45.51223" lon="-73.59994"><ele>122</ele></trkpt><trkpt lat="45.51225" lon="-73.59993"><ele>122</ele></trkpt><trkpt lat="45.51247" lon="-73.59972"><ele>122</ele></trkpt><trkpt lat="45.51308" lon="-73.59912"><ele>122</ele></trkpt><trkpt lat="45.51360" lon="-73.59861"><ele>120</ele></trkpt><trkpt lat="45.51366" lon="-73.59856"><ele>119</ele></trkpt><trkpt lat="45.51413" lon="-73.59808"><ele>118</ele></trkpt><trkpt lat="45.51440" lon="-73.59770"><ele>116</ele></trkpt><trkpt lat="45.51451" lon="-73.59751"><ele>115</ele></trkpt><trkpt lat="45.51457" lon="-73.59737"><ele>114</ele></trkpt><trkpt lat="45.51463" lon="-73.59713"><ele>113</ele></trkpt><trkpt lat="45.51466" lon="-73.59694"><ele>113</ele></trkpt><trkpt lat="45.51467" lon="-73.59681"><ele>112</ele></trkpt><trkpt lat="45.51468" lon="-73.59656"><ele>111</ele></trkpt><trkpt lat="45.51469" lon="-73.59633"><ele>111</ele></trkpt><trkpt lat="45.51469" lon="-73.59599"><ele>110</ele></trkpt><trkpt lat="45.51470" lon="-73.59564"><ele>109</ele></trkpt><trkpt lat="45.51470" lon="-73.59534"><ele>109</ele></trkpt><trkpt lat="45.51470" lon="-73.59505"><ele>108</ele></trkpt><trkpt lat="45.51469" lon="-73.59498"><ele>108</ele></trkpt><trkpt lat="45.51465" lon="-73.59397"><ele>107</ele></trkpt><trkpt lat="45.51464" lon="-73.59367"><ele>106</ele></trkpt><trkpt lat="45.51462" lon="-73.59309"><ele>105</ele></trkpt><trkpt lat="45.51460" lon="-73.59239"><ele>104</ele></trkpt><trkpt lat="45.51459" lon="-73.59229"><ele>103</ele></trkpt><trkpt lat="45.51458" lon="-73.59194"><ele>102</ele></trkpt><trkpt lat="45.51458" lon="-73.59186"><ele>101</ele></trkpt><trkpt lat="45.51459" lon="-73.59177"><ele>100</ele></trkpt><trkpt lat="45.51461" lon="-73.59170"><ele>99</ele></trkpt><trkpt lat="45.51461" lon="-73.59170"><ele>99</ele></trkpt><trkpt lat="45.51461" lon="-73.59170"><ele>99</ele></trkpt><trkpt lat="45.51463" lon="-73.59163"><ele>98</ele></trkpt><trkpt lat="45.51465" lon="-73.59157"><ele>98</ele></trkpt><trkpt lat="45.51467" lon="-73.59150"><ele>98</ele></trkpt><trkpt lat="45.51471" lon="-73.59144"><ele>98</ele></trkpt><trkpt lat="45.51474" lon="-73.59138"><ele>97</ele></trkpt><trkpt lat="45.51482" lon="-73.59128"><ele>97</ele></trkpt><trkpt lat="45.51509" lon="-73.59107"><ele>96</ele></trkpt><trkpt lat="45.51541" lon="-73.59076"><ele>94</ele></trkpt><trkpt lat="45.51574" lon="-73.59044"><ele>92</ele></trkpt><trkpt lat="45.51574" lon="-73.59042"><ele>91</ele></trkpt><trkpt lat="45.51579" lon="-73.59027"><ele>90</ele></trkpt><trkpt lat="45.51586" lon="-73.59020"><ele>89</ele></trkpt><trkpt lat="45.51588" lon="-73.59018"><ele>88</ele></trkpt><trkpt lat="45.51591" lon="-73.59015"><ele>87</ele></trkpt><trkpt lat="45.51616" lon="-73.58991"><ele>86</ele></trkpt><trkpt lat="45.51626" lon="-73.58982"><ele>85</ele></trkpt><trkpt lat="45.51666" lon="-73.58944"><ele>82</ele></trkpt><trkpt lat="45.51667" lon="-73.58942"><ele>81</ele></trkpt><trkpt lat="45.51679" lon="-73.58932"><ele>79</ele></trkpt><trkpt lat="45.51689" lon="-73.58923"><ele>78</ele></trkpt><trkpt lat="45.51690" lon="-73.58921"><ele>77</ele></trkpt><trkpt lat="45.51747" lon="-73.58871"><ele>74</ele></trkpt><trkpt lat="45.51749" lon="-73.58869"><ele>72</ele></trkpt><trkpt lat="45.51753" lon="-73.58866"><ele>71</ele></trkpt><trkpt lat="45.51758" lon="-73.58862"><ele>70</ele></trkpt><trkpt lat="45.51760" lon="-73.58861"><ele>70</ele></trkpt><trkpt lat="45.51791" lon="-73.58834"><ele>69</ele></trkpt><trkpt lat="45.51812" lon="-73.58814"><ele>69</ele></trkpt><trkpt lat="45.51820" lon="-73.58807"><ele>69</ele></trkpt><trkpt lat="45.51826" lon="-73.58802"><ele>69</ele></trkpt><trkpt lat="45.51837" lon="-73.58793"><ele>69</ele></trkpt><trkpt lat="45.51883" lon="-73.58753"><ele>69</ele></trkpt><trkpt lat="45.51885" lon="-73.58751"><ele>69</ele></trkpt><trkpt lat="45.51889" lon="-73.58748"><ele>69</ele></trkpt><trkpt lat="45.51893" lon="-73.58744"><ele>69</ele></trkpt><trkpt lat="45.51893" lon="-73.58744"><ele>69</ele></trkpt><trkpt lat="45.51893" lon="-73.58744"><ele>69</ele></trkpt><trkpt lat="45.51893" lon="-73.58744"><ele>69</ele></trkpt><trkpt lat="45.51889" lon="-73.58736"><ele>69</ele></trkpt><trkpt lat="45.51865" lon="-73.58683"><ele>68</ele></trkpt><trkpt lat="45.51861" lon="-73.58673"><ele>67</ele></trkpt><trkpt lat="45.51806" lon="-73.58554"><ele>67</ele></trkpt><trkpt lat="45.51793" lon="-73.58525"><ele>68</ele></trkpt><trkpt lat="45.51791" lon="-73.58522"><ele>68</ele></trkpt><trkpt lat="45.51789" lon="-73.58516"><ele>68</ele></trkpt><trkpt lat="45.51787" lon="-73.58512"><ele>68</ele></trkpt><trkpt lat="45.51706" lon="-73.58333"><ele>68</ele></trkpt><trkpt lat="45.51702" lon="-73.58324"><ele>68</ele></trkpt><trkpt lat="45.51688" lon="-73.58293"><ele>68</ele></trkpt><trkpt lat="45.51687" lon="-73.58290"><ele>68</ele></trkpt><trkpt lat="45.51685" lon="-73.58286"><ele>68</ele></trkpt><trkpt lat="45.51683" lon="-73.58281"><ele>67</ele></trkpt><trkpt lat="45.51679" lon="-73.58275"><ele>67</ele></trkpt><trkpt lat="45.51660" lon="-73.58233"><ele>67</ele></trkpt><trkpt lat="45.51602" lon="-73.58106"><ele>66</ele></trkpt><trkpt lat="45.51581" lon="-73.58059"><ele>65</ele></trkpt><trkpt lat="45.51579" lon="-73.58055"><ele>64</ele></trkpt><trkpt lat="45.51577" lon="-73.58050"><ele>64</ele></trkpt><trkpt lat="45.51574" lon="-73.58043"><ele>63</ele></trkpt><trkpt lat="45.51531" lon="-73.57948"><ele>62</ele></trkpt><trkpt lat="45.51530" lon="-73.57946"><ele>61</ele></trkpt><trkpt lat="45.51527" lon="-73.57940"><ele>61</ele></trkpt><trkpt lat="45.51526" lon="-73.57938"><ele>60</ele></trkpt><trkpt lat="45.51513" lon="-73.57909"><ele>60</ele></trkpt><trkpt lat="45.51503" lon="-73.57885"><ele>59</ele></trkpt><trkpt lat="45.51483" lon="-73.57842"><ele>58</ele></trkpt><trkpt lat="45.51480" lon="-73.57836"><ele>58</ele></trkpt><trkpt lat="45.51477" lon="-73.57829"><ele>57</ele></trkpt><trkpt lat="45.51473" lon="-73.57820"><ele>57</ele></trkpt><trkpt lat="45.51466" lon="-73.57806"><ele>56</ele></trkpt><trkpt lat="45.51459" lon="-73.57790"><ele>56</ele></trkpt><trkpt lat="45.51445" lon="-73.57760"><ele>56</ele></trkpt><trkpt lat="45.51422" lon="-73.57706"><ele>55</ele></trkpt><trkpt lat="45.51386" lon="-73.57627"><ele>54</ele></trkpt><trkpt lat="45.51385" lon="-73.57624"><ele>53</ele></trkpt><trkpt lat="45.51384" lon="-73.57621"><ele>52</ele></trkpt><trkpt lat="45.51381" lon="-73.57615"><ele>51</ele></trkpt><trkpt lat="45.51374" lon="-73.57621"><ele>51</ele></trkpt><trkpt lat="45.51372" lon="-73.57623"><ele>51</ele></trkpt><trkpt lat="45.51360" lon="-73.57634"><ele>51</ele></trkpt><trkpt lat="45.51324" lon="-73.57666"><ele>51</ele></trkpt><trkpt lat="45.51293" lon="-73.57695"><ele>52</ele></trkpt><trkpt lat="45.51287" lon="-73.57699"><ele>52</ele></trkpt><trkpt lat="45.51286" lon="-73.57701"><ele>52</ele></trkpt><trkpt lat="45.51286" lon="-73.57701"><ele>52</ele></trkpt><trkpt lat="45.51281" lon="-73.57705"><ele>52</ele></trkpt><trkpt lat="45.51214" lon="-73.57765"><ele>53</ele></trkpt><trkpt lat="45.51203" lon="-73.57775"><ele>53</ele></trkpt><trkpt lat="45.51189" lon="-73.57788"><ele>53</ele></trkpt><trkpt lat="45.51174" lon="-73.57801"><ele>53</ele></trkpt><trkpt lat="45.51168" lon="-73.57807"><ele>54</ele></trkpt><trkpt lat="45.51156" lon="-73.57819"><ele>54</ele></trkpt><trkpt lat="45.51159" lon="-73.57827"><ele>54</ele></trkpt><trkpt lat="45.51161" lon="-73.57830"><ele>54</ele></trkpt><trkpt lat="45.51163" lon="-73.57834"><ele>54</ele></trkpt><trkpt lat="45.51176" lon="-73.57863"><ele>54</ele></trkpt><trkpt lat="45.51195" lon="-73.57904"><ele>54</ele></trkpt><trkpt lat="45.51200" lon="-73.57914"><ele>54</ele></trkpt><trkpt lat="45.51202" lon="-73.57919"><ele>54</ele></trkpt><trkpt lat="45.51208" lon="-73.57931"><ele>54</ele></trkpt><trkpt lat="45.51218" lon="-73.57954"><ele>54</ele></trkpt><trkpt lat="45.51253" lon="-73.58029"><ele>56</ele></trkpt><trkpt lat="45.51340" lon="-73.58219"><ele>61</ele></trkpt><trkpt lat="45.51344" lon="-73.58227"><ele>64</ele></trkpt><trkpt lat="45.51348" lon="-73.58235"><ele>66</ele></trkpt><trkpt lat="45.51464" lon="-73.58483"><ele>69</ele></trkpt><trkpt lat="45.51466" lon="-73.58487"><ele>71</ele></trkpt><trkpt lat="45.51467" lon="-73.58489"><ele>73</ele></trkpt><trkpt lat="45.51467" lon="-73.58489"><ele>74</ele></trkpt><trkpt lat="45.51469" lon="-73.58494"><ele>74</ele></trkpt><trkpt lat="45.51483" lon="-73.58524"><ele>75</ele></trkpt><trkpt lat="45.51612" lon="-73.58803"><ele>75</ele></trkpt><trkpt lat="45.51614" lon="-73.58815"><ele>76</ele></trkpt><trkpt lat="45.51614" lon="-73.58823"><ele>76</ele></trkpt><trkpt lat="45.51613" lon="-73.58830"><ele>77</ele></trkpt><trkpt lat="45.51612" lon="-73.58835"><ele>77</ele></trkpt><trkpt lat="45.51610" lon="-73.58839"><ele>77</ele></trkpt><trkpt lat="45.51605" lon="-73.58859"><ele>78</ele></trkpt><trkpt lat="45.51590" lon="-73.58906"><ele>79</ele></trkpt><trkpt lat="45.51576" lon="-73.58954"><ele>81</ele></trkpt><trkpt lat="45.51573" lon="-73.58964"><ele>82</ele></trkpt><trkpt lat="45.51573" lon="-73.58974"><ele>83</ele></trkpt><trkpt lat="45.51570" lon="-73.58993"><ele>83</ele></trkpt><trkpt lat="45.51570" lon="-73.59006"><ele>84</ele></trkpt><trkpt lat="45.51572" lon="-73.59015"><ele>85</ele></trkpt><trkpt lat="45.51573" lon="-73.59019"><ele>85</ele></trkpt><trkpt lat="45.51579" lon="-73.59027"><ele>86</ele></trkpt><trkpt lat="45.51570" lon="-73.59031"><ele>86</ele></trkpt><trkpt lat="45.51568" lon="-73.59033"><ele>87</ele></trkpt><trkpt lat="45.51558" lon="-73.59039"><ele>87</ele></trkpt><trkpt lat="45.51523" lon="-73.59067"><ele>88</ele></trkpt><trkpt lat="45.51507" lon="-73.59069"><ele>89</ele></trkpt><trkpt lat="45.51504" lon="-73.59069"><ele>90</ele></trkpt><trkpt lat="45.51499" lon="-73.59070"><ele>91</ele></trkpt><trkpt lat="45.51494" lon="-73.59069"><ele>91</ele></trkpt><trkpt lat="45.51489" lon="-73.59069"><ele>92</ele></trkpt><trkpt lat="45.51484" lon="-73.59067"><ele>92</ele></trkpt><trkpt lat="45.51480" lon="-73.59064"><ele>92</ele></trkpt><trkpt lat="45.51473" lon="-73.59060"><ele>93</ele></trkpt><trkpt lat="45.51465" lon="-73.59052"><ele>93</ele></trkpt><trkpt lat="45.51456" lon="-73.59041"><ele>94</ele></trkpt><trkpt lat="45.51442" lon="-73.59023"><ele>94</ele></trkpt><trkpt lat="45.51397" lon="-73.58953"><ele>96</ele></trkpt><trkpt lat="45.51387" lon="-73.58939"><ele>98</ele></trkpt><trkpt lat="45.51378" lon="-73.58925"><ele>99</ele></trkpt><trkpt lat="45.51373" lon="-73.58918"><ele>100</ele></trkpt><trkpt lat="45.51368" lon="-73.58914"><ele>101</ele></trkpt><trkpt lat="45.51364" lon="-73.58911"><ele>102</ele></trkpt><trkpt lat="45.51360" lon="-73.58908"><ele>102</ele></trkpt><trkpt lat="45.51355" lon="-73.58905"><ele>103</ele></trkpt><trkpt lat="45.51351" lon="-73.58904"><ele>103</ele></trkpt><trkpt lat="45.51346" lon="-73.58903"><ele>104</ele></trkpt><trkpt lat="45.51342" lon="-73.58903"><ele>104</ele></trkpt><trkpt lat="45.51336" lon="-73.58903"><ele>105</ele></trkpt><trkpt lat="45.51331" lon="-73.58905"><ele>105</ele></trkpt><trkpt lat="45.51326" lon="-73.58907"><ele>106</ele></trkpt><trkpt lat="45.51322" lon="-73.58909"><ele>106</ele></trkpt><trkpt lat="45.51319" lon="-73.58911"><ele>107</ele></trkpt><trkpt lat="45.51316" lon="-73.58913"><ele>107</ele></trkpt><trkpt lat="45.51314" lon="-73.58915"><ele>107</ele></trkpt><trkpt lat="45.51311" lon="-73.58918"><ele>107</ele></trkpt><trkpt lat="45.51309" lon="-73.58921"><ele>108</ele></trkpt><trkpt lat="45.51305" lon="-73.58926"><ele>108</ele></trkpt><trkpt lat="45.51303" lon="-73.58931"><ele>108</ele></trkpt><trkpt lat="45.51300" lon="-73.58937"><ele>109</ele></trkpt><trkpt lat="45.51298" lon="-73.58943"><ele>109</ele></trkpt><trkpt lat="45.51296" lon="-73.58950"><ele>110</ele></trkpt><trkpt lat="45.51295" lon="-73.58954"><ele>110</ele></trkpt><trkpt lat="45.51294" lon="-73.58959"><ele>110</ele></trkpt><trkpt lat="45.51294" lon="-73.58963"><ele>111</ele></trkpt><trkpt lat="45.51293" lon="-73.58967"><ele>111</ele></trkpt><trkpt lat="45.51293" lon="-73.58971"><ele>111</ele></trkpt><trkpt lat="45.51293" lon="-73.58976"><ele>111</ele></trkpt><trkpt lat="45.51294" lon="-73.58980"><ele>112</ele></trkpt><trkpt lat="45.51294" lon="-73.58985"><ele>112</ele></trkpt><trkpt lat="45.51295" lon="-73.58989"><ele>112</ele></trkpt><trkpt lat="45.51296" lon="-73.58996"><ele>113</ele></trkpt><trkpt lat="45.51307" lon="-73.59050"><ele>114</ele></trkpt><trkpt lat="45.51313" lon="-73.59080"><ele>115</ele></trkpt><trkpt lat="45.51317" lon="-73.59108"><ele>117</ele></trkpt><trkpt lat="45.51317" lon="-73.59108"><ele>118</ele></trkpt><trkpt lat="45.51327" lon="-73.59163"><ele>120</ele></trkpt><trkpt lat="45.51336" lon="-73.59220"><ele>122</ele></trkpt><trkpt lat="45.51339" lon="-73.59237"><ele>124</ele></trkpt><trkpt lat="45.51343" lon="-73.59260"><ele>125</ele></trkpt><trkpt lat="45.51344" lon="-73.59267"><ele>127</ele></trkpt><trkpt lat="45.51344" lon="-73.59273"><ele>128</ele></trkpt><trkpt lat="45.51345" lon="-73.59279"><ele>128</ele></trkpt><trkpt lat="45.51345" lon="-73.59288"><ele>129</ele></trkpt><trkpt lat="45.51346" lon="-73.59309"><ele>130</ele></trkpt><trkpt lat="45.51346" lon="-73.59324"><ele>131</ele></trkpt><trkpt lat="45.51345" lon="-73.59339"><ele>131</ele></trkpt><trkpt lat="45.51344" lon="-73.59349"><ele>132</ele></trkpt><trkpt lat="45.51344" lon="-73.59359"><ele>133</ele></trkpt><trkpt lat="45.51342" lon="-73.59371"><ele>133</ele></trkpt><trkpt lat="45.51340" lon="-73.59385"><ele>134</ele></trkpt><trkpt lat="45.51338" lon="-73.59400"><ele>135</ele></trkpt><trkpt lat="45.51335" lon="-73.59414"><ele>135</ele></trkpt><trkpt lat="45.51333" lon="-73.59423"><ele>136</ele></trkpt><trkpt lat="45.51331" lon="-73.59432"><ele>137</ele></trkpt><trkpt lat="45.51328" lon="-73.59441"><ele>137</ele></trkpt><trkpt lat="45.51326" lon="-73.59447"><ele>138</ele></trkpt><trkpt lat="45.51323" lon="-73.59458"><ele>138</ele></trkpt><trkpt lat="45.51319" lon="-73.59469"><ele>139</ele></trkpt><trkpt lat="45.51314" lon="-73.59479"><ele>139</ele></trkpt><trkpt lat="45.51308" lon="-73.59494"><ele>140</ele></trkpt><trkpt lat="45.51303" lon="-73.59506"><ele>140</ele></trkpt><trkpt lat="45.51295" lon="-73.59524"><ele>141</ele></trkpt><trkpt lat="45.51285" lon="-73.59543"><ele>142</ele></trkpt><trkpt lat="45.51281" lon="-73.59552"><ele>143</ele></trkpt><trkpt lat="45.51273" lon="-73.59569"><ele>144</ele></trkpt><trkpt lat="45.51272" lon="-73.59571"><ele>145</ele></trkpt><trkpt lat="45.51263" lon="-73.59591"><ele>146</ele></trkpt><trkpt lat="45.51255" lon="-73.59608"><ele>147</ele></trkpt><trkpt lat="45.51244" lon="-73.59631"><ele>148</ele></trkpt><trkpt lat="45.51239" lon="-73.59640"><ele>150</ele></trkpt><trkpt lat="45.51235" lon="-73.59647"><ele>151</ele></trkpt><trkpt lat="45.51230" lon="-73.59654"><ele>151</ele></trkpt><trkpt lat="45.51223" lon="-73.59660"><ele>152</ele></trkpt><trkpt lat="45.51214" lon="-73.59665"><ele>153</ele></trkpt><trkpt lat="45.51211" lon="-73.59666"><ele>154</ele></trkpt><trkpt lat="45.51205" lon="-73.59667"><ele>155</ele></trkpt><trkpt lat="45.51202" lon="-73.59667"><ele>155</ele></trkpt><trkpt lat="45.51196" lon="-73.59667"><ele>156</ele></trkpt><trkpt lat="45.51190" lon="-73.59665"><ele>156</ele></trkpt><trkpt lat="45.51184" lon="-73.59663"><ele>157</ele></trkpt><trkpt lat="45.51179" lon="-73.59661"><ele>157</ele></trkpt><trkpt lat="45.51174" lon="-73.59656"><ele>158</ele></trkpt><trkpt lat="45.51166" lon="-73.59647"><ele>159</ele></trkpt><trkpt lat="45.51162" lon="-73.59641"><ele>159</ele></trkpt><trkpt lat="45.51158" lon="-73.59634"><ele>160</ele></trkpt><trkpt lat="45.51155" lon="-73.59626"><ele>161</ele></trkpt><trkpt lat="45.51147" lon="-73.59609"><ele>162</ele></trkpt><trkpt lat="45.51141" lon="-73.59591"><ele>163</ele></trkpt><trkpt lat="45.51134" lon="-73.59574"><ele>163</ele></trkpt><trkpt lat="45.51130" lon="-73.59560"><ele>164</ele></trkpt><trkpt lat="45.51127" lon="-73.59551"><ele>165</ele></trkpt><trkpt lat="45.51124" lon="-73.59541"><ele>165</ele></trkpt><trkpt lat="45.51121" lon="-73.59531"><ele>166</ele></trkpt><trkpt lat="45.51119" lon="-73.59521"><ele>166</ele></trkpt><trkpt lat="45.51117" lon="-73.59511"><ele>167</ele></trkpt><trkpt lat="45.51115" lon="-73.59501"><ele>167</ele></trkpt><trkpt lat="45.51114" lon="-73.59492"><ele>168</ele></trkpt><trkpt lat="45.51113" lon="-73.59479"><ele>168</ele></trkpt><trkpt lat="45.51112" lon="-73.59468"><ele>169</ele></trkpt><trkpt lat="45.51110" lon="-73.59451"><ele>169</ele></trkpt><trkpt lat="45.51107" lon="-73.59433"><ele>170</ele></trkpt><trkpt lat="45.51105" lon="-73.59419"><ele>170</ele></trkpt><trkpt lat="45.51102" lon="-73.59407"><ele>171</ele></trkpt><trkpt lat="45.51098" lon="-73.59397"><ele>171</ele></trkpt><trkpt lat="45.51095" lon="-73.59388"><ele>172</ele></trkpt><trkpt lat="45.51079" lon="-73.59358"><ele>173</ele></trkpt><trkpt lat="45.51077" lon="-73.59352"><ele>174</ele></trkpt><trkpt lat="45.51071" lon="-73.59339"><ele>175</ele></trkpt><trkpt lat="45.51063" lon="-73.59325"><ele>176</ele></trkpt><trkpt lat="45.51053" lon="-73.59306"><ele>178</ele></trkpt><trkpt lat="45.51050" lon="-73.59303"><ele>179</ele></trkpt><trkpt lat="45.51018" lon="-73.59242"><ele>183</ele></trkpt><trkpt lat="45.51003" lon="-73.59212"><ele>187</ele></trkpt><trkpt lat="45.50992" lon="-73.59188"><ele>191</ele></trkpt><trkpt lat="45.50986" lon="-73.59175"><ele>194</ele></trkpt><trkpt lat="45.50982" lon="-73.59167"><ele>196</ele></trkpt><trkpt lat="45.50973" lon="-73.59150"><ele>199</ele></trkpt><trkpt lat="45.50969" lon="-73.59142"><ele>200</ele></trkpt><trkpt lat="45.50964" lon="-73.59136"><ele>202</ele></trkpt><trkpt lat="45.50961" lon="-73.59131"><ele>203</ele></trkpt><trkpt lat="45.50956" lon="-73.59126"><ele>203</ele></trkpt><trkpt lat="45.50951" lon="-73.59122"><ele>204</ele></trkpt><trkpt lat="45.50946" lon="-73.59118"><ele>204</ele></trkpt><trkpt lat="45.50939" lon="-73.59114"><ele>205</ele></trkpt><trkpt lat="45.50932" lon="-73.59112"><ele>205</ele></trkpt><trkpt lat="45.50923" lon="-73.59110"><ele>205</ele></trkpt><trkpt lat="45.50915" lon="-73.59108"><ele>206</ele></trkpt><trkpt lat="45.50905" lon="-73.59107"><ele>206</ele></trkpt><trkpt lat="45.50894" lon="-73.59106"><ele>207</ele></trkpt><trkpt lat="45.50887" lon="-73.59105"><ele>207</ele></trkpt><trkpt lat="45.50879" lon="-73.59105"><ele>208</ele></trkpt><trkpt lat="45.50871" lon="-73.59105"><ele>208</ele></trkpt><trkpt lat="45.50863" lon="-73.59106"><ele>208</ele></trkpt><trkpt lat="45.50852" lon="-73.59107"><ele>209</ele></trkpt><trkpt lat="45.50840" lon="-73.59110"><ele>209</ele></trkpt><trkpt lat="45.50826" lon="-73.59116"><ele>210</ele></trkpt><trkpt lat="45.50821" lon="-73.59118"><ele>210</ele></trkpt><trkpt lat="45.50820" lon="-73.59118"><ele>211</ele></trkpt><trkpt lat="45.50813" lon="-73.59121"><ele>211</ele></trkpt><trkpt lat="45.50806" lon="-73.59125"><ele>211</ele></trkpt><trkpt lat="45.50795" lon="-73.59131"><ele>212</ele></trkpt><trkpt lat="45.50781" lon="-73.59142"><ele>212</ele></trkpt><trkpt lat="45.50773" lon="-73.59148"><ele>212</ele></trkpt><trkpt lat="45.50750" lon="-73.59168"><ele>211</ele></trkpt><trkpt lat="45.50746" lon="-73.59172"><ele>211</ele></trkpt><trkpt lat="45.50636" lon="-73.59274"><ele>208</ele></trkpt><trkpt lat="45.50625" lon="-73.59284"><ele>206</ele></trkpt><trkpt lat="45.50618" lon="-73.59291"><ele>205</ele></trkpt><trkpt lat="45.50605" lon="-73.59301"><ele>204</ele></trkpt><trkpt lat="45.50597" lon="-73.59306"><ele>203</ele></trkpt><trkpt lat="45.50588" lon="-73.59311"><ele>202</ele></trkpt><trkpt lat="45.50577" lon="-73.59318"><ele>201</ele></trkpt><trkpt lat="45.50570" lon="-73.59322"><ele>201</ele></trkpt><trkpt lat="45.50564" lon="-73.59326"><ele>200</ele></trkpt><trkpt lat="45.50558" lon="-73.59329"><ele>200</ele></trkpt><trkpt lat="45.50547" lon="-73.59333"><ele>199</ele></trkpt><trkpt lat="45.50539" lon="-73.59336"><ele>199</ele></trkpt><trkpt lat="45.50533" lon="-73.59338"><ele>198</ele></trkpt><trkpt lat="45.50524" lon="-73.59341"><ele>198</ele></trkpt><trkpt lat="45.50517" lon="-73.59343"><ele>197</ele></trkpt><trkpt lat="45.50505" lon="-73.59346"><ele>197</ele></trkpt><trkpt lat="45.50494" lon="-73.59348"><ele>196</ele></trkpt><trkpt lat="45.50482" lon="-73.59349"><ele>196</ele></trkpt><trkpt lat="45.50471" lon="-73.59350"><ele>195</ele></trkpt><trkpt lat="45.50448" lon="-73.59351"><ele>194</ele></trkpt><trkpt lat="45.50438" lon="-73.59352"><ele>193</ele></trkpt><trkpt lat="45.50430" lon="-73.59353"><ele>193</ele></trkpt><trkpt lat="45.50423" lon="-73.59355"><ele>192</ele></trkpt><trkpt lat="45.50415" lon="-73.59357"><ele>192</ele></trkpt><trkpt lat="45.50401" lon="-73.59362"><ele>191</ele></trkpt><trkpt lat="45.50400" lon="-73.59363"><ele>191</ele></trkpt><trkpt lat="45.50394" lon="-73.59365"><ele>190</ele></trkpt><trkpt lat="45.50386" lon="-73.59369"><ele>190</ele></trkpt><trkpt lat="45.50382" lon="-73.59371"><ele>190</ele></trkpt><trkpt lat="45.50378" lon="-73.59373"><ele>189</ele></trkpt><trkpt lat="45.50375" lon="-73.59374"><ele>189</ele></trkpt><trkpt lat="45.50370" lon="-73.59378"><ele>189</ele></trkpt><trkpt lat="45.50363" lon="-73.59386"><ele>189</ele></trkpt><trkpt lat="45.50359" lon="-73.59389"><ele>188</ele></trkpt><trkpt lat="45.50353" lon="-73.59393"><ele>188</ele></trkpt><trkpt lat="45.50344" lon="-73.59401"><ele>188</ele></trkpt><trkpt lat="45.50335" lon="-73.59409"><ele>187</ele></trkpt><trkpt lat="45.50329" lon="-73.59415"><ele>187</ele></trkpt><trkpt lat="45.50324" lon="-73.59419"><ele>186</ele></trkpt><trkpt lat="45.50321" lon="-73.59424"><ele>186</ele></trkpt><trkpt lat="45.50313" lon="-73.59434"><ele>186</ele></trkpt><trkpt lat="45.50296" lon="-73.59454"><ele>185</ele></trkpt><trkpt lat="45.50281" lon="-73.59479"><ele>184</ele></trkpt><trkpt lat="45.50269" lon="-73.59503"><ele>183</ele></trkpt><trkpt lat="45.50261" lon="-73.59525"><ele>183</ele></trkpt><trkpt lat="45.50256" lon="-73.59535"><ele>183</ele></trkpt><trkpt lat="45.50252" lon="-73.59549"><ele>182</ele></trkpt><trkpt lat="45.50246" lon="-73.59570"><ele>182</ele></trkpt><trkpt lat="45.50234" lon="-73.59609"><ele>182</ele></trkpt><trkpt lat="45.50232" lon="-73.59615"><ele>181</ele></trkpt><trkpt lat="45.50231" lon="-73.59617"><ele>181</ele></trkpt><trkpt lat="45.50226" lon="-73.59632"><ele>181</ele></trkpt><trkpt lat="45.50221" lon="-73.59647"><ele>181</ele></trkpt><trkpt lat="45.50203" lon="-73.59695"><ele>181</ele></trkpt><trkpt lat="45.50187" lon="-73.59730"><ele>180</ele></trkpt><trkpt lat="45.50164" lon="-73.59775"><ele>179</ele></trkpt><trkpt lat="45.50155" lon="-73.59791"><ele>178</ele></trkpt><trkpt lat="45.50146" lon="-73.59805"><ele>178</ele></trkpt><trkpt lat="45.50146" lon="-73.59805"><ele>177</ele></trkpt><trkpt lat="45.50145" lon="-73.59808"><ele>177</ele></trkpt><trkpt lat="45.50140" lon="-73.59815"><ele>176</ele></trkpt><trkpt lat="45.50126" lon="-73.59837"><ele>176</ele></trkpt><trkpt lat="45.50106" lon="-73.59865"><ele>175</ele></trkpt><trkpt lat="45.50048" lon="-73.59937"><ele>173</ele></trkpt><trkpt lat="45.50034" lon="-73.59954"><ele>172</ele></trkpt><trkpt lat="45.50020" lon="-73.59971"><ele>171</ele></trkpt><trkpt lat="45.49956" lon="-73.60044"><ele>169</ele></trkpt><trkpt lat="45.49952" lon="-73.60048"><ele>167</ele></trkpt><trkpt lat="45.49927" lon="-73.60078"><ele>166</ele></trkpt><trkpt lat="45.49880" lon="-73.60128"><ele>165</ele></trkpt><trkpt lat="45.49853" lon="-73.60159"><ele>163</ele></trkpt><trkpt lat="45.49848" lon="-73.60165"><ele>162</ele></trkpt><trkpt lat="45.49837" lon="-73.60177"><ele>161</ele></trkpt><trkpt lat="45.49781" lon="-73.60238"><ele>158</ele></trkpt><trkpt lat="45.49563" lon="-73.60460"><ele>152</ele></trkpt><trkpt lat="45.49541" lon="-73.60483"><ele>147</ele></trkpt><trkpt lat="45.49535" lon="-73.60489"><ele>143</ele></trkpt><trkpt lat="45.49528" lon="-73.60495"><ele>141</ele></trkpt><trkpt lat="45.49522" lon="-73.60501"><ele>139</ele></trkpt><trkpt lat="45.49520" lon="-73.60504"><ele>138</ele></trkpt><trkpt lat="45.49516" lon="-73.60507"><ele>137</ele></trkpt><trkpt lat="45.49510" lon="-73.60513"><ele>136</ele></trkpt><trkpt lat="45.49512" lon="-73.60524"><ele>136</ele></trkpt><trkpt lat="45.49517" lon="-73.60551"><ele>135</ele></trkpt><trkpt lat="45.49520" lon="-73.60566"><ele>134</ele></trkpt><trkpt lat="45.49525" lon="-73.60586"><ele>134</ele></trkpt><trkpt lat="45.49529" lon="-73.60605"><ele>134</ele></trkpt><trkpt lat="45.49532" lon="-73.60618"><ele>133</ele></trkpt><trkpt lat="45.49534" lon="-73.60628"><ele>133</ele></trkpt><trkpt lat="45.49536" lon="-73.60635"><ele>133</ele></trkpt><trkpt lat="45.49540" lon="-73.60653"><ele>133</ele></trkpt><trkpt lat="45.49542" lon="-73.60658"><ele>133</ele></trkpt><trkpt lat="45.49547" lon="-73.60677"><ele>133</ele></trkpt><trkpt lat="45.49550" lon="-73.60688"><ele>133</ele></trkpt><trkpt lat="45.49556" lon="-73.60713"><ele>133</ele></trkpt><trkpt lat="45.49557" lon="-73.60716"><ele>134</ele></trkpt><trkpt lat="45.49560" lon="-73.60728"><ele>134</ele></trkpt><trkpt lat="45.49571" lon="-73.60764"><ele>134</ele></trkpt><trkpt lat="45.49576" lon="-73.60785"><ele>135</ele></trkpt><trkpt lat="45.49582" lon="-73.60805"><ele>135</ele></trkpt><trkpt lat="45.49586" lon="-73.60819"><ele>136</ele></trkpt><trkpt lat="45.49588" lon="-73.60827"><ele>136</ele></trkpt><trkpt lat="45.49590" lon="-73.60834"><ele>136</ele></trkpt><trkpt lat="45.49594" lon="-73.60848"><ele>136</ele></trkpt><trkpt lat="45.49596" lon="-73.60857"><ele>136</ele></trkpt><trkpt lat="45.49596" lon="-73.60860"><ele>136</ele></trkpt><trkpt lat="45.49597" lon="-73.60864"><ele>136</ele></trkpt><trkpt lat="45.49598" lon="-73.60868"><ele>136</ele></trkpt><trkpt lat="45.49598" lon="-73.60872"><ele>136</ele></trkpt><trkpt lat="45.49599" lon="-73.60880"><ele>135</ele></trkpt><trkpt lat="45.49600" lon="-73.60888"><ele>135</ele></trkpt><trkpt lat="45.49600" lon="-73.60895"><ele>135</ele></trkpt><trkpt lat="45.49600" lon="-73.60903"><ele>135</ele></trkpt><trkpt lat="45.49600" lon="-73.60910"><ele>135</ele></trkpt><trkpt lat="45.49600" lon="-73.60919"><ele>135</ele></trkpt><trkpt lat="45.49599" lon="-73.60928"><ele>135</ele></trkpt><trkpt lat="45.49599" lon="-73.60937"><ele>135</ele></trkpt><trkpt lat="45.49598" lon="-73.60944"><ele>135</ele></trkpt><trkpt lat="45.49598" lon="-73.60950"><ele>134</ele></trkpt><trkpt lat="45.49598" lon="-73.60952"><ele>134</ele></trkpt><trkpt lat="45.49598" lon="-73.60952"><ele>134</ele></trkpt><trkpt lat="45.49598" lon="-73.60957"><ele>134</ele></trkpt><trkpt lat="45.49597" lon="-73.60963"><ele>134</ele></trkpt><trkpt lat="45.49596" lon="-73.60970"><ele>134</ele></trkpt><trkpt lat="45.49595" lon="-73.60979"><ele>134</ele></trkpt><trkpt lat="45.49595" lon="-73.60985"><ele>134</ele></trkpt><trkpt lat="45.49594" lon="-73.60992"><ele>133</ele></trkpt><trkpt lat="45.49593" lon="-73.61000"><ele>133</ele></trkpt><trkpt lat="45.49591" lon="-73.61009"><ele>133</ele></trkpt><trkpt lat="45.49590" lon="-73.61020"><ele>133</ele></trkpt><trkpt lat="45.49589" lon="-73.61024"><ele>132</ele></trkpt><trkpt lat="45.49587" lon="-73.61036"><ele>132</ele></trkpt><trkpt lat="45.49585" lon="-73.61045"><ele>132</ele></trkpt><trkpt lat="45.49579" lon="-73.61079"><ele>131</ele></trkpt><trkpt lat="45.49573" lon="-73.61115"><ele>131</ele></trkpt><trkpt lat="45.49563" lon="-73.61171"><ele>130</ele></trkpt><trkpt lat="45.49558" lon="-73.61198"><ele>130</ele></trkpt><trkpt lat="45.49556" lon="-73.61209"><ele>129</ele></trkpt><trkpt lat="45.49555" lon="-73.61216"><ele>129</ele></trkpt><trkpt lat="45.49554" lon="-73.61225"><ele>128</ele></trkpt><trkpt lat="45.49552" lon="-73.61234"><ele>128</ele></trkpt><trkpt lat="45.49551" lon="-73.61241"><ele>127</ele></trkpt><trkpt lat="45.49550" lon="-73.61250"><ele>127</ele></trkpt><trkpt lat="45.49549" lon="-73.61258"><ele>126</ele></trkpt><trkpt lat="45.49549" lon="-73.61267"><ele>126</ele></trkpt><trkpt lat="45.49548" lon="-73.61276"><ele>126</ele></trkpt><trkpt lat="45.49548" lon="-73.61285"><ele>125</ele></trkpt><trkpt lat="45.49547" lon="-73.61294"><ele>125</ele></trkpt><trkpt lat="45.49546" lon="-73.61351"><ele>124</ele></trkpt><trkpt lat="45.49545" lon="-73.61388"><ele>123</ele></trkpt><trkpt lat="45.49545" lon="-73.61401"><ele>123</ele></trkpt><trkpt lat="45.49545" lon="-73.61414"><ele>122</ele></trkpt><trkpt lat="45.49545" lon="-73.61427"><ele>122</ele></trkpt><trkpt lat="45.49545" lon="-73.61456"><ele>122</ele></trkpt><trkpt lat="45.49546" lon="-73.61495"><ele>122</ele></trkpt><trkpt lat="45.49546" lon="-73.61508"><ele>121</ele></trkpt><trkpt lat="45.49546" lon="-73.61552"><ele>121</ele></trkpt><trkpt lat="45.49546" lon="-73.61559"><ele>121</ele></trkpt><trkpt lat="45.49546" lon="-73.61566"><ele>121</ele></trkpt><trkpt lat="45.49546" lon="-73.61572"><ele>120</ele></trkpt><trkpt lat="45.49546" lon="-73.61580"><ele>120</ele></trkpt><trkpt lat="45.49545" lon="-73.61593"><ele>120</ele></trkpt><trkpt lat="45.49544" lon="-73.61603"><ele>120</ele></trkpt><trkpt lat="45.49542" lon="-73.61613"><ele>120</ele></trkpt><trkpt lat="45.49541" lon="-73.61623"><ele>120</ele></trkpt><trkpt lat="45.49540" lon="-73.61633"><ele>119</ele></trkpt><trkpt lat="45.49539" lon="-73.61641"><ele>119</ele></trkpt><trkpt lat="45.49537" lon="-73.61649"><ele>119</ele></trkpt><trkpt lat="45.49535" lon="-73.61658"><ele>119</ele></trkpt><trkpt lat="45.49531" lon="-73.61680"><ele>119</ele></trkpt><trkpt lat="45.49527" lon="-73.61695"><ele>119</ele></trkpt><trkpt lat="45.49519" lon="-73.61734"><ele>118</ele></trkpt><trkpt lat="45.49518" lon="-73.61741"><ele>118</ele></trkpt><trkpt lat="45.49521" lon="-73.61748"><ele>118</ele></trkpt><trkpt lat="45.49524" lon="-73.61753"><ele>117</ele></trkpt><trkpt lat="45.49528" lon="-73.61763"><ele>117</ele></trkpt><trkpt lat="45.49530" lon="-73.61767"><ele>117</ele></trkpt><trkpt lat="45.49541" lon="-73.61792"><ele>117</ele></trkpt><trkpt lat="45.49544" lon="-73.61800"><ele>116</ele></trkpt><trkpt lat="45.49548" lon="-73.61808"><ele>116</ele></trkpt><trkpt lat="45.49558" lon="-73.61829"><ele>116</ele></trkpt><trkpt lat="45.49559" lon="-73.61832"><ele>116</ele></trkpt><trkpt lat="45.49563" lon="-73.61840"><ele>115</ele></trkpt><trkpt lat="45.49568" lon="-73.61853"><ele>115</ele></trkpt><trkpt lat="45.49572" lon="-73.61863"><ele>115</ele></trkpt><trkpt lat="45.49587" lon="-73.61896"><ele>114</ele></trkpt><trkpt lat="45.49587" lon="-73.61896"><ele>114</ele></trkpt><trkpt lat="45.49591" lon="-73.61905"><ele>114</ele></trkpt><trkpt lat="45.49608" lon="-73.61942"><ele>113</ele></trkpt><trkpt lat="45.49612" lon="-73.61950"><ele>113</ele></trkpt><trkpt lat="45.49615" lon="-73.61956"><ele>112</ele></trkpt><trkpt lat="45.49677" lon="-73.62095"><ele>111</ele></trkpt><trkpt lat="45.49679" lon="-73.62098"><ele>110</ele></trkpt><trkpt lat="45.49683" lon="-73.62108"><ele>110</ele></trkpt><trkpt lat="45.49687" lon="-73.62117"><ele>110</ele></trkpt><trkpt lat="45.49713" lon="-73.62175"><ele>110</ele></trkpt><trkpt lat="45.49719" lon="-73.62187"><ele>110</ele></trkpt><trkpt lat="45.49721" lon="-73.62193"><ele>110</ele></trkpt><trkpt lat="45.49726" lon="-73.62189"><ele>111</ele></trkpt><trkpt lat="45.49746" lon="-73.62170"><ele>111</ele></trkpt><trkpt lat="45.49750" lon="-73.62166"><ele>111</ele></trkpt><trkpt lat="45.49753" lon="-73.62163"><ele>111</ele></trkpt><trkpt lat="45.49764" lon="-73.62155"><ele>111</ele></trkpt><trkpt lat="45.49792" lon="-73.62129"><ele>112</ele></trkpt><trkpt lat="45.49792" lon="-73.62129"><ele>112</ele></trkpt><trkpt lat="45.49831" lon="-73.62093"><ele>113</ele></trkpt><trkpt lat="45.49837" lon="-73.62088"><ele>113</ele></trkpt><trkpt lat="45.49830" lon="-73.62075"><ele>113</ele></trkpt><trkpt lat="45.49813" lon="-73.62046"><ele>113</ele></trkpt><trkpt lat="45.49813" lon="-73.62046"><ele>113</ele></trkpt><trkpt lat="45.49795" lon="-73.62014"><ele>113</ele></trkpt><trkpt lat="45.49786" lon="-73.61997"><ele>113</ele></trkpt><trkpt lat="45.49784" lon="-73.61995"><ele>114</ele></trkpt><trkpt lat="45.49780" lon="-73.61986"><ele>114</ele></trkpt><trkpt lat="45.49777" lon="-73.61979"><ele>114</ele></trkpt><trkpt lat="45.49775" lon="-73.61975"><ele>114</ele></trkpt><trkpt lat="45.49753" lon="-73.61933"><ele>114</ele></trkpt><trkpt lat="45.49718" lon="-73.61862"><ele>115</ele></trkpt><trkpt lat="45.49717" lon="-73.61859"><ele>115</ele></trkpt><trkpt lat="45.49713" lon="-73.61852"><ele>115</ele></trkpt><trkpt lat="45.49710" lon="-73.61845"><ele>116</ele></trkpt><trkpt lat="45.49708" lon="-73.61842"><ele>116</ele></trkpt><trkpt lat="45.49693" lon="-73.61811"><ele>116</ele></trkpt><trkpt lat="45.49677" lon="-73.61779"><ele>116</ele></trkpt><trkpt lat="45.49676" lon="-73.61776"><ele>116</ele></trkpt><trkpt lat="45.49669" lon="-73.61763"><ele>116</ele></trkpt><trkpt lat="45.49669" lon="-73.61763"><ele>116</ele></trkpt><trkpt lat="45.49669" lon="-73.61763"><ele>116</ele></trkpt><trkpt lat="45.49669" lon="-73.61763"><ele>116</ele></trkpt><trkpt lat="45.49679" lon="-73.61760"><ele>116</ele></trkpt><trkpt lat="45.49681" lon="-73.61759"><ele>116</ele></trkpt><trkpt lat="45.49710" lon="-73.61748"><ele>116</ele></trkpt><trkpt lat="45.49715" lon="-73.61746"><ele>117</ele></trkpt><trkpt lat="45.49715" lon="-73.61746"><ele>117</ele></trkpt><trkpt lat="45.49722" lon="-73.61743"><ele>117</ele></trkpt><trkpt lat="45.49731" lon="-73.61739"><ele>117</ele></trkpt><trkpt lat="45.49740" lon="-73.61734"><ele>117</ele></trkpt><trkpt lat="45.49755" lon="-73.61724"><ele>118</ele></trkpt><trkpt lat="45.49765" lon="-73.61716"><ele>118</ele></trkpt><trkpt lat="45.49776" lon="-73.61705"><ele>118</ele></trkpt><trkpt lat="45.49786" lon="-73.61695"><ele>119</ele></trkpt><trkpt lat="45.49802" lon="-73.61677"><ele>120</ele></trkpt><trkpt lat="45.49814" lon="-73.61663"><ele>121</ele></trkpt><trkpt lat="45.49827" lon="-73.61647"><ele>123</ele></trkpt><trkpt lat="45.49834" lon="-73.61640"><ele>124</ele></trkpt><trkpt lat="45.49839" lon="-73.61636"><ele>125</ele></trkpt><trkpt lat="45.49847" lon="-73.61631"><ele>126</ele></trkpt><trkpt lat="45.49855" lon="-73.61628"><ele>127</ele></trkpt><trkpt lat="45.49864" lon="-73.61626"><ele>127</ele></trkpt><trkpt lat="45.49875" lon="-73.61626"><ele>128</ele></trkpt><trkpt lat="45.49892" lon="-73.61630"><ele>130</ele></trkpt><trkpt lat="45.49903" lon="-73.61636"><ele>131</ele></trkpt><trkpt lat="45.49907" lon="-73.61624"><ele>132</ele></trkpt><trkpt lat="45.49912" lon="-73.61612"><ele>133</ele></trkpt><trkpt lat="45.49923" lon="-73.61589"><ele>134</ele></trkpt><trkpt lat="45.49928" lon="-73.61579"><ele>135</ele></trkpt><trkpt lat="45.49934" lon="-73.61562"><ele>136</ele></trkpt><trkpt lat="45.49938" lon="-73.61552"><ele>137</ele></trkpt><trkpt lat="45.49943" lon="-73.61541"><ele>138</ele></trkpt><trkpt lat="45.49949" lon="-73.61532"><ele>138</ele></trkpt><trkpt lat="45.49953" lon="-73.61526"><ele>139</ele></trkpt><trkpt lat="45.49962" lon="-73.61516"><ele>139</ele></trkpt><trkpt lat="45.49972" lon="-73.61507"><ele>140</ele></trkpt><trkpt lat="45.49993" lon="-73.61488"><ele>141</ele></trkpt><trkpt lat="45.50005" lon="-73.61477"><ele>142</ele></trkpt><trkpt lat="45.50020" lon="-73.61464"><ele>143</ele></trkpt><trkpt lat="45.50025" lon="-73.61460"><ele>144</ele></trkpt><trkpt lat="45.50052" lon="-73.61438"><ele>146</ele></trkpt><trkpt lat="45.50052" lon="-73.61438"><ele>147</ele></trkpt><trkpt lat="45.50085" lon="-73.61412"><ele>148</ele></trkpt><trkpt lat="45.50109" lon="-73.61393"><ele>149</ele></trkpt><trkpt lat="45.50119" lon="-73.61384"><ele>150</ele></trkpt><trkpt lat="45.50121" lon="-73.61382"><ele>151</ele></trkpt><trkpt lat="45.50244" lon="-73.61272"><ele>152</ele></trkpt><trkpt lat="45.50251" lon="-73.61267"><ele>153</ele></trkpt><trkpt lat="45.50253" lon="-73.61272"><ele>153</ele></trkpt><trkpt lat="45.50254" lon="-73.61276"><ele>154</ele></trkpt><trkpt lat="45.50261" lon="-73.61297"><ele>154</ele></trkpt><trkpt lat="45.50261" lon="-73.61297"><ele>154</ele></trkpt><trkpt lat="45.50270" lon="-73.61323"><ele>154</ele></trkpt><trkpt lat="45.50275" lon="-73.61329"><ele>154</ele></trkpt><trkpt lat="45.50286" lon="-73.61357"><ele>154</ele></trkpt><trkpt lat="45.50294" lon="-73.61372"><ele>154</ele></trkpt><trkpt lat="45.50301" lon="-73.61380"><ele>154</ele></trkpt><trkpt lat="45.50308" lon="-73.61386"><ele>154</ele></trkpt><trkpt lat="45.50324" lon="-73.61396"><ele>154</ele></trkpt><trkpt lat="45.50350" lon="-73.61405"><ele>154</ele></trkpt><trkpt lat="45.50369" lon="-73.61411"><ele>154</ele></trkpt><trkpt lat="45.50378" lon="-73.61415"><ele>154</ele></trkpt><trkpt lat="45.50388" lon="-73.61421"><ele>154</ele></trkpt><trkpt lat="45.50400" lon="-73.61430"><ele>153</ele></trkpt><trkpt lat="45.50411" lon="-73.61442"><ele>151</ele></trkpt><trkpt lat="45.50417" lon="-73.61451"><ele>149</ele></trkpt><trkpt lat="45.50424" lon="-73.61462"><ele>148</ele></trkpt><trkpt lat="45.50432" lon="-73.61477"><ele>146</ele></trkpt><trkpt lat="45.50439" lon="-73.61493"><ele>144</ele></trkpt><trkpt lat="45.50460" lon="-73.61537"><ele>141</ele></trkpt><trkpt lat="45.50464" lon="-73.61545"><ele>139</ele></trkpt><trkpt lat="45.50469" lon="-73.61557"><ele>138</ele></trkpt><trkpt lat="45.50471" lon="-73.61563"><ele>136</ele></trkpt><trkpt lat="45.50472" lon="-73.61569"><ele>135</ele></trkpt><trkpt lat="45.50472" lon="-73.61574"><ele>134</ele></trkpt><trkpt lat="45.50473" lon="-73.61579"><ele>133</ele></trkpt><trkpt lat="45.50472" lon="-73.61585"><ele>133</ele></trkpt><trkpt lat="45.50471" lon="-73.61593"><ele>132</ele></trkpt><trkpt lat="45.50469" lon="-73.61601"><ele>131</ele></trkpt><trkpt lat="45.50467" lon="-73.61606"><ele>131</ele></trkpt><trkpt lat="45.50463" lon="-73.61612"><ele>130</ele></trkpt><trkpt lat="45.50460" lon="-73.61616"><ele>129</ele></trkpt><trkpt lat="45.50448" lon="-73.61627"><ele>129</ele></trkpt><trkpt lat="45.50414" lon="-73.61655"><ele>127</ele></trkpt><trkpt lat="45.50385" lon="-73.61679"><ele>124</ele></trkpt><trkpt lat="45.50375" lon="-73.61687"><ele>122</ele></trkpt><trkpt lat="45.50359" lon="-73.61701"><ele>120</ele></trkpt><trkpt lat="45.50350" lon="-73.61709"><ele>119</ele></trkpt><trkpt lat="45.50343" lon="-73.61718"><ele>117</ele></trkpt><trkpt lat="45.50339" lon="-73.61725"><ele>116</ele></trkpt><trkpt lat="45.50335" lon="-73.61733"><ele>115</ele></trkpt><trkpt lat="45.50330" lon="-73.61749"><ele>114</ele></trkpt><trkpt lat="45.50327" lon="-73.61759"><ele>113</ele></trkpt><trkpt lat="45.50320" lon="-73.61782"><ele>112</ele></trkpt><trkpt lat="45.50315" lon="-73.61804"><ele>111</ele></trkpt><trkpt lat="45.50314" lon="-73.61808"><ele>110</ele></trkpt><trkpt lat="45.50311" lon="-73.61818"><ele>110</ele></trkpt><trkpt lat="45.50311" lon="-73.61824"><ele>110</ele></trkpt><trkpt lat="45.50311" lon="-73.61829"><ele>109</ele></trkpt><trkpt lat="45.50312" lon="-73.61833"><ele>109</ele></trkpt><trkpt lat="45.50312" lon="-73.61839"><ele>109</ele></trkpt><trkpt lat="45.50314" lon="-73.61845"><ele>109</ele></trkpt><trkpt lat="45.50320" lon="-73.61860"><ele>109</ele></trkpt><trkpt lat="45.50324" lon="-73.61869"><ele>109</ele></trkpt><trkpt lat="45.50325" lon="-73.61874"><ele>109</ele></trkpt><trkpt lat="45.50326" lon="-73.61887"><ele>109</ele></trkpt><trkpt lat="45.50334" lon="-73.61880"><ele>109</ele></trkpt><trkpt lat="45.50336" lon="-73.61878"><ele>109</ele></trkpt><trkpt lat="45.50418" lon="-73.61802"><ele>109</ele></trkpt><trkpt lat="45.50425" lon="-73.61795"><ele>109</ele></trkpt><trkpt lat="45.50444" lon="-73.61778"><ele>109</ele></trkpt><trkpt lat="45.50497" lon="-73.61731"><ele>109</ele></trkpt><trkpt lat="45.50497" lon="-73.61731"><ele>109</ele></trkpt><trkpt lat="45.50527" lon="-73.61704"><ele>109</ele></trkpt><trkpt lat="45.50614" lon="-73.61626"><ele>110</ele></trkpt><trkpt lat="45.50659" lon="-73.61585"><ele>110</ele></trkpt><trkpt lat="45.50696" lon="-73.61551"><ele>110</ele></trkpt><trkpt lat="45.50718" lon="-73.61531"><ele>110</ele></trkpt><trkpt lat="45.50723" lon="-73.61527"><ele>110</ele></trkpt><trkpt lat="45.50728" lon="-73.61523"><ele>110</ele></trkpt><trkpt lat="45.50732" lon="-73.61519"><ele>110</ele></trkpt><trkpt lat="45.50738" lon="-73.61513"><ele>110</ele></trkpt><trkpt lat="45.50765" lon="-73.61489"><ele>110</ele></trkpt><trkpt lat="45.50809" lon="-73.61450"><ele>110</ele></trkpt><trkpt lat="45.50906" lon="-73.61362"><ele>111</ele></trkpt><trkpt lat="45.50935" lon="-73.61336"><ele>112</ele></trkpt><trkpt lat="45.50942" lon="-73.61329"><ele>113</ele></trkpt><trkpt lat="45.50960" lon="-73.61313"><ele>114</ele></trkpt><trkpt lat="45.50973" lon="-73.61293"><ele>115</ele></trkpt><trkpt lat="45.50979" lon="-73.61285"><ele>115</ele></trkpt><trkpt lat="45.50983" lon="-73.61278"><ele>116</ele></trkpt><trkpt lat="45.50988" lon="-73.61265"><ele>116</ele></trkpt><trkpt lat="45.50994" lon="-73.61250"><ele>115</ele></trkpt><trkpt lat="45.51000" lon="-73.61238"><ele>115</ele></trkpt><trkpt lat="45.51004" lon="-73.61232"><ele>115</ele></trkpt><trkpt lat="45.51010" lon="-73.61225"><ele>115</ele></trkpt><trkpt lat="45.51013" lon="-73.61223"><ele>114</ele></trkpt><trkpt lat="45.51019" lon="-73.61222"><ele>114</ele></trkpt><trkpt lat="45.51026" lon="-73.61237"><ele>114</ele></trkpt><trkpt lat="45.51037" lon="-73.61260"><ele>113</ele></trkpt><trkpt lat="45.51049" lon="-73.61288"><ele>113</ele></trkpt><trkpt lat="45.51053" lon="-73.61296"><ele>113</ele></trkpt><trkpt lat="45.51056" lon="-73.61302"><ele>112</ele></trkpt><trkpt lat="45.51067" lon="-73.61324"><ele>112</ele></trkpt><trkpt lat="45.51071" lon="-73.61328"><ele>112</ele></trkpt><trkpt lat="45.51075" lon="-73.61336"><ele>112</ele></trkpt><trkpt lat="45.51076" lon="-73.61340"><ele>111</ele></trkpt><trkpt lat="45.51080" lon="-73.61349"><ele>111</ele></trkpt><trkpt lat="45.51091" lon="-73.61374"><ele>111</ele></trkpt><trkpt lat="45.51093" lon="-73.61382"><ele>111</ele></trkpt><trkpt lat="45.51099" lon="-73.61395"><ele>111</ele></trkpt><trkpt lat="45.51102" lon="-73.61402"><ele>110</ele></trkpt><trkpt lat="45.51102" lon="-73.61402"><ele>110</ele></trkpt><trkpt lat="45.51123" lon="-73.61449"><ele>110</ele></trkpt><trkpt lat="45.51136" lon="-73.61478"><ele>109</ele></trkpt><trkpt lat="45.51139" lon="-73.61486"><ele>109</ele></trkpt><trkpt lat="45.51147" lon="-73.61504"><ele>108</ele></trkpt><trkpt lat="45.51161" lon="-73.61534"><ele>108</ele></trkpt><trkpt lat="45.51166" lon="-73.61543"><ele>107</ele></trkpt><trkpt lat="45.51167" lon="-73.61546"><ele>107</ele></trkpt><trkpt lat="45.51172" lon="-73.61553"><ele>106</ele></trkpt><trkpt lat="45.51180" lon="-73.61539"><ele>106</ele></trkpt><trkpt lat="45.51182" lon="-73.61535"><ele>105</ele></trkpt><trkpt lat="45.51193" lon="-73.61515"><ele>105</ele></trkpt><trkpt lat="45.51212" lon="-73.61478"><ele>104</ele></trkpt><trkpt lat="45.51239" lon="-73.61425"><ele>104</ele></trkpt><trkpt lat="45.51239" lon="-73.61425"><ele>103</ele></trkpt><trkpt lat="45.51243" lon="-73.61417"><ele>103</ele></trkpt><trkpt lat="45.51275" lon="-73.61355"><ele>102</ele></trkpt><trkpt lat="45.51294" lon="-73.61321"><ele>100</ele></trkpt><trkpt lat="45.51296" lon="-73.61317"><ele>99</ele></trkpt><trkpt lat="45.51300" lon="-73.61311"><ele>99</ele></trkpt><trkpt lat="45.51305" lon="-73.61302"><ele>98</ele></trkpt><trkpt lat="45.51307" lon="-73.61298"><ele>97</ele></trkpt><trkpt lat="45.51332" lon="-73.61253"><ele>97</ele></trkpt><trkpt lat="45.51355" lon="-73.61213"><ele>96</ele></trkpt><trkpt lat="45.51396" lon="-73.61140"><ele>94</ele></trkpt><trkpt lat="45.51399" lon="-73.61135"><ele>93</ele></trkpt><trkpt lat="45.51402" lon="-73.61129"><ele>92</ele></trkpt><trkpt lat="45.51404" lon="-73.61125"><ele>91</ele></trkpt><trkpt lat="45.51405" lon="-73.61122"><ele>91</ele></trkpt><trkpt lat="45.51406" lon="-73.61119"><ele>90</ele></trkpt><trkpt lat="45.51407" lon="-73.61116"><ele>90</ele></trkpt><trkpt lat="45.51408" lon="-73.61114"><ele>90</ele></trkpt><trkpt lat="45.51409" lon="-73.61109"><ele>90</ele></trkpt><trkpt lat="45.51411" lon="-73.61101"><ele>89</ele></trkpt><trkpt lat="45.51415" lon="-73.61088"><ele>89</ele></trkpt><trkpt lat="45.51416" lon="-73.61084"><ele>89</ele></trkpt><trkpt lat="45.51420" lon="-73.61071"><ele>89</ele></trkpt><trkpt lat="45.51425" lon="-73.61053"><ele>89</ele></trkpt><trkpt lat="45.51429" lon="-73.61038"><ele>88</ele></trkpt><trkpt lat="45.51434" lon="-73.61020"><ele>88</ele></trkpt><trkpt lat="45.51445" lon="-73.60981"><ele>88</ele></trkpt><trkpt lat="45.51455" lon="-73.60944"><ele>88</ele></trkpt><trkpt lat="45.51456" lon="-73.60939"><ele>88</ele></trkpt><trkpt lat="45.51458" lon="-73.60932"><ele>88</ele></trkpt><trkpt lat="45.51451" lon="-73.60928"><ele>88</ele></trkpt><trkpt lat="45.51448" lon="-73.60927"><ele>88</ele></trkpt><trkpt lat="45.51443" lon="-73.60925"><ele>88</ele></trkpt><trkpt lat="45.51435" lon="-73.60920"><ele>88</ele></trkpt><trkpt lat="45.51431" lon="-73.60918"><ele>89</ele></trkpt><trkpt lat="45.51427" lon="-73.60914"><ele>89</ele></trkpt><trkpt lat="45.51423" lon="-73.60909"><ele>89</ele></trkpt><trkpt lat="45.51409" lon="-73.60878"><ele>89</ele></trkpt><trkpt lat="45.51384" lon="-73.60821"><ele>91</ele></trkpt><trkpt lat="45.51382" lon="-73.60816"><ele>93</ele></trkpt><trkpt lat="45.51374" lon="-73.60799"><ele>94</ele></trkpt><trkpt lat="45.51374" lon="-73.60799"><ele>95</ele></trkpt><trkpt lat="45.51333" lon="-73.60708"><ele>99</ele></trkpt><trkpt lat="45.51330" lon="-73.60702"><ele>102</ele></trkpt><trkpt lat="45.51327" lon="-73.60696"><ele>104</ele></trkpt><trkpt lat="45.51282" lon="-73.60597"><ele>108</ele></trkpt><trkpt lat="45.51279" lon="-73.60589"><ele>110</ele></trkpt><trkpt lat="45.51276" lon="-73.60583"><ele>112</ele></trkpt><trkpt lat="45.51185" lon="-73.60381"><ele>117</ele></trkpt><trkpt lat="45.51183" lon="-73.60379"><ele>120</ele></trkpt><trkpt lat="45.51176" lon="-73.60375"><ele>122</ele></trkpt><trkpt lat="45.51179" lon="-73.60365"><ele>123</ele></trkpt><trkpt lat="45.51200" lon="-73.60282"><ele>123</ele></trkpt><trkpt lat="45.51200" lon="-73.60282"><ele>124</ele></trkpt><trkpt lat="45.51207" lon="-73.60255"><ele>124</ele></trkpt><trkpt lat="45.51214" lon="-73.60228"><ele>124</ele></trkpt><trkpt lat="45.51219" lon="-73.60212"><ele>124</ele></trkpt><trkpt lat="45.51222" lon="-73.60198"><ele>124</ele></trkpt><trkpt lat="45.51247" lon="-73.60112"><ele>124</ele></trkpt><trkpt lat="45.51248" lon="-73.60108"><ele>124</ele></trkpt><trkpt lat="45.51251" lon="-73.60102"><ele>124</ele></trkpt><trkpt lat="45.51250" lon="-73.60096"><ele>124</ele></trkpt><trkpt lat="45.51249" lon="-73.60084"><ele>123</ele></trkpt><trkpt lat="45.51220" lon="-73.60014"><ele>123</ele></trkpt><trkpt lat="45.51218" lon="-73.60007"><ele>123</ele></trkpt><trkpt lat="45.51216" lon="-73.60001"><ele>123</ele></trkpt><trkpt lat="45.51223" lon="-73.59994"><ele>122</ele></trkpt><trkpt lat="45.51225" lon="-73.59993"><ele>122</ele></trkpt><trkpt lat="45.51247" lon="-73.59972"><ele>122</ele></trkpt><trkpt lat="45.51308" lon="-73.59912"><ele>122</ele></trkpt><trkpt lat="45.51360" lon="-73.59861"><ele>120</ele></trkpt><trkpt lat="45.51366" lon="-73.59856"><ele>119</ele></trkpt><trkpt lat="45.51413" lon="-73.59808"><ele>118</ele></trkpt><trkpt lat="45.51440" lon="-73.59770"><ele>116</ele></trkpt><trkpt lat="45.51451" lon="-73.59751"><ele>115</ele></trkpt><trkpt lat="45.51457" lon="-73.59737"><ele>114</ele></trkpt><trkpt lat="45.51463" lon="-73.59713"><ele>113</ele></trkpt><trkpt lat="45.51466" lon="-73.59694"><ele>113</ele></trkpt><trkpt lat="45.51467" lon="-73.59681"><ele>112</ele></trkpt><trkpt lat="45.51468" lon="-73.59656"><ele>111</ele></trkpt><trkpt lat="45.51469" lon="-73.59633"><ele>111</ele></trkpt><trkpt lat="45.51469" lon="-73.59599"><ele>110</ele></trkpt><trkpt lat="45.51470" lon="-73.59564"><ele>109</ele></trkpt><trkpt lat="45.51470" lon="-73.59534"><ele>109</ele></trkpt><trkpt lat="45.51470" lon="-73.59505"><ele>108</ele></trkpt><trkpt lat="45.51469" lon="-73.59498"><ele>108</ele></trkpt><trkpt lat="45.51465" lon="-73.59397"><ele>107</ele></trkpt><trkpt lat="45.51464" lon="-73.59367"><ele>106</ele></trkpt><trkpt lat="45.51462" lon="-73.59309"><ele>105</ele></trkpt><trkpt lat="45.51460" lon="-73.59239"><ele>104</ele></trkpt><trkpt lat="45.51459" lon="-73.59229"><ele>103</ele></trkpt><trkpt lat="45.51458" lon="-73.59194"><ele>102</ele></trkpt><trkpt lat="45.51458" lon="-73.59186"><ele>101</ele></trkpt><trkpt lat="45.51459" lon="-73.59177"><ele>100</ele></trkpt><trkpt lat="45.51461" lon="-73.59170"><ele>99</ele></trkpt><trkpt lat="45.51463" lon="-73.59163"><ele>99</ele></trkpt><trkpt lat="45.51463" lon="-73.59162"><ele>99</ele></trkpt><trkpt lat="45.51463" lon="-73.59162"><ele>98</ele></trkpt><trkpt lat="45.51465" lon="-73.59157"><ele>98</ele></trkpt><trkpt lat="45.51467" lon="-73.59150"><ele>98</ele></trkpt><trkpt lat="45.51471" lon="-73.59144"><ele>97</ele></trkpt><trkpt lat="45.51474" lon="-73.59138"><ele>97</ele></trkpt><trkpt lat="45.51482" lon="-73.59128"><ele>97</ele></trkpt><trkpt lat="45.51509" lon="-73.59107"><ele>96</ele></trkpt><trkpt lat="45.51541" lon="-73.59076"><ele>94</ele></trkpt><trkpt lat="45.51574" lon="-73.59044"><ele>92</ele></trkpt><trkpt lat="45.51574" lon="-73.59042"><ele>91</ele></trkpt><trkpt lat="45.51579" lon="-73.59027"><ele>90</ele></trkpt><trkpt lat="45.51586" lon="-73.59020"><ele>89</ele></trkpt><trkpt lat="45.51588" lon="-73.59018"><ele>88</ele></trkpt><trkpt lat="45.51591" lon="-73.59015"><ele>87</ele></trkpt><trkpt lat="45.51616" lon="-73.58991"><ele>86</ele></trkpt><trkpt lat="45.51626" lon="-73.58982"><ele>85</ele></trkpt><trkpt lat="45.51666" lon="-73.58944"><ele>82</ele></trkpt><trkpt lat="45.51667" lon="-73.58942"><ele>81</ele></trkpt><trkpt lat="45.51679" lon="-73.58932"><ele>79</ele></trkpt><trkpt lat="45.51689" lon="-73.58923"><ele>78</ele></trkpt><trkpt lat="45.51690" lon="-73.58921"><ele>77</ele></trkpt><trkpt lat="45.51747" lon="-73.58871"><ele>74</ele></trkpt><trkpt lat="45.51749" lon="-73.58869"><ele>72</ele></trkpt><trkpt lat="45.51753" lon="-73.58866"><ele>71</ele></trkpt><trkpt lat="45.51758" lon="-73.58862"><ele>70</ele></trkpt><trkpt lat="45.51760" lon="-73.58861"><ele>70</ele></trkpt><trkpt lat="45.51791" lon="-73.58834"><ele>69</ele></trkpt><trkpt lat="45.51812" lon="-73.58814"><ele>69</ele></trkpt><trkpt lat="45.51820" lon="-73.58807"><ele>69</ele></trkpt><trkpt lat="45.51826" lon="-73.58802"><ele>69</ele></trkpt><trkpt lat="45.51837" lon="-73.58793"><ele>69</ele></trkpt><trkpt lat="45.51852" lon="-73.58781"><ele>69</ele></trkpt><trkpt lat="45.51852" lon="-73.58781"><ele>69</ele></trkpt><trkpt lat="45.51883" lon="-73.58753"><ele>69</ele></trkpt><trkpt lat="45.51885" lon="-73.58751"><ele>69</ele></trkpt><trkpt lat="45.51889" lon="-73.58748"><ele>69</ele></trkpt><trkpt lat="45.51893" lon="-73.58744"><ele>69</ele></trkpt><trkpt lat="45.51889" lon="-73.58736"><ele>69</ele></trkpt><trkpt lat="45.51865" lon="-73.58683"><ele>68</ele></trkpt><trkpt lat="45.51861" lon="-73.58673"><ele>67</ele></trkpt><trkpt lat="45.51834" lon="-73.58615"><ele>67</ele></trkpt><trkpt lat="45.51834" lon="-73.58615"><ele>67</ele></trkpt><trkpt lat="45.51806" lon="-73.58554"><ele>67</ele></trkpt><trkpt lat="45.51793" lon="-73.58525"><ele>68</ele></trkpt><trkpt lat="45.51791" lon="-73.58522"><ele>68</ele></trkpt><trkpt lat="45.51789" lon="-73.58516"><ele>68</ele></trkpt><trkpt lat="45.51787" lon="-73.58512"><ele>68</ele></trkpt><trkpt lat="45.51706" lon="-73.58333"><ele>68</ele></trkpt><trkpt lat="45.51702" lon="-73.58324"><ele>68</ele></trkpt><trkpt lat="45.51688" lon="-73.58293"><ele>68</ele></trkpt><trkpt lat="45.51687" lon="-73.58290"><ele>68</ele></trkpt><trkpt lat="45.51685" lon="-73.58286"><ele>68</ele></trkpt><trkpt lat="45.51683" lon="-73.58281"><ele>67</ele></trkpt><trkpt lat="45.51679" lon="-73.58275"><ele>67</ele></trkpt><trkpt lat="45.51660" lon="-73.58233"><ele>67</ele></trkpt><trkpt lat="45.51602" lon="-73.58106"><ele>66</ele></trkpt><trkpt lat="45.51581" lon="-73.58059"><ele>65</ele></trkpt><trkpt lat="45.51579" lon="-73.58055"><ele>64</ele></trkpt><trkpt lat="45.51577" lon="-73.58050"><ele>64</ele></trkpt><trkpt lat="45.51574" lon="-73.58043"><ele>63</ele></trkpt><trkpt lat="45.51531" lon="-73.57948"><ele>62</ele></trkpt><trkpt lat="45.51530" lon="-73.57946"><ele>61</ele></trkpt><trkpt lat="45.51527" lon="-73.57940"><ele>61</ele></trkpt><trkpt lat="45.51526" lon="-73.57938"><ele>60</ele></trkpt><trkpt lat="45.51513" lon="-73.57909"><ele>60</ele></trkpt><trkpt lat="45.51503" lon="-73.57885"><ele>59</ele></trkpt><trkpt lat="45.51483" lon="-73.57842"><ele>58</ele></trkpt><trkpt lat="45.51480" lon="-73.57836"><ele>58</ele></trkpt><trkpt lat="45.51477" lon="-73.57829"><ele>57</ele></trkpt><trkpt lat="45.51473" lon="-73.57820"><ele>57</ele></trkpt><trkpt lat="45.51466" lon="-73.57806"><ele>56</ele></trkpt><trkpt lat="45.51459" lon="-73.57790"><ele>56</ele></trkpt><trkpt lat="45.51445" lon="-73.57760"><ele>56</ele></trkpt><trkpt lat="45.51422" lon="-73.57706"><ele>55</ele></trkpt><trkpt lat="45.51386" lon="-73.57627"><ele>54</ele></trkpt><trkpt lat="45.51385" lon="-73.57624"><ele>53</ele></trkpt><trkpt lat="45.51384" lon="-73.57621"><ele>52</ele></trkpt><trkpt lat="45.51381" lon="-73.57615"><ele>51</ele></trkpt><trkpt lat="45.51374" lon="-73.57621"><ele>51</ele></trkpt><trkpt lat="45.51372" lon="-73.57623"><ele>51</ele></trkpt><trkpt lat="45.51360" lon="-73.57634"><ele>51</ele></trkpt><trkpt lat="45.51324" lon="-73.57666"><ele>51</ele></trkpt><trkpt lat="45.51293" lon="-73.57695"><ele>52</ele></trkpt><trkpt lat="45.51287" lon="-73.57699"><ele>52</ele></trkpt><trkpt lat="45.51282" lon="-73.57704"><ele>52</ele></trkpt><trkpt lat="45.51282" lon="-73.57704"><ele>52</ele></trkpt><trkpt lat="45.51281" lon="-73.57705"><ele>52</ele></trkpt><trkpt lat="45.51214" lon="-73.57765"><ele>53</ele></trkpt><trkpt lat="45.51203" lon="-73.57775"><ele>53</ele></trkpt><trkpt lat="45.51189" lon="-73.57788"><ele>53</ele></trkpt><trkpt lat="45.51174" lon="-73.57801"><ele>53</ele></trkpt><trkpt lat="45.51168" lon="-73.57807"><ele>54</ele></trkpt><trkpt lat="45.51156" lon="-73.57819"><ele>54</ele></trkpt><trkpt lat="45.51159" lon="-73.57827"><ele>54</ele></trkpt><trkpt lat="45.51161" lon="-73.57830"><ele>54</ele></trkpt><trkpt lat="45.51163" lon="-73.57834"><ele>54</ele></trkpt><trkpt lat="45.51176" lon="-73.57863"><ele>54</ele></trkpt><trkpt lat="45.51195" lon="-73.57904"><ele>54</ele></trkpt><trkpt lat="45.51200" lon="-73.57914"><ele>54</ele></trkpt><trkpt lat="45.51202" lon="-73.57919"><ele>54</ele></trkpt><trkpt lat="45.51208" lon="-73.57931"><ele>54</ele></trkpt><trkpt lat="45.51218" lon="-73.57954"><ele>54</ele></trkpt><trkpt lat="45.51253" lon="-73.58029"><ele>56</ele></trkpt><trkpt lat="45.51340" lon="-73.58219"><ele>61</ele></trkpt><trkpt lat="45.51344" lon="-73.58227"><ele>64</ele></trkpt><trkpt lat="45.51348" lon="-73.58235"><ele>66</ele></trkpt><trkpt lat="45.51464" lon="-73.58483"><ele>69</ele></trkpt><trkpt lat="45.51466" lon="-73.58486"><ele>71</ele></trkpt><trkpt lat="45.51466" lon="-73.58486"><ele>73</ele></trkpt><trkpt lat="45.51466" lon="-73.58487"><ele>74</ele></trkpt><trkpt lat="45.51469" lon="-73.58494"><ele>74</ele></trkpt><trkpt lat="45.51483" lon="-73.58524"><ele>75</ele></trkpt><trkpt lat="45.51612" lon="-73.58803"><ele>75</ele></trkpt><trkpt lat="45.51614" lon="-73.58815"><ele>76</ele></trkpt><trkpt lat="45.51614" lon="-73.58823"><ele>76</ele></trkpt><trkpt lat="45.51613" lon="-73.58830"><ele>77</ele></trkpt><trkpt lat="45.51612" lon="-73.58835"><ele>77</ele></trkpt><trkpt lat="45.51610" lon="-73.58839"><ele>77</ele></trkpt><trkpt lat="45.51605" lon="-73.58859"><ele>78</ele></trkpt><trkpt lat="45.51590" lon="-73.58906"><ele>79</ele></trkpt><trkpt lat="45.51576" lon="-73.58954"><ele>81</ele></trkpt><trkpt lat="45.51573" lon="-73.58964"><ele>82</ele></trkpt><trkpt lat="45.51573" lon="-73.58974"><ele>83</ele></trkpt><trkpt lat="45.51570" lon="-73.58993"><ele>83</ele></trkpt><trkpt lat="45.51570" lon="-73.59006"><ele>84</ele></trkpt><trkpt lat="45.51572" lon="-73.59015"><ele>85</ele></trkpt><trkpt lat="45.51573" lon="-73.59019"><ele>85</ele></trkpt><trkpt lat="45.51579" lon="-73.59027"><ele>86</ele></trkpt><trkpt lat="45.51570" lon="-73.59031"><ele>86</ele></trkpt><trkpt lat="45.51568" lon="-73.59033"><ele>87</ele></trkpt><trkpt lat="45.51558" lon="-73.59039"><ele>87</ele></trkpt><trkpt lat="45.51523" lon="-73.59067"><ele>88</ele></trkpt><trkpt lat="45.51507" lon="-73.59069"><ele>89</ele></trkpt><trkpt lat="45.51504" lon="-73.59069"><ele>90</ele></trkpt><trkpt lat="45.51499" lon="-73.59070"><ele>91</ele></trkpt><trkpt lat="45.51494" lon="-73.59069"><ele>91</ele></trkpt><trkpt lat="45.51489" lon="-73.59069"><ele>92</ele></trkpt><trkpt lat="45.51484" lon="-73.59067"><ele>92</ele></trkpt><trkpt lat="45.51480" lon="-73.59064"><ele>92</ele></trkpt><trkpt lat="45.51473" lon="-73.59060"><ele>93</ele></trkpt><trkpt lat="45.51465" lon="-73.59052"><ele>93</ele></trkpt><trkpt lat="45.51456" lon="-73.59041"><ele>94</ele></trkpt><trkpt lat="45.51442" lon="-73.59023"><ele>94</ele></trkpt><trkpt lat="45.51397" lon="-73.58953"><ele>96</ele></trkpt><trkpt lat="45.51387" lon="-73.58939"><ele>98</ele></trkpt><trkpt lat="45.51378" lon="-73.58925"><ele>99</ele></trkpt><trkpt lat="45.51373" lon="-73.58918"><ele>100</ele></trkpt><trkpt lat="45.51368" lon="-73.58914"><ele>101</ele></trkpt><trkpt lat="45.51364" lon="-73.58911"><ele>102</ele></trkpt><trkpt lat="45.51360" lon="-73.58908"><ele>102</ele></trkpt><trkpt lat="45.51355" lon="-73.58905"><ele>103</ele></trkpt><trkpt lat="45.51351" lon="-73.58904"><ele>103</ele></trkpt><trkpt lat="45.51346" lon="-73.58903"><ele>104</ele></trkpt><trkpt lat="45.51342" lon="-73.58903"><ele>104</ele></trkpt><trkpt lat="45.51336" lon="-73.58903"><ele>105</ele></trkpt><trkpt lat="45.51331" lon="-73.58905"><ele>105</ele></trkpt><trkpt lat="45.51326" lon="-73.58907"><ele>106</ele></trkpt><trkpt lat="45.51322" lon="-73.58909"><ele>106</ele></trkpt><trkpt lat="45.51319" lon="-73.58911"><ele>107</ele></trkpt><trkpt lat="45.51316" lon="-73.58913"><ele>107</ele></trkpt><trkpt lat="45.51314" lon="-73.58915"><ele>107</ele></trkpt><trkpt lat="45.51311" lon="-73.58918"><ele>107</ele></trkpt><trkpt lat="45.51309" lon="-73.58921"><ele>108</ele></trkpt><trkpt lat="45.51305" lon="-73.58926"><ele>108</ele></trkpt><trkpt lat="45.51303" lon="-73.58931"><ele>108</ele></trkpt><trkpt lat="45.51300" lon="-73.58937"><ele>109</ele></trkpt><trkpt lat="45.51298" lon="-73.58943"><ele>109</ele></trkpt><trkpt lat="45.51296" lon="-73.58950"><ele>110</ele></trkpt><trkpt lat="45.51295" lon="-73.58954"><ele>110</ele></trkpt><trkpt lat="45.51294" lon="-73.58959"><ele>110</ele></trkpt><trkpt lat="45.51294" lon="-73.58963"><ele>111</ele></trkpt><trkpt lat="45.51293" lon="-73.58967"><ele>111</ele></trkpt><trkpt lat="45.51293" lon="-73.58971"><ele>111</ele></trkpt><trkpt lat="45.51293" lon="-73.58976"><ele>111</ele></trkpt><trkpt lat="45.51294" lon="-73.58980"><ele>112</ele></trkpt><trkpt lat="45.51294" lon="-73.58985"><ele>112</ele></trkpt><trkpt lat="45.51295" lon="-73.58989"><ele>112</ele></trkpt><trkpt lat="45.51296" lon="-73.58996"><ele>113</ele></trkpt><trkpt lat="45.51307" lon="-73.59050"><ele>114</ele></trkpt><trkpt lat="45.51313" lon="-73.59080"><ele>115</ele></trkpt><trkpt lat="45.51318" lon="-73.59113"><ele>117</ele></trkpt><trkpt lat="45.51318" lon="-73.59113"><ele>118</ele></trkpt><trkpt lat="45.51327" lon="-73.59163"><ele>120</ele></trkpt><trkpt lat="45.51336" lon="-73.59220"><ele>122</ele></trkpt><trkpt lat="45.51339" lon="-73.59237"><ele>124</ele></trkpt><trkpt lat="45.51343" lon="-73.59260"><ele>125</ele></trkpt><trkpt lat="45.51344" lon="-73.59267"><ele>127</ele></trkpt><trkpt lat="45.51344" lon="-73.59273"><ele>128</ele></trkpt><trkpt lat="45.51345" lon="-73.59279"><ele>128</ele></trkpt><trkpt lat="45.51345" lon="-73.59288"><ele>129</ele></trkpt><trkpt lat="45.51346" lon="-73.59309"><ele>130</ele></trkpt><trkpt lat="45.51346" lon="-73.59324"><ele>131</ele></trkpt><trkpt lat="45.51345" lon="-73.59339"><ele>131</ele></trkpt><trkpt lat="45.51344" lon="-73.59349"><ele>132</ele></trkpt><trkpt lat="45.51344" lon="-73.59359"><ele>133</ele></trkpt><trkpt lat="45.51342" lon="-73.59371"><ele>133</ele></trkpt><trkpt lat="45.51340" lon="-73.59385"><ele>134</ele></trkpt><trkpt lat="45.51338" lon="-73.59400"><ele>135</ele></trkpt><trkpt lat="45.51335" lon="-73.59414"><ele>135</ele></trkpt><trkpt lat="45.51333" lon="-73.59423"><ele>136</ele></trkpt><trkpt lat="45.51331" lon="-73.59432"><ele>137</ele></trkpt><trkpt lat="45.51328" lon="-73.59441"><ele>137</ele></trkpt><trkpt lat="45.51326" lon="-73.59447"><ele>138</ele></trkpt><trkpt lat="45.51323" lon="-73.59458"><ele>138</ele></trkpt><trkpt lat="45.51319" lon="-73.59469"><ele>139</ele></trkpt><trkpt lat="45.51314" lon="-73.59479"><ele>139</ele></trkpt><trkpt lat="45.51308" lon="-73.59494"><ele>140</ele></trkpt><trkpt lat="45.51303" lon="-73.59506"><ele>140</ele></trkpt><trkpt lat="45.51295" lon="-73.59524"><ele>141</ele></trkpt><trkpt lat="45.51285" lon="-73.59543"><ele>142</ele></trkpt><trkpt lat="45.51281" lon="-73.59552"><ele>143</ele></trkpt><trkpt lat="45.51273" lon="-73.59569"><ele>144</ele></trkpt><trkpt lat="45.51272" lon="-73.59571"><ele>145</ele></trkpt><trkpt lat="45.51263" lon="-73.59591"><ele>146</ele></trkpt><trkpt lat="45.51255" lon="-73.59608"><ele>147</ele></trkpt><trkpt lat="45.51244" lon="-73.59631"><ele>148</ele></trkpt><trkpt lat="45.51239" lon="-73.59640"><ele>150</ele></trkpt><trkpt lat="45.51235" lon="-73.59647"><ele>151</ele></trkpt><trkpt lat="45.51230" lon="-73.59654"><ele>151</ele></trkpt><trkpt lat="45.51223" lon="-73.59660"><ele>152</ele></trkpt><trkpt lat="45.51214" lon="-73.59665"><ele>153</ele></trkpt><trkpt lat="45.51211" lon="-73.59666"><ele>154</ele></trkpt><trkpt lat="45.51205" lon="-73.59667"><ele>155</ele></trkpt><trkpt lat="45.51202" lon="-73.59667"><ele>155</ele></trkpt><trkpt lat="45.51196" lon="-73.59667"><ele>156</ele></trkpt><trkpt lat="45.51190" lon="-73.59665"><ele>156</ele></trkpt><trkpt lat="45.51184" lon="-73.59663"><ele>157</ele></trkpt><trkpt lat="45.51179" lon="-73.59661"><ele>157</ele></trkpt><trkpt lat="45.51174" lon="-73.59656"><ele>158</ele></trkpt><trkpt lat="45.51166" lon="-73.59647"><ele>159</ele></trkpt><trkpt lat="45.51162" lon="-73.59641"><ele>159</ele></trkpt><trkpt lat="45.51158" lon="-73.59634"><ele>160</ele></trkpt><trkpt lat="45.51155" lon="-73.59626"><ele>161</ele></trkpt><trkpt lat="45.51147" lon="-73.59609"><ele>162</ele></trkpt><trkpt lat="45.51141" lon="-73.59591"><ele>163</ele></trkpt><trkpt lat="45.51134" lon="-73.59574"><ele>163</ele></trkpt><trkpt lat="45.51130" lon="-73.59560"><ele>164</ele></trkpt><trkpt lat="45.51127" lon="-73.59551"><ele>165</ele></trkpt><trkpt lat="45.51124" lon="-73.59541"><ele>165</ele></trkpt><trkpt lat="45.51121" lon="-73.59531"><ele>166</ele></trkpt><trkpt lat="45.51119" lon="-73.59521"><ele>166</ele></trkpt><trkpt lat="45.51117" lon="-73.59511"><ele>167</ele></trkpt><trkpt lat="45.51115" lon="-73.59501"><ele>167</ele></trkpt><trkpt lat="45.51114" lon="-73.59492"><ele>168</ele></trkpt><trkpt lat="45.51113" lon="-73.59479"><ele>168</ele></trkpt><trkpt lat="45.51112" lon="-73.59468"><ele>169</ele></trkpt><trkpt lat="45.51110" lon="-73.59451"><ele>169</ele></trkpt><trkpt lat="45.51107" lon="-73.59433"><ele>170</ele></trkpt><trkpt lat="45.51105" lon="-73.59419"><ele>170</ele></trkpt><trkpt lat="45.51102" lon="-73.59407"><ele>171</ele></trkpt><trkpt lat="45.51098" lon="-73.59397"><ele>171</ele></trkpt><trkpt lat="45.51095" lon="-73.59388"><ele>172</ele></trkpt><trkpt lat="45.51079" lon="-73.59358"><ele>173</ele></trkpt><trkpt lat="45.51077" lon="-73.59352"><ele>174</ele></trkpt><trkpt lat="45.51071" lon="-73.59339"><ele>175</ele></trkpt><trkpt lat="45.51063" lon="-73.59325"><ele>176</ele></trkpt><trkpt lat="45.51053" lon="-73.59306"><ele>178</ele></trkpt><trkpt lat="45.51050" lon="-73.59303"><ele>179</ele></trkpt><trkpt lat="45.51018" lon="-73.59242"><ele>183</ele></trkpt><trkpt lat="45.51003" lon="-73.59212"><ele>187</ele></trkpt><trkpt lat="45.50992" lon="-73.59188"><ele>191</ele></trkpt><trkpt lat="45.50986" lon="-73.59175"><ele>194</ele></trkpt><trkpt lat="45.50982" lon="-73.59167"><ele>196</ele></trkpt><trkpt lat="45.50973" lon="-73.59150"><ele>199</ele></trkpt><trkpt lat="45.50969" lon="-73.59142"><ele>200</ele></trkpt><trkpt lat="45.50964" lon="-73.59136"><ele>202</ele></trkpt><trkpt lat="45.50961" lon="-73.59131"><ele>203</ele></trkpt><trkpt lat="45.50956" lon="-73.59126"><ele>203</ele></trkpt><trkpt lat="45.50951" lon="-73.59122"><ele>204</ele></trkpt><trkpt lat="45.50946" lon="-73.59118"><ele>204</ele></trkpt><trkpt lat="45.50939" lon="-73.59114"><ele>205</ele></trkpt><trkpt lat="45.50932" lon="-73.59112"><ele>205</ele></trkpt><trkpt lat="45.50923" lon="-73.59110"><ele>205</ele></trkpt><trkpt lat="45.50915" lon="-73.59108"><ele>206</ele></trkpt><trkpt lat="45.50905" lon="-73.59107"><ele>206</ele></trkpt><trkpt lat="45.50894" lon="-73.59106"><ele>207</ele></trkpt><trkpt lat="45.50887" lon="-73.59105"><ele>207</ele></trkpt><trkpt lat="45.50879" lon="-73.59105"><ele>208</ele></trkpt><trkpt lat="45.50871" lon="-73.59105"><ele>208</ele></trkpt><trkpt lat="45.50863" lon="-73.59106"><ele>208</ele></trkpt><trkpt lat="45.50852" lon="-73.59107"><ele>209</ele></trkpt><trkpt lat="45.50840" lon="-73.59110"><ele>209</ele></trkpt><trkpt lat="45.50826" lon="-73.59116"><ele>210</ele></trkpt><trkpt lat="45.50821" lon="-73.59118"><ele>210</ele></trkpt><trkpt lat="45.50820" lon="-73.59118"><ele>211</ele></trkpt><trkpt lat="45.50813" lon="-73.59121"><ele>211</ele></trkpt><trkpt lat="45.50806" lon="-73.59125"><ele>211</ele></trkpt><trkpt lat="45.50795" lon="-73.59131"><ele>212</ele></trkpt><trkpt lat="45.50781" lon="-73.59142"><ele>212</ele></trkpt><trkpt lat="45.50773" lon="-73.59148"><ele>212</ele></trkpt><trkpt lat="45.50750" lon="-73.59168"><ele>211</ele></trkpt><trkpt lat="45.50746" lon="-73.59172"><ele>211</ele></trkpt><trkpt lat="45.50636" lon="-73.59274"><ele>208</ele></trkpt><trkpt lat="45.50625" lon="-73.59284"><ele>206</ele></trkpt><trkpt lat="45.50618" lon="-73.59291"><ele>205</ele></trkpt><trkpt lat="45.50605" lon="-73.59301"><ele>204</ele></trkpt><trkpt lat="45.50597" lon="-73.59306"><ele>203</ele></trkpt><trkpt lat="45.50588" lon="-73.59311"><ele>202</ele></trkpt><trkpt lat="45.50577" lon="-73.59318"><ele>201</ele></trkpt><trkpt lat="45.50570" lon="-73.59322"><ele>201</ele></trkpt><trkpt lat="45.50564" lon="-73.59326"><ele>200</ele></trkpt><trkpt lat="45.50558" lon="-73.59329"><ele>200</ele></trkpt><trkpt lat="45.50547" lon="-73.59333"><ele>199</ele></trkpt><trkpt lat="45.50539" lon="-73.59336"><ele>199</ele></trkpt><trkpt lat="45.50533" lon="-73.59338"><ele>198</ele></trkpt><trkpt lat="45.50524" lon="-73.59341"><ele>198</ele></trkpt><trkpt lat="45.50517" lon="-73.59343"><ele>197</ele></trkpt><trkpt lat="45.50505" lon="-73.59346"><ele>197</ele></trkpt><trkpt lat="45.50494" lon="-73.59348"><ele>196</ele></trkpt><trkpt lat="45.50482" lon="-73.59349"><ele>196</ele></trkpt><trkpt lat="45.50471" lon="-73.59350"><ele>195</ele></trkpt><trkpt lat="45.50448" lon="-73.59351"><ele>194</ele></trkpt><trkpt lat="45.50438" lon="-73.59352"><ele>193</ele></trkpt><trkpt lat="45.50430" lon="-73.59353"><ele>193</ele></trkpt><trkpt lat="45.50423" lon="-73.59355"><ele>192</ele></trkpt><trkpt lat="45.50415" lon="-73.59357"><ele>192</ele></trkpt><trkpt lat="45.50401" lon="-73.59362"><ele>191</ele></trkpt><trkpt lat="45.50400" lon="-73.59363"><ele>191</ele></trkpt><trkpt lat="45.50394" lon="-73.59365"><ele>190</ele></trkpt><trkpt lat="45.50386" lon="-73.59369"><ele>190</ele></trkpt><trkpt lat="45.50382" lon="-73.59371"><ele>190</ele></trkpt><trkpt lat="45.50378" lon="-73.59373"><ele>189</ele></trkpt><trkpt lat="45.50375" lon="-73.59374"><ele>189</ele></trkpt><trkpt lat="45.50370" lon="-73.59378"><ele>189</ele></trkpt><trkpt lat="45.50363" lon="-73.59386"><ele>189</ele></trkpt><trkpt lat="45.50359" lon="-73.59389"><ele>188</ele></trkpt><trkpt lat="45.50353" lon="-73.59393"><ele>188</ele></trkpt><trkpt lat="45.50344" lon="-73.59401"><ele>188</ele></trkpt><trkpt lat="45.50335" lon="-73.59409"><ele>187</ele></trkpt><trkpt lat="45.50329" lon="-73.59415"><ele>187</ele></trkpt><trkpt lat="45.50324" lon="-73.59419"><ele>186</ele></trkpt><trkpt lat="45.50321" lon="-73.59424"><ele>186</ele></trkpt><trkpt lat="45.50313" lon="-73.59434"><ele>186</ele></trkpt><trkpt lat="45.50296" lon="-73.59454"><ele>185</ele></trkpt><trkpt lat="45.50281" lon="-73.59479"><ele>184</ele></trkpt><trkpt lat="45.50269" lon="-73.59503"><ele>183</ele></trkpt><trkpt lat="45.50261" lon="-73.59525"><ele>183</ele></trkpt><trkpt lat="45.50256" lon="-73.59535"><ele>183</ele></trkpt><trkpt lat="45.50252" lon="-73.59549"><ele>182</ele></trkpt><trkpt lat="45.50246" lon="-73.59570"><ele>182</ele></trkpt><trkpt lat="45.50234" lon="-73.59609"><ele>182</ele></trkpt><trkpt lat="45.50232" lon="-73.59615"><ele>181</ele></trkpt><trkpt lat="45.50231" lon="-73.59617"><ele>181</ele></trkpt><trkpt lat="45.50226" lon="-73.59632"><ele>181</ele></trkpt><trkpt lat="45.50221" lon="-73.59647"><ele>181</ele></trkpt><trkpt lat="45.50203" lon="-73.59695"><ele>181</ele></trkpt><trkpt lat="45.50187" lon="-73.59730"><ele>180</ele></trkpt><trkpt lat="45.50164" lon="-73.59775"><ele>179</ele></trkpt><trkpt lat="45.50159" lon="-73.59784"><ele>179</ele></trkpt><trkpt lat="45.50159" lon="-73.59784"><ele>178</ele></trkpt><trkpt lat="45.50155" lon="-73.59791"><ele>178</ele></trkpt><trkpt lat="45.50145" lon="-73.59808"><ele>177</ele></trkpt><trkpt lat="45.50140" lon="-73.59815"><ele>177</ele></trkpt><trkpt lat="45.50126" lon="-73.59837"><ele>176</ele></trkpt><trkpt lat="45.50106" lon="-73.59865"><ele>175</ele></trkpt><trkpt lat="45.50048" lon="-73.59937"><ele>173</ele></trkpt><trkpt lat="45.50034" lon="-73.59954"><ele>172</ele></trkpt><trkpt lat="45.50020" lon="-73.59971"><ele>171</ele></trkpt><trkpt lat="45.49956" lon="-73.60044"><ele>169</ele></trkpt><trkpt lat="45.49952" lon="-73.60048"><ele>167</ele></trkpt><trkpt lat="45.49927" lon="-73.60078"><ele>166</ele></trkpt><trkpt lat="45.49880" lon="-73.60128"><ele>165</ele></trkpt><trkpt lat="45.49853" lon="-73.60159"><ele>163</ele></trkpt><trkpt lat="45.49848" lon="-73.60165"><ele>162</ele></trkpt><trkpt lat="45.49837" lon="-73.60177"><ele>161</ele></trkpt><trkpt lat="45.49781" lon="-73.60238"><ele>158</ele></trkpt><trkpt lat="45.49563" lon="-73.60460"><ele>152</ele></trkpt><trkpt lat="45.49541" lon="-73.60483"><ele>147</ele></trkpt><trkpt lat="45.49535" lon="-73.60489"><ele>143</ele></trkpt><trkpt lat="45.49528" lon="-73.60495"><ele>141</ele></trkpt><trkpt lat="45.49522" lon="-73.60501"><ele>139</ele></trkpt><trkpt lat="45.49520" lon="-73.60504"><ele>138</ele></trkpt><trkpt lat="45.49516" lon="-73.60507"><ele>137</ele></trkpt><trkpt lat="45.49510" lon="-73.60513"><ele>136</ele></trkpt><trkpt lat="45.49512" lon="-73.60524"><ele>136</ele></trkpt><trkpt lat="45.49517" lon="-73.60551"><ele>135</ele></trkpt><trkpt lat="45.49520" lon="-73.60566"><ele>134</ele></trkpt><trkpt lat="45.49525" lon="-73.60586"><ele>134</ele></trkpt><trkpt lat="45.49529" lon="-73.60605"><ele>134</ele></trkpt><trkpt lat="45.49532" lon="-73.60618"><ele>133</ele></trkpt><trkpt lat="45.49534" lon="-73.60628"><ele>133</ele></trkpt><trkpt lat="45.49536" lon="-73.60635"><ele>133</ele></trkpt><trkpt lat="45.49540" lon="-73.60653"><ele>133</ele></trkpt><trkpt lat="45.49542" lon="-73.60658"><ele>133</ele></trkpt><trkpt lat="45.49547" lon="-73.60677"><ele>133</ele></trkpt><trkpt lat="45.49550" lon="-73.60688"><ele>133</ele></trkpt><trkpt lat="45.49556" lon="-73.60713"><ele>133</ele></trkpt><trkpt lat="45.49557" lon="-73.60716"><ele>134</ele></trkpt><trkpt lat="45.49560" lon="-73.60728"><ele>134</ele></trkpt><trkpt lat="45.49571" lon="-73.60764"><ele>134</ele></trkpt><trkpt lat="45.49576" lon="-73.60785"><ele>135</ele></trkpt><trkpt lat="45.49582" lon="-73.60805"><ele>135</ele></trkpt><trkpt lat="45.49586" lon="-73.60819"><ele>136</ele></trkpt><trkpt lat="45.49588" lon="-73.60827"><ele>136</ele></trkpt><trkpt lat="45.49590" lon="-73.60834"><ele>136</ele></trkpt><trkpt lat="45.49594" lon="-73.60848"><ele>136</ele></trkpt><trkpt lat="45.49596" lon="-73.60857"><ele>136</ele></trkpt><trkpt lat="45.49596" lon="-73.60860"><ele>136</ele></trkpt><trkpt lat="45.49597" lon="-73.60864"><ele>136</ele></trkpt><trkpt lat="45.49598" lon="-73.60868"><ele>136</ele></trkpt><trkpt lat="45.49598" lon="-73.60872"><ele>136</ele></trkpt><trkpt lat="45.49599" lon="-73.60880"><ele>135</ele></trkpt><trkpt lat="45.49600" lon="-73.60888"><ele>135</ele></trkpt><trkpt lat="45.49600" lon="-73.60895"><ele>135</ele></trkpt><trkpt lat="45.49600" lon="-73.60903"><ele>135</ele></trkpt><trkpt lat="45.49600" lon="-73.60910"><ele>135</ele></trkpt><trkpt lat="45.49600" lon="-73.60919"><ele>135</ele></trkpt><trkpt lat="45.49599" lon="-73.60928"><ele>135</ele></trkpt><trkpt lat="45.49599" lon="-73.60937"><ele>135</ele></trkpt><trkpt lat="45.49599" lon="-73.60941"><ele>135</ele></trkpt><trkpt lat="45.49599" lon="-73.60941"><ele>135</ele></trkpt><trkpt lat="45.49598" lon="-73.60944"><ele>134</ele></trkpt><trkpt lat="45.49598" lon="-73.60950"><ele>134</ele></trkpt><trkpt lat="45.49598" lon="-73.60957"><ele>134</ele></trkpt><trkpt lat="45.49597" lon="-73.60963"><ele>134</ele></trkpt><trkpt lat="45.49596" lon="-73.60970"><ele>134</ele></trkpt><trkpt lat="45.49595" lon="-73.60979"><ele>134</ele></trkpt><trkpt lat="45.49595" lon="-73.60985"><ele>134</ele></trkpt><trkpt lat="45.49594" lon="-73.60992"><ele>133</ele></trkpt><trkpt lat="45.49593" lon="-73.61000"><ele>133</ele></trkpt><trkpt lat="45.49591" lon="-73.61009"><ele>133</ele></trkpt><trkpt lat="45.49590" lon="-73.61020"><ele>133</ele></trkpt><trkpt lat="45.49589" lon="-73.61024"><ele>132</ele></trkpt><trkpt lat="45.49587" lon="-73.61036"><ele>132</ele></trkpt><trkpt lat="45.49585" lon="-73.61045"><ele>132</ele></trkpt><trkpt lat="45.49579" lon="-73.61079"><ele>131</ele></trkpt><trkpt lat="45.49573" lon="-73.61115"><ele>131</ele></trkpt><trkpt lat="45.49563" lon="-73.61171"><ele>130</ele></trkpt><trkpt lat="45.49558" lon="-73.61198"><ele>130</ele></trkpt><trkpt lat="45.49556" lon="-73.61209"><ele>129</ele></trkpt><trkpt lat="45.49555" lon="-73.61216"><ele>129</ele></trkpt><trkpt lat="45.49554" lon="-73.61225"><ele>128</ele></trkpt><trkpt lat="45.49552" lon="-73.61234"><ele>128</ele></trkpt><trkpt lat="45.49551" lon="-73.61241"><ele>127</ele></trkpt><trkpt lat="45.49550" lon="-73.61250"><ele>127</ele></trkpt><trkpt lat="45.49549" lon="-73.61258"><ele>126</ele></trkpt><trkpt lat="45.49549" lon="-73.61267"><ele>126</ele></trkpt><trkpt lat="45.49548" lon="-73.61276"><ele>126</ele></trkpt><trkpt lat="45.49548" lon="-73.61285"><ele>125</ele></trkpt><trkpt lat="45.49547" lon="-73.61294"><ele>125</ele></trkpt><trkpt lat="45.49546" lon="-73.61351"><ele>124</ele></trkpt><trkpt lat="45.49545" lon="-73.61388"><ele>123</ele></trkpt><trkpt lat="45.49545" lon="-73.61401"><ele>123</ele></trkpt><trkpt lat="45.49545" lon="-73.61414"><ele>122</ele></trkpt><trkpt lat="45.49545" lon="-73.61427"><ele>122</ele></trkpt><trkpt lat="45.49545" lon="-73.61456"><ele>122</ele></trkpt><trkpt lat="45.49546" lon="-73.61495"><ele>122</ele></trkpt><trkpt lat="45.49546" lon="-73.61508"><ele>121</ele></trkpt><trkpt lat="45.49546" lon="-73.61552"><ele>121</ele></trkpt><trkpt lat="45.49546" lon="-73.61559"><ele>121</ele></trkpt><trkpt lat="45.49546" lon="-73.61566"><ele>121</ele></trkpt><trkpt lat="45.49546" lon="-73.61572"><ele>120</ele></trkpt><trkpt lat="45.49546" lon="-73.61580"><ele>120</ele></trkpt><trkpt lat="45.49545" lon="-73.61593"><ele>120</ele></trkpt><trkpt lat="45.49544" lon="-73.61603"><ele>120</ele></trkpt><trkpt lat="45.49542" lon="-73.61613"><ele>120</ele></trkpt><trkpt lat="45.49541" lon="-73.61623"><ele>120</ele></trkpt><trkpt lat="45.49540" lon="-73.61633"><ele>119</ele></trkpt><trkpt lat="45.49539" lon="-73.61641"><ele>119</ele></trkpt><trkpt lat="45.49537" lon="-73.61649"><ele>119</ele></trkpt><trkpt lat="45.49535" lon="-73.61658"><ele>119</ele></trkpt><trkpt lat="45.49531" lon="-73.61680"><ele>119</ele></trkpt><trkpt lat="45.49527" lon="-73.61695"><ele>119</ele></trkpt><trkpt lat="45.49519" lon="-73.61734"><ele>118</ele></trkpt><trkpt lat="45.49518" lon="-73.61741"><ele>118</ele></trkpt><trkpt lat="45.49521" lon="-73.61748"><ele>118</ele></trkpt><trkpt lat="45.49524" lon="-73.61753"><ele>117</ele></trkpt><trkpt lat="45.49528" lon="-73.61763"><ele>117</ele></trkpt><trkpt lat="45.49530" lon="-73.61767"><ele>117</ele></trkpt><trkpt lat="45.49541" lon="-73.61792"><ele>117</ele></trkpt><trkpt lat="45.49544" lon="-73.61800"><ele>116</ele></trkpt><trkpt lat="45.49548" lon="-73.61808"><ele>116</ele></trkpt><trkpt lat="45.49558" lon="-73.61829"><ele>116</ele></trkpt><trkpt lat="45.49559" lon="-73.61832"><ele>116</ele></trkpt><trkpt lat="45.49563" lon="-73.61840"><ele>115</ele></trkpt><trkpt lat="45.49568" lon="-73.61853"><ele>115</ele></trkpt><trkpt lat="45.49572" lon="-73.61863"><ele>115</ele></trkpt><trkpt lat="45.49591" lon="-73.61905"><ele>114</ele></trkpt><trkpt lat="45.49593" lon="-73.61910"><ele>114</ele></trkpt><trkpt lat="45.49593" lon="-73.61910"><ele>113</ele></trkpt><trkpt lat="45.49608" lon="-73.61942"><ele>113</ele></trkpt><trkpt lat="45.49612" lon="-73.61950"><ele>113</ele></trkpt><trkpt lat="45.49615" lon="-73.61956"><ele>112</ele></trkpt><trkpt lat="45.49677" lon="-73.62095"><ele>111</ele></trkpt><trkpt lat="45.49679" lon="-73.62098"><ele>110</ele></trkpt><trkpt lat="45.49683" lon="-73.62108"><ele>110</ele></trkpt><trkpt lat="45.49687" lon="-73.62117"><ele>109</ele></trkpt><trkpt lat="45.49713" lon="-73.62175"><ele>110</ele></trkpt><trkpt lat="45.49719" lon="-73.62187"><ele>110</ele></trkpt><trkpt lat="45.49721" lon="-73.62193"><ele>110</ele></trkpt><trkpt lat="45.49726" lon="-73.62189"><ele>111</ele></trkpt><trkpt lat="45.49746" lon="-73.62170"><ele>111</ele></trkpt><trkpt lat="45.49750" lon="-73.62166"><ele>111</ele></trkpt><trkpt lat="45.49753" lon="-73.62163"><ele>111</ele></trkpt><trkpt lat="45.49764" lon="-73.62155"><ele>111</ele></trkpt><trkpt lat="45.49788" lon="-73.62133"><ele>112</ele></trkpt><trkpt lat="45.49788" lon="-73.62133"><ele>112</ele></trkpt><trkpt lat="45.49831" lon="-73.62093"><ele>113</ele></trkpt><trkpt lat="45.49837" lon="-73.62088"><ele>113</ele></trkpt><trkpt lat="45.49830" lon="-73.62075"><ele>113</ele></trkpt><trkpt lat="45.49815" lon="-73.62049"><ele>113</ele></trkpt><trkpt lat="45.49815" lon="-73.62049"><ele>113</ele></trkpt><trkpt lat="45.49795" lon="-73.62014"><ele>113</ele></trkpt><trkpt lat="45.49786" lon="-73.61997"><ele>113</ele></trkpt><trkpt lat="45.49784" lon="-73.61995"><ele>114</ele></trkpt><trkpt lat="45.49780" lon="-73.61986"><ele>114</ele></trkpt><trkpt lat="45.49777" lon="-73.61979"><ele>114</ele></trkpt><trkpt lat="45.49775" lon="-73.61975"><ele>114</ele></trkpt><trkpt lat="45.49753" lon="-73.61933"><ele>114</ele></trkpt><trkpt lat="45.49718" lon="-73.61862"><ele>115</ele></trkpt><trkpt lat="45.49717" lon="-73.61859"><ele>115</ele></trkpt><trkpt lat="45.49713" lon="-73.61852"><ele>115</ele></trkpt><trkpt lat="45.49710" lon="-73.61845"><ele>116</ele></trkpt><trkpt lat="45.49708" lon="-73.61842"><ele>116</ele></trkpt><trkpt lat="45.49693" lon="-73.61811"><ele>116</ele></trkpt><trkpt lat="45.49677" lon="-73.61779"><ele>116</ele></trkpt><trkpt lat="45.49676" lon="-73.61776"><ele>116</ele></trkpt><trkpt lat="45.49669" lon="-73.61763"><ele>116</ele></trkpt><trkpt lat="45.49669" lon="-73.61763"><ele>116</ele></trkpt><trkpt lat="45.49669" lon="-73.61763"><ele>116</ele></trkpt><trkpt lat="45.49669" lon="-73.61763"><ele>116</ele></trkpt><trkpt lat="45.49679" lon="-73.61760"><ele>116</ele></trkpt><trkpt lat="45.49681" lon="-73.61759"><ele>116</ele></trkpt><trkpt lat="45.49710" lon="-73.61748"><ele>116</ele></trkpt><trkpt lat="45.49718" lon="-73.61745"><ele>117</ele></trkpt><trkpt lat="45.49718" lon="-73.61745"><ele>117</ele></trkpt><trkpt lat="45.49722" lon="-73.61743"><ele>117</ele></trkpt><trkpt lat="45.49731" lon="-73.61739"><ele>117</ele></trkpt><trkpt lat="45.49740" lon="-73.61734"><ele>117</ele></trkpt><trkpt lat="45.49755" lon="-73.61724"><ele>118</ele></trkpt><trkpt lat="45.49765" lon="-73.61716"><ele>118</ele></trkpt><trkpt lat="45.49776" lon="-73.61705"><ele>118</ele></trkpt><trkpt lat="45.49786" lon="-73.61695"><ele>119</ele></trkpt><trkpt lat="45.49802" lon="-73.61677"><ele>120</ele></trkpt><trkpt lat="45.49814" lon="-73.61663"><ele>121</ele></trkpt><trkpt lat="45.49827" lon="-73.61647"><ele>123</ele></trkpt><trkpt lat="45.49834" lon="-73.61640"><ele>124</ele></trkpt><trkpt lat="45.49839" lon="-73.61636"><ele>125</ele></trkpt><trkpt lat="45.49847" lon="-73.61631"><ele>126</ele></trkpt><trkpt lat="45.49855" lon="-73.61628"><ele>127</ele></trkpt><trkpt lat="45.49864" lon="-73.61626"><ele>127</ele></trkpt><trkpt lat="45.49875" lon="-73.61626"><ele>128</ele></trkpt><trkpt lat="45.49892" lon="-73.61630"><ele>130</ele></trkpt><trkpt lat="45.49903" lon="-73.61636"><ele>131</ele></trkpt><trkpt lat="45.49907" lon="-73.61624"><ele>132</ele></trkpt><trkpt lat="45.49912" lon="-73.61612"><ele>133</ele></trkpt><trkpt lat="45.49923" lon="-73.61589"><ele>134</ele></trkpt><trkpt lat="45.49928" lon="-73.61579"><ele>135</ele></trkpt><trkpt lat="45.49934" lon="-73.61562"><ele>136</ele></trkpt><trkpt lat="45.49938" lon="-73.61552"><ele>137</ele></trkpt><trkpt lat="45.49943" lon="-73.61541"><ele>138</ele></trkpt><trkpt lat="45.49949" lon="-73.61532"><ele>138</ele></trkpt><trkpt lat="45.49953" lon="-73.61526"><ele>139</ele></trkpt><trkpt lat="45.49962" lon="-73.61516"><ele>139</ele></trkpt><trkpt lat="45.49972" lon="-73.61507"><ele>140</ele></trkpt><trkpt lat="45.49993" lon="-73.61488"><ele>141</ele></trkpt><trkpt lat="45.50005" lon="-73.61477"><ele>142</ele></trkpt><trkpt lat="45.50020" lon="-73.61464"><ele>143</ele></trkpt><trkpt lat="45.50025" lon="-73.61460"><ele>144</ele></trkpt><trkpt lat="45.50085" lon="-73.61412"><ele>147</ele></trkpt><trkpt lat="45.50109" lon="-73.61393"><ele>148</ele></trkpt><trkpt lat="45.50119" lon="-73.61384"><ele>149</ele></trkpt><trkpt lat="45.50121" lon="-73.61382"><ele>150</ele></trkpt><trkpt lat="45.50244" lon="-73.61272"><ele>152</ele></trkpt><trkpt lat="45.50251" lon="-73.61267"><ele>152</ele></trkpt><trkpt lat="45.50253" lon="-73.61272"><ele>153</ele></trkpt><trkpt lat="45.50254" lon="-73.61276"><ele>153</ele></trkpt><trkpt lat="45.50263" lon="-73.61303"><ele>154</ele></trkpt><trkpt lat="45.50263" lon="-73.61303"><ele>154</ele></trkpt><trkpt lat="45.50270" lon="-73.61323"><ele>154</ele></trkpt><trkpt lat="45.50275" lon="-73.61329"><ele>154</ele></trkpt><trkpt lat="45.50286" lon="-73.61357"><ele>154</ele></trkpt><trkpt lat="45.50294" lon="-73.61372"><ele>154</ele></trkpt><trkpt lat="45.50301" lon="-73.61380"><ele>154</ele></trkpt><trkpt lat="45.50308" lon="-73.61386"><ele>154</ele></trkpt><trkpt lat="45.50324" lon="-73.61396"><ele>154</ele></trkpt><trkpt lat="45.50350" lon="-73.61405"><ele>154</ele></trkpt><trkpt lat="45.50369" lon="-73.61411"><ele>154</ele></trkpt><trkpt lat="45.50378" lon="-73.61415"><ele>154</ele></trkpt><trkpt lat="45.50388" lon="-73.61421"><ele>154</ele></trkpt><trkpt lat="45.50400" lon="-73.61430"><ele>153</ele></trkpt><trkpt lat="45.50411" lon="-73.61442"><ele>151</ele></trkpt><trkpt lat="45.50417" lon="-73.61451"><ele>149</ele></trkpt><trkpt lat="45.50424" lon="-73.61462"><ele>148</ele></trkpt><trkpt lat="45.50432" lon="-73.61477"><ele>146</ele></trkpt><trkpt lat="45.50439" lon="-73.61493"><ele>144</ele></trkpt><trkpt lat="45.50460" lon="-73.61537"><ele>141</ele></trkpt><trkpt lat="45.50464" lon="-73.61545"><ele>139</ele></trkpt><trkpt lat="45.50469" lon="-73.61557"><ele>138</ele></trkpt><trkpt lat="45.50471" lon="-73.61563"><ele>136</ele></trkpt><trkpt lat="45.50472" lon="-73.61569"><ele>135</ele></trkpt><trkpt lat="45.50472" lon="-73.61574"><ele>134</ele></trkpt><trkpt lat="45.50473" lon="-73.61579"><ele>133</ele></trkpt><trkpt lat="45.50472" lon="-73.61585"><ele>133</ele></trkpt><trkpt lat="45.50471" lon="-73.61593"><ele>132</ele></trkpt><trkpt lat="45.50469" lon="-73.61601"><ele>131</ele></trkpt><trkpt lat="45.50467" lon="-73.61606"><ele>131</ele></trkpt><trkpt lat="45.50463" lon="-73.61612"><ele>130</ele></trkpt><trkpt lat="45.50460" lon="-73.61616"><ele>129</ele></trkpt><trkpt lat="45.50448" lon="-73.61627"><ele>129</ele></trkpt><trkpt lat="45.50414" lon="-73.61655"><ele>127</ele></trkpt><trkpt lat="45.50385" lon="-73.61679"><ele>124</ele></trkpt><trkpt lat="45.50375" lon="-73.61687"><ele>122</ele></trkpt><trkpt lat="45.50359" lon="-73.61701"><ele>120</ele></trkpt><trkpt lat="45.50350" lon="-73.61709"><ele>119</ele></trkpt><trkpt lat="45.50343" lon="-73.61718"><ele>117</ele></trkpt><trkpt lat="45.50339" lon="-73.61725"><ele>116</ele></trkpt><trkpt lat="45.50335" lon="-73.61733"><ele>115</ele></trkpt><trkpt lat="45.50330" lon="-73.61749"><ele>114</ele></trkpt><trkpt lat="45.50327" lon="-73.61759"><ele>113</ele></trkpt><trkpt lat="45.50320" lon="-73.61782"><ele>112</ele></trkpt><trkpt lat="45.50315" lon="-73.61804"><ele>111</ele></trkpt><trkpt lat="45.50314" lon="-73.61808"><ele>110</ele></trkpt><trkpt lat="45.50311" lon="-73.61818"><ele>110</ele></trkpt><trkpt lat="45.50311" lon="-73.61824"><ele>110</ele></trkpt><trkpt lat="45.50311" lon="-73.61829"><ele>109</ele></trkpt><trkpt lat="45.50312" lon="-73.61833"><ele>109</ele></trkpt><trkpt lat="45.50312" lon="-73.61839"><ele>109</ele></trkpt><trkpt lat="45.50314" lon="-73.61845"><ele>109</ele></trkpt><trkpt lat="45.50320" lon="-73.61860"><ele>109</ele></trkpt><trkpt lat="45.50324" lon="-73.61869"><ele>109</ele></trkpt><trkpt lat="45.50325" lon="-73.61874"><ele>109</ele></trkpt><trkpt lat="45.50326" lon="-73.61887"><ele>109</ele></trkpt><trkpt lat="45.50334" lon="-73.61880"><ele>109</ele></trkpt><trkpt lat="45.50336" lon="-73.61878"><ele>109</ele></trkpt><trkpt lat="45.50418" lon="-73.61802"><ele>109</ele></trkpt><trkpt lat="45.50425" lon="-73.61795"><ele>109</ele></trkpt><trkpt lat="45.50444" lon="-73.61778"><ele>109</ele></trkpt><trkpt lat="45.50491" lon="-73.61736"><ele>109</ele></trkpt><trkpt lat="45.50491" lon="-73.61736"><ele>109</ele></trkpt><trkpt lat="45.50527" lon="-73.61704"><ele>109</ele></trkpt><trkpt lat="45.50614" lon="-73.61626"><ele>110</ele></trkpt><trkpt lat="45.50659" lon="-73.61585"><ele>110</ele></trkpt><trkpt lat="45.50696" lon="-73.61551"><ele>110</ele></trkpt><trkpt lat="45.50718" lon="-73.61531"><ele>110</ele></trkpt><trkpt lat="45.50723" lon="-73.61527"><ele>110</ele></trkpt><trkpt lat="45.50728" lon="-73.61523"><ele>110</ele></trkpt><trkpt lat="45.50732" lon="-73.61519"><ele>110</ele></trkpt><trkpt lat="45.50738" lon="-73.61513"><ele>110</ele></trkpt><trkpt lat="45.50765" lon="-73.61489"><ele>110</ele></trkpt><trkpt lat="45.50809" lon="-73.61450"><ele>110</ele></trkpt><trkpt lat="45.50906" lon="-73.61362"><ele>111</ele></trkpt><trkpt lat="45.50935" lon="-73.61336"><ele>112</ele></trkpt><trkpt lat="45.50942" lon="-73.61329"><ele>113</ele></trkpt><trkpt lat="45.50960" lon="-73.61313"><ele>114</ele></trkpt><trkpt lat="45.50973" lon="-73.61293"><ele>115</ele></trkpt><trkpt lat="45.50979" lon="-73.61285"><ele>115</ele></trkpt><trkpt lat="45.50983" lon="-73.61278"><ele>116</ele></trkpt><trkpt lat="45.50988" lon="-73.61265"><ele>116</ele></trkpt><trkpt lat="45.50994" lon="-73.61250"><ele>115</ele></trkpt><trkpt lat="45.51000" lon="-73.61238"><ele>115</ele></trkpt><trkpt lat="45.51004" lon="-73.61232"><ele>115</ele></trkpt><trkpt lat="45.51010" lon="-73.61225"><ele>115</ele></trkpt><trkpt lat="45.51013" lon="-73.61223"><ele>114</ele></trkpt><trkpt lat="45.51019" lon="-73.61222"><ele>114</ele></trkpt><trkpt lat="45.51026" lon="-73.61237"><ele>114</ele></trkpt><trkpt lat="45.51037" lon="-73.61260"><ele>113</ele></trkpt><trkpt lat="45.51049" lon="-73.61288"><ele>113</ele></trkpt><trkpt lat="45.51053" lon="-73.61296"><ele>113</ele></trkpt><trkpt lat="45.51056" lon="-73.61302"><ele>112</ele></trkpt><trkpt lat="45.51067" lon="-73.61324"><ele>112</ele></trkpt><trkpt lat="45.51071" lon="-73.61328"><ele>112</ele></trkpt><trkpt lat="45.51075" lon="-73.61336"><ele>112</ele></trkpt><trkpt lat="45.51076" lon="-73.61340"><ele>111</ele></trkpt><trkpt lat="45.51080" lon="-73.61349"><ele>111</ele></trkpt><trkpt lat="45.51091" lon="-73.61374"><ele>111</ele></trkpt><trkpt lat="45.51093" lon="-73.61382"><ele>111</ele></trkpt><trkpt lat="45.51099" lon="-73.61395"><ele>111</ele></trkpt><trkpt lat="45.51108" lon="-73.61415"><ele>110</ele></trkpt><trkpt lat="45.51108" lon="-73.61415"><ele>110</ele></trkpt><trkpt lat="45.51123" lon="-73.61449"><ele>110</ele></trkpt><trkpt lat="45.51136" lon="-73.61478"><ele>109</ele></trkpt><trkpt lat="45.51139" lon="-73.61486"><ele>109</ele></trkpt><trkpt lat="45.51147" lon="-73.61504"><ele>108</ele></trkpt><trkpt lat="45.51161" lon="-73.61534"><ele>108</ele></trkpt><trkpt lat="45.51166" lon="-73.61543"><ele>107</ele></trkpt><trkpt lat="45.51167" lon="-73.61546"><ele>107</ele></trkpt><trkpt lat="45.51172" lon="-73.61553"><ele>106</ele></trkpt><trkpt lat="45.51180" lon="-73.61539"><ele>106</ele></trkpt><trkpt lat="45.51182" lon="-73.61535"><ele>105</ele></trkpt><trkpt lat="45.51193" lon="-73.61515"><ele>105</ele></trkpt><trkpt lat="45.51212" lon="-73.61478"><ele>104</ele></trkpt><trkpt lat="45.51226" lon="-73.61451"><ele>104</ele></trkpt><trkpt lat="45.51226" lon="-73.61451"><ele>103</ele></trkpt><trkpt lat="45.51243" lon="-73.61417"><ele>103</ele></trkpt><trkpt lat="45.51275" lon="-73.61355"><ele>102</ele></trkpt><trkpt lat="45.51294" lon="-73.61321"><ele>100</ele></trkpt><trkpt lat="45.51296" lon="-73.61317"><ele>99</ele></trkpt><trkpt lat="45.51300" lon="-73.61311"><ele>99</ele></trkpt><trkpt lat="45.51305" lon="-73.61302"><ele>98</ele></trkpt><trkpt lat="45.51307" lon="-73.61298"><ele>97</ele></trkpt><trkpt lat="45.51332" lon="-73.61253"><ele>97</ele></trkpt><trkpt lat="45.51355" lon="-73.61213"><ele>96</ele></trkpt><trkpt lat="45.51396" lon="-73.61140"><ele>94</ele></trkpt><trkpt lat="45.51399" lon="-73.61135"><ele>93</ele></trkpt><trkpt lat="45.51402" lon="-73.61129"><ele>92</ele></trkpt><trkpt lat="45.51404" lon="-73.61125"><ele>91</ele></trkpt><trkpt lat="45.51405" lon="-73.61122"><ele>91</ele></trkpt><trkpt lat="45.51406" lon="-73.61119"><ele>90</ele></trkpt><trkpt lat="45.51407" lon="-73.61116"><ele>90</ele></trkpt><trkpt lat="45.51408" lon="-73.61114"><ele>90</ele></trkpt><trkpt lat="45.51409" lon="-73.61109"><ele>90</ele></trkpt><trkpt lat="45.51411" lon="-73.61101"><ele>89</ele></trkpt><trkpt lat="45.51415" lon="-73.61088"><ele>89</ele></trkpt><trkpt lat="45.51416" lon="-73.61084"><ele>89</ele></trkpt><trkpt lat="45.51420" lon="-73.61071"><ele>89</ele></trkpt><trkpt lat="45.51425" lon="-73.61053"><ele>89</ele></trkpt><trkpt lat="45.51429" lon="-73.61038"><ele>88</ele></trkpt><trkpt lat="45.51434" lon="-73.61020"><ele>88</ele></trkpt><trkpt lat="45.51445" lon="-73.60981"><ele>88</ele></trkpt><trkpt lat="45.51455" lon="-73.60944"><ele>88</ele></trkpt><trkpt lat="45.51456" lon="-73.60939"><ele>88</ele></trkpt><trkpt lat="45.51458" lon="-73.60932"><ele>88</ele></trkpt><trkpt lat="45.51451" lon="-73.60928"><ele>88</ele></trkpt><trkpt lat="45.51448" lon="-73.60927"><ele>88</ele></trkpt><trkpt lat="45.51443" lon="-73.60925"><ele>88</ele></trkpt><trkpt lat="45.51435" lon="-73.60920"><ele>88</ele></trkpt><trkpt lat="45.51431" lon="-73.60918"><ele>89</ele></trkpt><trkpt lat="45.51427" lon="-73.60914"><ele>89</ele></trkpt><trkpt lat="45.51423" lon="-73.60909"><ele>89</ele></trkpt><trkpt lat="45.51409" lon="-73.60878"><ele>89</ele></trkpt><trkpt lat="45.51405" lon="-73.60868"><ele>90</ele></trkpt><trkpt lat="45.51405" lon="-73.60868"><ele>90</ele></trkpt><trkpt lat="45.51384" lon="-73.60821"><ele>92</ele></trkpt><trkpt lat="45.51382" lon="-73.60816"><ele>93</ele></trkpt><trkpt lat="45.51333" lon="-73.60708"><ele>97</ele></trkpt><trkpt lat="45.51330" lon="-73.60702"><ele>101</ele></trkpt><trkpt lat="45.51327" lon="-73.60696"><ele>103</ele></trkpt><trkpt lat="45.51282" lon="-73.60597"><ele>107</ele></trkpt><trkpt lat="45.51279" lon="-73.60589"><ele>110</ele></trkpt><trkpt lat="45.51276" lon="-73.60583"><ele>112</ele></trkpt><trkpt lat="45.51185" lon="-73.60381"><ele>117</ele></trkpt><trkpt lat="45.51183" lon="-73.60379"><ele>120</ele></trkpt><trkpt lat="45.51176" lon="-73.60375"><ele>121</ele></trkpt><trkpt lat="45.51179" lon="-73.60365"><ele>123</ele></trkpt><trkpt lat="45.51202" lon="-73.60274"><ele>123</ele></trkpt><trkpt lat="45.51202" lon="-73.60274"><ele>124</ele></trkpt><trkpt lat="45.51207" lon="-73.60255"><ele>124</ele></trkpt><trkpt lat="45.51214" lon="-73.60228"><ele>124</ele></trkpt><trkpt lat="45.51219" lon="-73.60212"><ele>124</ele></trkpt><trkpt lat="45.51222" lon="-73.60198"><ele>124</ele></trkpt><trkpt lat="45.51247" lon="-73.60112"><ele>124</ele></trkpt><trkpt lat="45.51248" lon="-73.60108"><ele>124</ele></trkpt><trkpt lat="45.51251" lon="-73.60102"><ele>124</ele></trkpt><trkpt lat="45.51250" lon="-73.60096"><ele>124</ele></trkpt><trkpt lat="45.51249" lon="-73.60084"><ele>123</ele></trkpt><trkpt lat="45.51220" lon="-73.60014"><ele>123</ele></trkpt><trkpt lat="45.51218" lon="-73.60007"><ele>123</ele></trkpt><trkpt lat="45.51216" lon="-73.60001"><ele>123</ele></trkpt><trkpt lat="45.51223" lon="-73.59994"><ele>122</ele></trkpt><trkpt lat="45.51225" lon="-73.59993"><ele>122</ele></trkpt><trkpt lat="45.51247" lon="-73.59972"><ele>122</ele></trkpt><trkpt lat="45.51308" lon="-73.59912"><ele>122</ele></trkpt><trkpt lat="45.51360" lon="-73.59861"><ele>120</ele></trkpt><trkpt lat="45.51366" lon="-73.59856"><ele>119</ele></trkpt><trkpt lat="45.51413" lon="-73.59808"><ele>118</ele></trkpt><trkpt lat="45.51440" lon="-73.59770"><ele>116</ele></trkpt><trkpt lat="45.51451" lon="-73.59751"><ele>115</ele></trkpt><trkpt lat="45.51457" lon="-73.59737"><ele>114</ele></trkpt><trkpt lat="45.51463" lon="-73.59713"><ele>113</ele></trkpt><trkpt lat="45.51466" lon="-73.59694"><ele>113</ele></trkpt><trkpt lat="45.51467" lon="-73.59681"><ele>112</ele></trkpt><trkpt lat="45.51468" lon="-73.59656"><ele>111</ele></trkpt><trkpt lat="45.51469" lon="-73.59633"><ele>111</ele></trkpt><trkpt lat="45.51469" lon="-73.59599"><ele>110</ele></trkpt><trkpt lat="45.51470" lon="-73.59564"><ele>109</ele></trkpt><trkpt lat="45.51470" lon="-73.59534"><ele>109</ele></trkpt><trkpt lat="45.51470" lon="-73.59505"><ele>108</ele></trkpt><trkpt lat="45.51469" lon="-73.59498"><ele>108</ele></trkpt><trkpt lat="45.51465" lon="-73.59397"><ele>107</ele></trkpt><trkpt lat="45.51464" lon="-73.59367"><ele>106</ele></trkpt><trkpt lat="45.51462" lon="-73.59309"><ele>105</ele></trkpt><trkpt lat="45.51460" lon="-73.59239"><ele>104</ele></trkpt><trkpt lat="45.51459" lon="-73.59229"><ele>103</ele></trkpt><trkpt lat="45.51458" lon="-73.59194"><ele>102</ele></trkpt><trkpt lat="45.51458" lon="-73.59186"><ele>101</ele></trkpt><trkpt lat="45.51459" lon="-73.59177"><ele>100</ele></trkpt><trkpt lat="45.51461" lon="-73.59170"><ele>99</ele></trkpt><trkpt lat="45.51461" lon="-73.59170"><ele>99</ele></trkpt><trkpt lat="45.51461" lon="-73.59170"><ele>99</ele></trkpt><trkpt lat="45.51463" lon="-73.59163"><ele>98</ele></trkpt><trkpt lat="45.51465" lon="-73.59157"><ele>98</ele></trkpt><trkpt lat="45.51467" lon="-73.59150"><ele>98</ele></trkpt><trkpt lat="45.51471" lon="-73.59144"><ele>98</ele></trkpt><trkpt lat="45.51474" lon="-73.59138"><ele>97</ele></trkpt><trkpt lat="45.51482" lon="-73.59128"><ele>97</ele></trkpt><trkpt lat="45.51509" lon="-73.59107"><ele>96</ele></trkpt><trkpt lat="45.51541" lon="-73.59076"><ele>94</ele></trkpt><trkpt lat="45.51574" lon="-73.59044"><ele>92</ele></trkpt><trkpt lat="45.51574" lon="-73.59042"><ele>91</ele></trkpt><trkpt lat="45.51579" lon="-73.59027"><ele>90</ele></trkpt><trkpt lat="45.51586" lon="-73.59020"><ele>89</ele></trkpt><trkpt lat="45.51588" lon="-73.59018"><ele>88</ele></trkpt><trkpt lat="45.51591" lon="-73.59015"><ele>87</ele></trkpt><trkpt lat="45.51616" lon="-73.58991"><ele>86</ele></trkpt><trkpt lat="45.51626" lon="-73.58982"><ele>85</ele></trkpt><trkpt lat="45.51666" lon="-73.58944"><ele>82</ele></trkpt><trkpt lat="45.51667" lon="-73.58942"><ele>81</ele></trkpt><trkpt lat="45.51679" lon="-73.58932"><ele>79</ele></trkpt><trkpt lat="45.51689" lon="-73.58923"><ele>78</ele></trkpt><trkpt lat="45.51690" lon="-73.58921"><ele>77</ele></trkpt><trkpt lat="45.51747" lon="-73.58871"><ele>74</ele></trkpt><trkpt lat="45.51749" lon="-73.58869"><ele>72</ele></trkpt><trkpt lat="45.51753" lon="-73.58866"><ele>71</ele></trkpt><trkpt lat="45.51758" lon="-73.58862"><ele>70</ele></trkpt><trkpt lat="45.51760" lon="-73.58861"><ele>70</ele></trkpt><trkpt lat="45.51791" lon="-73.58834"><ele>69</ele></trkpt><trkpt lat="45.51812" lon="-73.58814"><ele>69</ele></trkpt><trkpt lat="45.51820" lon="-73.58807"><ele>69</ele></trkpt><trkpt lat="45.51826" lon="-73.58802"><ele>69</ele></trkpt><trkpt lat="45.51837" lon="-73.58793"><ele>69</ele></trkpt><trkpt lat="45.51856" lon="-73.58777"><ele>69</ele></trkpt><trkpt lat="45.51856" lon="-73.58777"><ele>69</ele></trkpt><trkpt lat="45.51883" lon="-73.58753"><ele>69</ele></trkpt><trkpt lat="45.51885" lon="-73.58751"><ele>69</ele></trkpt><trkpt lat="45.51889" lon="-73.58748"><ele>69</ele></trkpt><trkpt lat="45.51893" lon="-73.58744"><ele>69</ele></trkpt><trkpt lat="45.51889" lon="-73.58736"><ele>69</ele></trkpt><trkpt lat="45.51865" lon="-73.58683"><ele>68</ele></trkpt><trkpt lat="45.51861" lon="-73.58673"><ele>67</ele></trkpt><trkpt lat="45.51806" lon="-73.58554"><ele>67</ele></trkpt><trkpt lat="45.51793" lon="-73.58525"><ele>68</ele></trkpt><trkpt lat="45.51791" lon="-73.58522"><ele>68</ele></trkpt><trkpt lat="45.51789" lon="-73.58516"><ele>68</ele></trkpt><trkpt lat="45.51787" lon="-73.58512"><ele>68</ele></trkpt><trkpt lat="45.51716" lon="-73.58355"><ele>68</ele></trkpt><trkpt lat="45.51716" lon="-73.58355"><ele>68</ele></trkpt><trkpt lat="45.51706" lon="-73.58333"><ele>68</ele></trkpt><trkpt lat="45.51702" lon="-73.58324"><ele>68</ele></trkpt><trkpt lat="45.51688" lon="-73.58293"><ele>68</ele></trkpt><trkpt lat="45.51687" lon="-73.58290"><ele>68</ele></trkpt><trkpt lat="45.51685" lon="-73.58286"><ele>68</ele></trkpt><trkpt lat="45.51683" lon="-73.58281"><ele>67</ele></trkpt><trkpt lat="45.51679" lon="-73.58275"><ele>67</ele></trkpt><trkpt lat="45.51660" lon="-73.58233"><ele>67</ele></trkpt><trkpt lat="45.51602" lon="-73.58106"><ele>66</ele></trkpt><trkpt lat="45.51581" lon="-73.58059"><ele>65</ele></trkpt><trkpt lat="45.51579" lon="-73.58055"><ele>64</ele></trkpt><trkpt lat="45.51577" lon="-73.58050"><ele>64</ele></trkpt><trkpt lat="45.51574" lon="-73.58043"><ele>63</ele></trkpt><trkpt lat="45.51531" lon="-73.57948"><ele>62</ele></trkpt><trkpt lat="45.51530" lon="-73.57946"><ele>61</ele></trkpt><trkpt lat="45.51527" lon="-73.57940"><ele>61</ele></trkpt><trkpt lat="45.51526" lon="-73.57938"><ele>60</ele></trkpt><trkpt lat="45.51513" lon="-73.57909"><ele>60</ele></trkpt><trkpt lat="45.51503" lon="-73.57885"><ele>59</ele></trkpt><trkpt lat="45.51483" lon="-73.57842"><ele>58</ele></trkpt><trkpt lat="45.51480" lon="-73.57836"><ele>58</ele></trkpt><trkpt lat="45.51477" lon="-73.57829"><ele>57</ele></trkpt><trkpt lat="45.51473" lon="-73.57820"><ele>57</ele></trkpt><trkpt lat="45.51466" lon="-73.57806"><ele>56</ele></trkpt><trkpt lat="45.51459" lon="-73.57790"><ele>56</ele></trkpt><trkpt lat="45.51445" lon="-73.57760"><ele>56</ele></trkpt><trkpt lat="45.51422" lon="-73.57706"><ele>55</ele></trkpt><trkpt lat="45.51386" lon="-73.57627"><ele>54</ele></trkpt><trkpt lat="45.51385" lon="-73.57624"><ele>53</ele></trkpt><trkpt lat="45.51384" lon="-73.57621"><ele>52</ele></trkpt><trkpt lat="45.51381" lon="-73.57615"><ele>51</ele></trkpt><trkpt lat="45.51374" lon="-73.57621"><ele>51</ele></trkpt><trkpt lat="45.51372" lon="-73.57623"><ele>51</ele></trkpt><trkpt lat="45.51360" lon="-73.57634"><ele>51</ele></trkpt><trkpt lat="45.51324" lon="-73.57666"><ele>51</ele></trkpt><trkpt lat="45.51293" lon="-73.57695"><ele>52</ele></trkpt><trkpt lat="45.51287" lon="-73.57699"><ele>52</ele></trkpt><trkpt lat="45.51281" lon="-73.57705"><ele>52</ele></trkpt><trkpt lat="45.51270" lon="-73.57715"><ele>52</ele></trkpt><trkpt lat="45.51270" lon="-73.57715"><ele>52</ele></trkpt><trkpt lat="45.51214" lon="-73.57765"><ele>53</ele></trkpt><trkpt lat="45.51203" lon="-73.57775"><ele>53</ele></trkpt><trkpt lat="45.51189" lon="-73.57788"><ele>53</ele></trkpt><trkpt lat="45.51174" lon="-73.57801"><ele>53</ele></trkpt><trkpt lat="45.51168" lon="-73.57807"><ele>54</ele></trkpt><trkpt lat="45.51156" lon="-73.57819"><ele>54</ele></trkpt><trkpt lat="45.51159" lon="-73.57827"><ele>54</ele></trkpt><trkpt lat="45.51161" lon="-73.57830"><ele>54</ele></trkpt><trkpt lat="45.51163" lon="-73.57834"><ele>54</ele></trkpt><trkpt lat="45.51176" lon="-73.57863"><ele>54</ele></trkpt><trkpt lat="45.51195" lon="-73.57904"><ele>54</ele></trkpt><trkpt lat="45.51200" lon="-73.57914"><ele>54</ele></trkpt><trkpt lat="45.51202" lon="-73.57919"><ele>54</ele></trkpt><trkpt lat="45.51208" lon="-73.57931"><ele>54</ele></trkpt><trkpt lat="45.51218" lon="-73.57954"><ele>54</ele></trkpt><trkpt lat="45.51253" lon="-73.58029"><ele>56</ele></trkpt><trkpt lat="45.51340" lon="-73.58219"><ele>61</ele></trkpt><trkpt lat="45.51344" lon="-73.58227"><ele>64</ele></trkpt><trkpt lat="45.51348" lon="-73.58235"><ele>66</ele></trkpt><trkpt lat="45.51464" lon="-73.58483"><ele>69</ele></trkpt><trkpt lat="45.51466" lon="-73.58487"><ele>71</ele></trkpt><trkpt lat="45.51467" lon="-73.58488"><ele>73</ele></trkpt><trkpt lat="45.51467" lon="-73.58488"><ele>74</ele></trkpt><trkpt lat="45.51469" lon="-73.58494"><ele>74</ele></trkpt><trkpt lat="45.51483" lon="-73.58524"><ele>75</ele></trkpt><trkpt lat="45.51612" lon="-73.58803"><ele>75</ele></trkpt><trkpt lat="45.51614" lon="-73.58815"><ele>76</ele></trkpt><trkpt lat="45.51614" lon="-73.58823"><ele>76</ele></trkpt><trkpt lat="45.51613" lon="-73.58830"><ele>77</ele></trkpt><trkpt lat="45.51612" lon="-73.58835"><ele>77</ele></trkpt><trkpt lat="45.51610" lon="-73.58839"><ele>77</ele></trkpt><trkpt lat="45.51605" lon="-73.58859"><ele>78</ele></trkpt><trkpt lat="45.51590" lon="-73.58906"><ele>79</ele></trkpt><trkpt lat="45.51576" lon="-73.58954"><ele>81</ele></trkpt><trkpt lat="45.51573" lon="-73.58964"><ele>82</ele></trkpt><trkpt lat="45.51573" lon="-73.58974"><ele>83</ele></trkpt><trkpt lat="45.51570" lon="-73.58993"><ele>83</ele></trkpt><trkpt lat="45.51570" lon="-73.59006"><ele>84</ele></trkpt><trkpt lat="45.51572" lon="-73.59015"><ele>85</ele></trkpt><trkpt lat="45.51573" lon="-73.59019"><ele>85</ele></trkpt><trkpt lat="45.51579" lon="-73.59027"><ele>86</ele></trkpt><trkpt lat="45.51570" lon="-73.59031"><ele>86</ele></trkpt><trkpt lat="45.51568" lon="-73.59033"><ele>87</ele></trkpt><trkpt lat="45.51558" lon="-73.59039"><ele>87</ele></trkpt><trkpt lat="45.51523" lon="-73.59067"><ele>88</ele></trkpt><trkpt lat="45.51507" lon="-73.59069"><ele>89</ele></trkpt><trkpt lat="45.51504" lon="-73.59069"><ele>90</ele></trkpt><trkpt lat="45.51499" lon="-73.59070"><ele>91</ele></trkpt><trkpt lat="45.51494" lon="-73.59069"><ele>91</ele></trkpt><trkpt lat="45.51489" lon="-73.59069"><ele>92</ele></trkpt><trkpt lat="45.51484" lon="-73.59067"><ele>92</ele></trkpt><trkpt lat="45.51480" lon="-73.59064"><ele>92</ele></trkpt><trkpt lat="45.51473" lon="-73.59060"><ele>93</ele></trkpt><trkpt lat="45.51465" lon="-73.59052"><ele>93</ele></trkpt><trkpt lat="45.51456" lon="-73.59041"><ele>94</ele></trkpt><trkpt lat="45.51442" lon="-73.59023"><ele>94</ele></trkpt><trkpt lat="45.51397" lon="-73.58953"><ele>96</ele></trkpt><trkpt lat="45.51387" lon="-73.58939"><ele>98</ele></trkpt><trkpt lat="45.51378" lon="-73.58925"><ele>99</ele></trkpt><trkpt lat="45.51373" lon="-73.58918"><ele>100</ele></trkpt><trkpt lat="45.51368" lon="-73.58914"><ele>101</ele></trkpt><trkpt lat="45.51364" lon="-73.58911"><ele>102</ele></trkpt><trkpt lat="45.51360" lon="-73.58908"><ele>102</ele></trkpt><trkpt lat="45.51355" lon="-73.58905"><ele>103</ele></trkpt><trkpt lat="45.51351" lon="-73.58904"><ele>103</ele></trkpt><trkpt lat="45.51346" lon="-73.58903"><ele>104</ele></trkpt><trkpt lat="45.51342" lon="-73.58903"><ele>104</ele></trkpt><trkpt lat="45.51336" lon="-73.58903"><ele>105</ele></trkpt><trkpt lat="45.51331" lon="-73.58905"><ele>105</ele></trkpt><trkpt lat="45.51326" lon="-73.58907"><ele>106</ele></trkpt><trkpt lat="45.51322" lon="-73.58909"><ele>106</ele></trkpt><trkpt lat="45.51319" lon="-73.58911"><ele>107</ele></trkpt><trkpt lat="45.51316" lon="-73.58913"><ele>107</ele></trkpt><trkpt lat="45.51314" lon="-73.58915"><ele>107</ele></trkpt><trkpt lat="45.51311" lon="-73.58918"><ele>107</ele></trkpt><trkpt lat="45.51309" lon="-73.58921"><ele>108</ele></trkpt><trkpt lat="45.51305" lon="-73.58926"><ele>108</ele></trkpt><trkpt lat="45.51303" lon="-73.58931"><ele>108</ele></trkpt><trkpt lat="45.51300" lon="-73.58937"><ele>109</ele></trkpt><trkpt lat="45.51298" lon="-73.58943"><ele>109</ele></trkpt><trkpt lat="45.51296" lon="-73.58950"><ele>110</ele></trkpt><trkpt lat="45.51295" lon="-73.58954"><ele>110</ele></trkpt><trkpt lat="45.51294" lon="-73.58959"><ele>110</ele></trkpt><trkpt lat="45.51294" lon="-73.58963"><ele>111</ele></trkpt><trkpt lat="45.51293" lon="-73.58967"><ele>111</ele></trkpt><trkpt lat="45.51293" lon="-73.58971"><ele>111</ele></trkpt><trkpt lat="45.51293" lon="-73.58976"><ele>111</ele></trkpt><trkpt lat="45.51294" lon="-73.58980"><ele>112</ele></trkpt><trkpt lat="45.51294" lon="-73.58985"><ele>112</ele></trkpt><trkpt lat="45.51295" lon="-73.58989"><ele>112</ele></trkpt><trkpt lat="45.51296" lon="-73.58996"><ele>113</ele></trkpt><trkpt lat="45.51307" lon="-73.59050"><ele>114</ele></trkpt><trkpt lat="45.51313" lon="-73.59080"><ele>115</ele></trkpt><trkpt lat="45.51327" lon="-73.59163"><ele>118</ele></trkpt><trkpt lat="45.51328" lon="-73.59173"><ele>120</ele></trkpt><trkpt lat="45.51328" lon="-73.59173"><ele>121</ele></trkpt><trkpt lat="45.51336" lon="-73.59220"><ele>123</ele></trkpt><trkpt lat="45.51339" lon="-73.59237"><ele>124</ele></trkpt><trkpt lat="45.51343" lon="-73.59260"><ele>126</ele></trkpt><trkpt lat="45.51344" lon="-73.59267"><ele>127</ele></trkpt><trkpt lat="45.51344" lon="-73.59273"><ele>128</ele></trkpt><trkpt lat="45.51345" lon="-73.59279"><ele>128</ele></trkpt><trkpt lat="45.51345" lon="-73.59288"><ele>129</ele></trkpt><trkpt lat="45.51346" lon="-73.59309"><ele>130</ele></trkpt><trkpt lat="45.51346" lon="-73.59324"><ele>131</ele></trkpt><trkpt lat="45.51345" lon="-73.59339"><ele>131</ele></trkpt><trkpt lat="45.51344" lon="-73.59349"><ele>132</ele></trkpt><trkpt lat="45.51344" lon="-73.59359"><ele>133</ele></trkpt><trkpt lat="45.51342" lon="-73.59371"><ele>133</ele></trkpt><trkpt lat="45.51340" lon="-73.59385"><ele>134</ele></trkpt><trkpt lat="45.51338" lon="-73.59400"><ele>135</ele></trkpt><trkpt lat="45.51335" lon="-73.59414"><ele>135</ele></trkpt><trkpt lat="45.51333" lon="-73.59423"><ele>136</ele></trkpt><trkpt lat="45.51331" lon="-73.59432"><ele>137</ele></trkpt><trkpt lat="45.51328" lon="-73.59441"><ele>137</ele></trkpt><trkpt lat="45.51326" lon="-73.59447"><ele>138</ele></trkpt><trkpt lat="45.51323" lon="-73.59458"><ele>138</ele></trkpt><trkpt lat="45.51319" lon="-73.59469"><ele>139</ele></trkpt><trkpt lat="45.51314" lon="-73.59479"><ele>139</ele></trkpt><trkpt lat="45.51308" lon="-73.59494"><ele>140</ele></trkpt><trkpt lat="45.51303" lon="-73.59506"><ele>140</ele></trkpt><trkpt lat="45.51295" lon="-73.59524"><ele>141</ele></trkpt><trkpt lat="45.51285" lon="-73.59543"><ele>142</ele></trkpt><trkpt lat="45.51281" lon="-73.59552"><ele>143</ele></trkpt><trkpt lat="45.51273" lon="-73.59569"><ele>144</ele></trkpt><trkpt lat="45.51272" lon="-73.59571"><ele>145</ele></trkpt><trkpt lat="45.51263" lon="-73.59591"><ele>146</ele></trkpt><trkpt lat="45.51255" lon="-73.59608"><ele>147</ele></trkpt><trkpt lat="45.51244" lon="-73.59631"><ele>148</ele></trkpt><trkpt lat="45.51239" lon="-73.59640"><ele>150</ele></trkpt><trkpt lat="45.51235" lon="-73.59647"><ele>151</ele></trkpt><trkpt lat="45.51230" lon="-73.59654"><ele>151</ele></trkpt><trkpt lat="45.51223" lon="-73.59660"><ele>152</ele></trkpt><trkpt lat="45.51214" lon="-73.59665"><ele>153</ele></trkpt><trkpt lat="45.51211" lon="-73.59666"><ele>154</ele></trkpt><trkpt lat="45.51205" lon="-73.59667"><ele>155</ele></trkpt><trkpt lat="45.51202" lon="-73.59667"><ele>155</ele></trkpt><trkpt lat="45.51196" lon="-73.59667"><ele>156</ele></trkpt><trkpt lat="45.51190" lon="-73.59665"><ele>156</ele></trkpt><trkpt lat="45.51184" lon="-73.59663"><ele>157</ele></trkpt><trkpt lat="45.51179" lon="-73.59661"><ele>157</ele></trkpt><trkpt lat="45.51174" lon="-73.59656"><ele>158</ele></trkpt><trkpt lat="45.51166" lon="-73.59647"><ele>159</ele></trkpt><trkpt lat="45.51162" lon="-73.59641"><ele>159</ele></trkpt><trkpt lat="45.51158" lon="-73.59634"><ele>160</ele></trkpt><trkpt lat="45.51155" lon="-73.59626"><ele>161</ele></trkpt><trkpt lat="45.51147" lon="-73.59609"><ele>162</ele></trkpt><trkpt lat="45.51141" lon="-73.59591"><ele>163</ele></trkpt><trkpt lat="45.51134" lon="-73.59574"><ele>163</ele></trkpt><trkpt lat="45.51130" lon="-73.59560"><ele>164</ele></trkpt><trkpt lat="45.51127" lon="-73.59551"><ele>165</ele></trkpt><trkpt lat="45.51124" lon="-73.59541"><ele>165</ele></trkpt><trkpt lat="45.51121" lon="-73.59531"><ele>166</ele></trkpt><trkpt lat="45.51119" lon="-73.59521"><ele>166</ele></trkpt><trkpt lat="45.51117" lon="-73.59511"><ele>167</ele></trkpt><trkpt lat="45.51115" lon="-73.59501"><ele>167</ele></trkpt><trkpt lat="45.51114" lon="-73.59492"><ele>168</ele></trkpt><trkpt lat="45.51113" lon="-73.59479"><ele>168</ele></trkpt><trkpt lat="45.51112" lon="-73.59468"><ele>169</ele></trkpt><trkpt lat="45.51110" lon="-73.59451"><ele>169</ele></trkpt><trkpt lat="45.51107" lon="-73.59433"><ele>170</ele></trkpt><trkpt lat="45.51105" lon="-73.59419"><ele>170</ele></trkpt><trkpt lat="45.51102" lon="-73.59407"><ele>171</ele></trkpt><trkpt lat="45.51098" lon="-73.59397"><ele>171</ele></trkpt><trkpt lat="45.51095" lon="-73.59388"><ele>172</ele></trkpt><trkpt lat="45.51079" lon="-73.59358"><ele>173</ele></trkpt><trkpt lat="45.51077" lon="-73.59352"><ele>174</ele></trkpt><trkpt lat="45.51071" lon="-73.59339"><ele>175</ele></trkpt><trkpt lat="45.51063" lon="-73.59325"><ele>176</ele></trkpt><trkpt lat="45.51053" lon="-73.59306"><ele>178</ele></trkpt><trkpt lat="45.51050" lon="-73.59303"><ele>179</ele></trkpt><trkpt lat="45.51018" lon="-73.59242"><ele>183</ele></trkpt><trkpt lat="45.51003" lon="-73.59212"><ele>187</ele></trkpt><trkpt lat="45.50992" lon="-73.59188"><ele>191</ele></trkpt><trkpt lat="45.50986" lon="-73.59175"><ele>194</ele></trkpt><trkpt lat="45.50982" lon="-73.59167"><ele>196</ele></trkpt><trkpt lat="45.50973" lon="-73.59150"><ele>199</ele></trkpt><trkpt lat="45.50969" lon="-73.59142"><ele>200</ele></trkpt><trkpt lat="45.50964" lon="-73.59136"><ele>202</ele></trkpt><trkpt lat="45.50961" lon="-73.59131"><ele>203</ele></trkpt><trkpt lat="45.50956" lon="-73.59126"><ele>203</ele></trkpt><trkpt lat="45.50951" lon="-73.59122"><ele>204</ele></trkpt><trkpt lat="45.50946" lon="-73.59118"><ele>204</ele></trkpt><trkpt lat="45.50939" lon="-73.59114"><ele>205</ele></trkpt><trkpt lat="45.50932" lon="-73.59112"><ele>205</ele></trkpt><trkpt lat="45.50923" lon="-73.59110"><ele>205</ele></trkpt><trkpt lat="45.50915" lon="-73.59108"><ele>206</ele></trkpt><trkpt lat="45.50905" lon="-73.59107"><ele>206</ele></trkpt><trkpt lat="45.50894" lon="-73.59106"><ele>207</ele></trkpt><trkpt lat="45.50887" lon="-73.59105"><ele>207</ele></trkpt><trkpt lat="45.50879" lon="-73.59105"><ele>208</ele></trkpt><trkpt lat="45.50871" lon="-73.59105"><ele>208</ele></trkpt><trkpt lat="45.50863" lon="-73.59106"><ele>208</ele></trkpt><trkpt lat="45.50852" lon="-73.59107"><ele>209</ele></trkpt><trkpt lat="45.50840" lon="-73.59110"><ele>209</ele></trkpt><trkpt lat="45.50826" lon="-73.59116"><ele>210</ele></trkpt><trkpt lat="45.50821" lon="-73.59118"><ele>210</ele></trkpt><trkpt lat="45.50820" lon="-73.59118"><ele>211</ele></trkpt><trkpt lat="45.50813" lon="-73.59121"><ele>211</ele></trkpt><trkpt lat="45.50806" lon="-73.59125"><ele>211</ele></trkpt><trkpt lat="45.50795" lon="-73.59131"><ele>212</ele></trkpt><trkpt lat="45.50781" lon="-73.59142"><ele>212</ele></trkpt><trkpt lat="45.50773" lon="-73.59148"><ele>212</ele></trkpt><trkpt lat="45.50750" lon="-73.59168"><ele>211</ele></trkpt><trkpt lat="45.50746" lon="-73.59172"><ele>211</ele></trkpt><trkpt lat="45.50636" lon="-73.59274"><ele>208</ele></trkpt><trkpt lat="45.50625" lon="-73.59284"><ele>206</ele></trkpt><trkpt lat="45.50618" lon="-73.59291"><ele>205</ele></trkpt><trkpt lat="45.50605" lon="-73.59301"><ele>204</ele></trkpt><trkpt lat="45.50597" lon="-73.59306"><ele>203</ele></trkpt><trkpt lat="45.50588" lon="-73.59311"><ele>202</ele></trkpt><trkpt lat="45.50577" lon="-73.59318"><ele>201</ele></trkpt><trkpt lat="45.50570" lon="-73.59322"><ele>201</ele></trkpt><trkpt lat="45.50564" lon="-73.59326"><ele>200</ele></trkpt><trkpt lat="45.50558" lon="-73.59329"><ele>200</ele></trkpt><trkpt lat="45.50547" lon="-73.59333"><ele>199</ele></trkpt><trkpt lat="45.50539" lon="-73.59336"><ele>199</ele></trkpt><trkpt lat="45.50533" lon="-73.59338"><ele>198</ele></trkpt><trkpt lat="45.50524" lon="-73.59341"><ele>198</ele></trkpt><trkpt lat="45.50517" lon="-73.59343"><ele>197</ele></trkpt><trkpt lat="45.50505" lon="-73.59346"><ele>197</ele></trkpt><trkpt lat="45.50494" lon="-73.59348"><ele>196</ele></trkpt><trkpt lat="45.50482" lon="-73.59349"><ele>196</ele></trkpt><trkpt lat="45.50471" lon="-73.59350"><ele>195</ele></trkpt><trkpt lat="45.50448" lon="-73.59351"><ele>194</ele></trkpt><trkpt lat="45.50438" lon="-73.59352"><ele>193</ele></trkpt><trkpt lat="45.50430" lon="-73.59353"><ele>193</ele></trkpt><trkpt lat="45.50423" lon="-73.59355"><ele>192</ele></trkpt><trkpt lat="45.50415" lon="-73.59357"><ele>192</ele></trkpt><trkpt lat="45.50401" lon="-73.59362"><ele>191</ele></trkpt><trkpt lat="45.50400" lon="-73.59363"><ele>191</ele></trkpt><trkpt lat="45.50394" lon="-73.59365"><ele>190</ele></trkpt><trkpt lat="45.50386" lon="-73.59369"><ele>190</ele></trkpt><trkpt lat="45.50382" lon="-73.59371"><ele>190</ele></trkpt><trkpt lat="45.50378" lon="-73.59373"><ele>189</ele></trkpt><trkpt lat="45.50375" lon="-73.59374"><ele>189</ele></trkpt><trkpt lat="45.50370" lon="-73.59378"><ele>189</ele></trkpt><trkpt lat="45.50363" lon="-73.59386"><ele>189</ele></trkpt><trkpt lat="45.50359" lon="-73.59389"><ele>188</ele></trkpt><trkpt lat="45.50353" lon="-73.59393"><ele>188</ele></trkpt><trkpt lat="45.50344" lon="-73.59401"><ele>188</ele></trkpt><trkpt lat="45.50335" lon="-73.59409"><ele>187</ele></trkpt><trkpt lat="45.50329" lon="-73.59415"><ele>187</ele></trkpt><trkpt lat="45.50324" lon="-73.59419"><ele>186</ele></trkpt><trkpt lat="45.50321" lon="-73.59424"><ele>186</ele></trkpt><trkpt lat="45.50313" lon="-73.59434"><ele>186</ele></trkpt><trkpt lat="45.50296" lon="-73.59454"><ele>185</ele></trkpt><trkpt lat="45.50281" lon="-73.59479"><ele>184</ele></trkpt><trkpt lat="45.50269" lon="-73.59503"><ele>183</ele></trkpt><trkpt lat="45.50261" lon="-73.59525"><ele>183</ele></trkpt><trkpt lat="45.50256" lon="-73.59535"><ele>183</ele></trkpt><trkpt lat="45.50252" lon="-73.59549"><ele>182</ele></trkpt><trkpt lat="45.50246" lon="-73.59570"><ele>182</ele></trkpt><trkpt lat="45.50234" lon="-73.59609"><ele>182</ele></trkpt><trkpt lat="45.50232" lon="-73.59615"><ele>181</ele></trkpt><trkpt lat="45.50231" lon="-73.59617"><ele>181</ele></trkpt><trkpt lat="45.50226" lon="-73.59632"><ele>181</ele></trkpt><trkpt lat="45.50221" lon="-73.59647"><ele>181</ele></trkpt><trkpt lat="45.50203" lon="-73.59695"><ele>181</ele></trkpt><trkpt lat="45.50187" lon="-73.59730"><ele>180</ele></trkpt><trkpt lat="45.50164" lon="-73.59775"><ele>179</ele></trkpt><trkpt lat="45.50155" lon="-73.59791"><ele>178</ele></trkpt><trkpt lat="45.50145" lon="-73.59808"><ele>178</ele></trkpt><trkpt lat="45.50144" lon="-73.59809"><ele>177</ele></trkpt><trkpt lat="45.50144" lon="-73.59809"><ele>177</ele></trkpt><trkpt lat="45.50140" lon="-73.59815"><ele>176</ele></trkpt><trkpt lat="45.50126" lon="-73.59837"><ele>176</ele></trkpt><trkpt lat="45.50106" lon="-73.59865"><ele>175</ele></trkpt><trkpt lat="45.50048" lon="-73.59937"><ele>173</ele></trkpt><trkpt lat="45.50034" lon="-73.59954"><ele>172</ele></trkpt><trkpt lat="45.50020" lon="-73.59971"><ele>171</ele></trkpt><trkpt lat="45.49956" lon="-73.60044"><ele>169</ele></trkpt><trkpt lat="45.49952" lon="-73.60048"><ele>167</ele></trkpt><trkpt lat="45.49927" lon="-73.60078"><ele>166</ele></trkpt><trkpt lat="45.49880" lon="-73.60128"><ele>165</ele></trkpt><trkpt lat="45.49853" lon="-73.60159"><ele>163</ele></trkpt><trkpt lat="45.49848" lon="-73.60165"><ele>162</ele></trkpt><trkpt lat="45.49837" lon="-73.60177"><ele>161</ele></trkpt><trkpt lat="45.49781" lon="-73.60238"><ele>158</ele></trkpt><trkpt lat="45.49563" lon="-73.60460"><ele>152</ele></trkpt><trkpt lat="45.49541" lon="-73.60483"><ele>147</ele></trkpt><trkpt lat="45.49535" lon="-73.60489"><ele>143</ele></trkpt><trkpt lat="45.49528" lon="-73.60495"><ele>141</ele></trkpt><trkpt lat="45.49522" lon="-73.60501"><ele>139</ele></trkpt><trkpt lat="45.49520" lon="-73.60504"><ele>138</ele></trkpt><trkpt lat="45.49516" lon="-73.60507"><ele>137</ele></trkpt><trkpt lat="45.49510" lon="-73.60513"><ele>136</ele></trkpt><trkpt lat="45.49512" lon="-73.60524"><ele>136</ele></trkpt><trkpt lat="45.49517" lon="-73.60551"><ele>135</ele></trkpt><trkpt lat="45.49520" lon="-73.60566"><ele>134</ele></trkpt><trkpt lat="45.49525" lon="-73.60586"><ele>134</ele></trkpt><trkpt lat="45.49529" lon="-73.60605"><ele>134</ele></trkpt><trkpt lat="45.49532" lon="-73.60618"><ele>133</ele></trkpt><trkpt lat="45.49534" lon="-73.60628"><ele>133</ele></trkpt><trkpt lat="45.49536" lon="-73.60635"><ele>133</ele></trkpt><trkpt lat="45.49540" lon="-73.60653"><ele>133</ele></trkpt><trkpt lat="45.49542" lon="-73.60658"><ele>133</ele></trkpt><trkpt lat="45.49547" lon="-73.60677"><ele>133</ele></trkpt><trkpt lat="45.49550" lon="-73.60688"><ele>133</ele></trkpt><trkpt lat="45.49556" lon="-73.60713"><ele>133</ele></trkpt><trkpt lat="45.49557" lon="-73.60716"><ele>134</ele></trkpt><trkpt lat="45.49560" lon="-73.60728"><ele>134</ele></trkpt><trkpt lat="45.49571" lon="-73.60764"><ele>134</ele></trkpt><trkpt lat="45.49576" lon="-73.60785"><ele>135</ele></trkpt><trkpt lat="45.49582" lon="-73.60805"><ele>135</ele></trkpt><trkpt lat="45.49586" lon="-73.60819"><ele>136</ele></trkpt><trkpt lat="45.49588" lon="-73.60827"><ele>136</ele></trkpt><trkpt lat="45.49590" lon="-73.60834"><ele>136</ele></trkpt><trkpt lat="45.49594" lon="-73.60848"><ele>136</ele></trkpt><trkpt lat="45.49596" lon="-73.60857"><ele>136</ele></trkpt><trkpt lat="45.49596" lon="-73.60860"><ele>136</ele></trkpt><trkpt lat="45.49597" lon="-73.60864"><ele>136</ele></trkpt><trkpt lat="45.49598" lon="-73.60868"><ele>136</ele></trkpt><trkpt lat="45.49598" lon="-73.60872"><ele>136</ele></trkpt><trkpt lat="45.49599" lon="-73.60880"><ele>135</ele></trkpt><trkpt lat="45.49600" lon="-73.60888"><ele>135</ele></trkpt><trkpt lat="45.49600" lon="-73.60895"><ele>135</ele></trkpt><trkpt lat="45.49600" lon="-73.60903"><ele>135</ele></trkpt><trkpt lat="45.49600" lon="-73.60910"><ele>135</ele></trkpt><trkpt lat="45.49600" lon="-73.60919"><ele>135</ele></trkpt><trkpt lat="45.49599" lon="-73.60928"><ele>135</ele></trkpt><trkpt lat="45.49599" lon="-73.60937"><ele>135</ele></trkpt><trkpt lat="45.49598" lon="-73.60944"><ele>135</ele></trkpt><trkpt lat="45.49598" lon="-73.60950"><ele>134</ele></trkpt><trkpt lat="45.49598" lon="-73.60957"><ele>134</ele></trkpt><trkpt lat="45.49597" lon="-73.60963"><ele>134</ele></trkpt><trkpt lat="45.49596" lon="-73.60970"><ele>134</ele></trkpt><trkpt lat="45.49595" lon="-73.60979"><ele>134</ele></trkpt><trkpt lat="45.49595" lon="-73.60985"><ele>134</ele></trkpt><trkpt lat="45.49594" lon="-73.60991"><ele>133</ele></trkpt><trkpt lat="45.49594" lon="-73.60991"><ele>133</ele></trkpt><trkpt lat="45.49594" lon="-73.60992"><ele>133</ele></trkpt><trkpt lat="45.49593" lon="-73.61000"><ele>133</ele></trkpt><trkpt lat="45.49591" lon="-73.61009"><ele>133</ele></trkpt><trkpt lat="45.49590" lon="-73.61020"><ele>133</ele></trkpt><trkpt lat="45.49589" lon="-73.61024"><ele>132</ele></trkpt><trkpt lat="45.49587" lon="-73.61036"><ele>132</ele></trkpt><trkpt lat="45.49585" lon="-73.61045"><ele>132</ele></trkpt><trkpt lat="45.49579" lon="-73.61079"><ele>131</ele></trkpt><trkpt lat="45.49573" lon="-73.61115"><ele>131</ele></trkpt><trkpt lat="45.49563" lon="-73.61171"><ele>130</ele></trkpt><trkpt lat="45.49558" lon="-73.61198"><ele>130</ele></trkpt><trkpt lat="45.49556" lon="-73.61209"><ele>129</ele></trkpt><trkpt lat="45.49555" lon="-73.61216"><ele>129</ele></trkpt><trkpt lat="45.49554" lon="-73.61225"><ele>128</ele></trkpt><trkpt lat="45.49552" lon="-73.61234"><ele>128</ele></trkpt><trkpt lat="45.49551" lon="-73.61241"><ele>127</ele></trkpt><trkpt lat="45.49550" lon="-73.61250"><ele>127</ele></trkpt><trkpt lat="45.49549" lon="-73.61258"><ele>126</ele></trkpt><trkpt lat="45.49549" lon="-73.61267"><ele>126</ele></trkpt><trkpt lat="45.49548" lon="-73.61276"><ele>126</ele></trkpt><trkpt lat="45.49548" lon="-73.61285"><ele>125</ele></trkpt><trkpt lat="45.49547" lon="-73.61294"><ele>125</ele></trkpt><trkpt lat="45.49546" lon="-73.61351"><ele>124</ele></trkpt><trkpt lat="45.49545" lon="-73.61388"><ele>123</ele></trkpt><trkpt lat="45.49545" lon="-73.61401"><ele>123</ele></trkpt><trkpt lat="45.49545" lon="-73.61414"><ele>122</ele></trkpt><trkpt lat="45.49545" lon="-73.61427"><ele>122</ele></trkpt><trkpt lat="45.49545" lon="-73.61456"><ele>122</ele></trkpt><trkpt lat="45.49546" lon="-73.61495"><ele>122</ele></trkpt><trkpt lat="45.49546" lon="-73.61508"><ele>121</ele></trkpt><trkpt lat="45.49546" lon="-73.61552"><ele>121</ele></trkpt><trkpt lat="45.49546" lon="-73.61559"><ele>121</ele></trkpt><trkpt lat="45.49546" lon="-73.61566"><ele>121</ele></trkpt><trkpt lat="45.49546" lon="-73.61572"><ele>120</ele></trkpt><trkpt lat="45.49546" lon="-73.61580"><ele>120</ele></trkpt><trkpt lat="45.49545" lon="-73.61593"><ele>120</ele></trkpt><trkpt lat="45.49544" lon="-73.61603"><ele>120</ele></trkpt><trkpt lat="45.49542" lon="-73.61613"><ele>120</ele></trkpt><trkpt lat="45.49541" lon="-73.61623"><ele>120</ele></trkpt><trkpt lat="45.49540" lon="-73.61633"><ele>119</ele></trkpt><trkpt lat="45.49539" lon="-73.61641"><ele>119</ele></trkpt><trkpt lat="45.49537" lon="-73.61649"><ele>119</ele></trkpt><trkpt lat="45.49535" lon="-73.61658"><ele>119</ele></trkpt><trkpt lat="45.49531" lon="-73.61680"><ele>119</ele></trkpt><trkpt lat="45.49527" lon="-73.61695"><ele>119</ele></trkpt><trkpt lat="45.49519" lon="-73.61734"><ele>118</ele></trkpt><trkpt lat="45.49518" lon="-73.61741"><ele>118</ele></trkpt><trkpt lat="45.49521" lon="-73.61748"><ele>118</ele></trkpt><trkpt lat="45.49524" lon="-73.61753"><ele>117</ele></trkpt><trkpt lat="45.49528" lon="-73.61763"><ele>117</ele></trkpt><trkpt lat="45.49530" lon="-73.61767"><ele>117</ele></trkpt><trkpt lat="45.49541" lon="-73.61792"><ele>117</ele></trkpt><trkpt lat="45.49544" lon="-73.61800"><ele>116</ele></trkpt><trkpt lat="45.49548" lon="-73.61808"><ele>116</ele></trkpt><trkpt lat="45.49558" lon="-73.61829"><ele>116</ele></trkpt><trkpt lat="45.49559" lon="-73.61832"><ele>116</ele></trkpt><trkpt lat="45.49563" lon="-73.61840"><ele>115</ele></trkpt><trkpt lat="45.49568" lon="-73.61853"><ele>115</ele></trkpt><trkpt lat="45.49572" lon="-73.61863"><ele>115</ele></trkpt><trkpt lat="45.49591" lon="-73.61905"><ele>114</ele></trkpt><trkpt lat="45.49608" lon="-73.61942"><ele>113</ele></trkpt><trkpt lat="45.49612" lon="-73.61950"><ele>113</ele></trkpt><trkpt lat="45.49615" lon="-73.61956"><ele>112</ele></trkpt><trkpt lat="45.49677" lon="-73.62095"><ele>111</ele></trkpt><trkpt lat="45.49679" lon="-73.62098"><ele>110</ele></trkpt><trkpt lat="45.49683" lon="-73.62108"><ele>110</ele></trkpt><trkpt lat="45.49687" lon="-73.62117"><ele>110</ele></trkpt><trkpt lat="45.49713" lon="-73.62175"><ele>110</ele></trkpt><trkpt lat="45.49719" lon="-73.62187"><ele>110</ele></trkpt><trkpt lat="45.49721" lon="-73.62193"><ele>110</ele></trkpt><trkpt lat="45.49726" lon="-73.62189"><ele>111</ele></trkpt><trkpt lat="45.49746" lon="-73.62170"><ele>111</ele></trkpt><trkpt lat="45.49750" lon="-73.62166"><ele>111</ele></trkpt><trkpt lat="45.49753" lon="-73.62163"><ele>111</ele></trkpt><trkpt lat="45.49764" lon="-73.62155"><ele>111</ele></trkpt><trkpt lat="45.49791" lon="-73.62130"><ele>112</ele></trkpt><trkpt lat="45.49791" lon="-73.62130"><ele>112</ele></trkpt><trkpt lat="45.49831" lon="-73.62093"><ele>113</ele></trkpt><trkpt lat="45.49837" lon="-73.62088"><ele>113</ele></trkpt><trkpt lat="45.49830" lon="-73.62075"><ele>113</ele></trkpt><trkpt lat="45.49812" lon="-73.62045"><ele>113</ele></trkpt><trkpt lat="45.49812" lon="-73.62045"><ele>113</ele></trkpt><trkpt lat="45.49795" lon="-73.62014"><ele>113</ele></trkpt><trkpt lat="45.49786" lon="-73.61997"><ele>113</ele></trkpt><trkpt lat="45.49784" lon="-73.61995"><ele>114</ele></trkpt><trkpt lat="45.49780" lon="-73.61986"><ele>114</ele></trkpt><trkpt lat="45.49777" lon="-73.61979"><ele>114</ele></trkpt><trkpt lat="45.49775" lon="-73.61975"><ele>114</ele></trkpt><trkpt lat="45.49753" lon="-73.61933"><ele>114</ele></trkpt><trkpt lat="45.49718" lon="-73.61862"><ele>115</ele></trkpt><trkpt lat="45.49717" lon="-73.61859"><ele>115</ele></trkpt><trkpt lat="45.49713" lon="-73.61852"><ele>115</ele></trkpt><trkpt lat="45.49710" lon="-73.61845"><ele>116</ele></trkpt><trkpt lat="45.49708" lon="-73.61842"><ele>116</ele></trkpt><trkpt lat="45.49693" lon="-73.61811"><ele>116</ele></trkpt><trkpt lat="45.49677" lon="-73.61779"><ele>116</ele></trkpt><trkpt lat="45.49676" lon="-73.61776"><ele>116</ele></trkpt><trkpt lat="45.49669" lon="-73.61763"><ele>116</ele></trkpt><trkpt lat="45.49669" lon="-73.61763"><ele>116</ele></trkpt><trkpt lat="45.49669" lon="-73.61763"><ele>116</ele></trkpt><trkpt lat="45.49669" lon="-73.61763"><ele>116</ele></trkpt><trkpt lat="45.49679" lon="-73.61760"><ele>116</ele></trkpt><trkpt lat="45.49681" lon="-73.61759"><ele>116</ele></trkpt><trkpt lat="45.49710" lon="-73.61748"><ele>116</ele></trkpt><trkpt lat="45.49717" lon="-73.61745"><ele>117</ele></trkpt><trkpt lat="45.49717" lon="-73.61745"><ele>117</ele></trkpt><trkpt lat="45.49722" lon="-73.61743"><ele>117</ele></trkpt><trkpt lat="45.49731" lon="-73.61739"><ele>117</ele></trkpt><trkpt lat="45.49740" lon="-73.61734"><ele>117</ele></trkpt><trkpt lat="45.49755" lon="-73.61724"><ele>118</ele></trkpt><trkpt lat="45.49765" lon="-73.61716"><ele>118</ele></trkpt><trkpt lat="45.49776" lon="-73.61705"><ele>118</ele></trkpt><trkpt lat="45.49786" lon="-73.61695"><ele>119</ele></trkpt><trkpt lat="45.49802" lon="-73.61677"><ele>120</ele></trkpt><trkpt lat="45.49814" lon="-73.61663"><ele>121</ele></trkpt><trkpt lat="45.49827" lon="-73.61647"><ele>123</ele></trkpt><trkpt lat="45.49834" lon="-73.61640"><ele>124</ele></trkpt><trkpt lat="45.49839" lon="-73.61636"><ele>125</ele></trkpt><trkpt lat="45.49847" lon="-73.61631"><ele>126</ele></trkpt><trkpt lat="45.49855" lon="-73.61628"><ele>127</ele></trkpt><trkpt lat="45.49864" lon="-73.61626"><ele>127</ele></trkpt><trkpt lat="45.49875" lon="-73.61626"><ele>128</ele></trkpt><trkpt lat="45.49892" lon="-73.61630"><ele>130</ele></trkpt><trkpt lat="45.49903" lon="-73.61636"><ele>131</ele></trkpt><trkpt lat="45.49907" lon="-73.61624"><ele>132</ele></trkpt><trkpt lat="45.49912" lon="-73.61612"><ele>133</ele></trkpt><trkpt lat="45.49923" lon="-73.61589"><ele>134</ele></trkpt><trkpt lat="45.49928" lon="-73.61579"><ele>135</ele></trkpt><trkpt lat="45.49934" lon="-73.61562"><ele>136</ele></trkpt><trkpt lat="45.49938" lon="-73.61552"><ele>137</ele></trkpt><trkpt lat="45.49943" lon="-73.61541"><ele>138</ele></trkpt><trkpt lat="45.49949" lon="-73.61532"><ele>138</ele></trkpt><trkpt lat="45.49953" lon="-73.61526"><ele>139</ele></trkpt><trkpt lat="45.49962" lon="-73.61516"><ele>139</ele></trkpt><trkpt lat="45.49972" lon="-73.61507"><ele>140</ele></trkpt><trkpt lat="45.49993" lon="-73.61488"><ele>141</ele></trkpt><trkpt lat="45.50005" lon="-73.61477"><ele>142</ele></trkpt><trkpt lat="45.50020" lon="-73.61464"><ele>143</ele></trkpt><trkpt lat="45.50025" lon="-73.61460"><ele>144</ele></trkpt><trkpt lat="45.50085" lon="-73.61412"><ele>147</ele></trkpt><trkpt lat="45.50109" lon="-73.61393"><ele>148</ele></trkpt><trkpt lat="45.50119" lon="-73.61384"><ele>149</ele></trkpt><trkpt lat="45.50121" lon="-73.61382"><ele>150</ele></trkpt><trkpt lat="45.50244" lon="-73.61272"><ele>152</ele></trkpt><trkpt lat="45.50251" lon="-73.61267"><ele>153</ele></trkpt><trkpt lat="45.50253" lon="-73.61272"><ele>153</ele></trkpt><trkpt lat="45.50254" lon="-73.61276"><ele>154</ele></trkpt><trkpt lat="45.50261" lon="-73.61298"><ele>154</ele></trkpt><trkpt lat="45.50261" lon="-73.61298"><ele>154</ele></trkpt><trkpt lat="45.50270" lon="-73.61323"><ele>154</ele></trkpt><trkpt lat="45.50275" lon="-73.61329"><ele>154</ele></trkpt><trkpt lat="45.50286" lon="-73.61357"><ele>154</ele></trkpt><trkpt lat="45.50294" lon="-73.61372"><ele>154</ele></trkpt><trkpt lat="45.50301" lon="-73.61380"><ele>154</ele></trkpt><trkpt lat="45.50308" lon="-73.61386"><ele>154</ele></trkpt><trkpt lat="45.50324" lon="-73.61396"><ele>154</ele></trkpt><trkpt lat="45.50350" lon="-73.61405"><ele>154</ele></trkpt><trkpt lat="45.50369" lon="-73.61411"><ele>154</ele></trkpt><trkpt lat="45.50378" lon="-73.61415"><ele>154</ele></trkpt><trkpt lat="45.50388" lon="-73.61421"><ele>154</ele></trkpt><trkpt lat="45.50400" lon="-73.61430"><ele>153</ele></trkpt><trkpt lat="45.50411" lon="-73.61442"><ele>151</ele></trkpt><trkpt lat="45.50417" lon="-73.61451"><ele>149</ele></trkpt><trkpt lat="45.50424" lon="-73.61462"><ele>148</ele></trkpt><trkpt lat="45.50432" lon="-73.61477"><ele>146</ele></trkpt><trkpt lat="45.50439" lon="-73.61493"><ele>144</ele></trkpt><trkpt lat="45.50460" lon="-73.61537"><ele>141</ele></trkpt><trkpt lat="45.50464" lon="-73.61545"><ele>139</ele></trkpt><trkpt lat="45.50469" lon="-73.61557"><ele>138</ele></trkpt><trkpt lat="45.50471" lon="-73.61563"><ele>136</ele></trkpt><trkpt lat="45.50472" lon="-73.61569"><ele>135</ele></trkpt><trkpt lat="45.50472" lon="-73.61574"><ele>134</ele></trkpt><trkpt lat="45.50473" lon="-73.61579"><ele>133</ele></trkpt><trkpt lat="45.50472" lon="-73.61585"><ele>133</ele></trkpt><trkpt lat="45.50471" lon="-73.61593"><ele>132</ele></trkpt><trkpt lat="45.50469" lon="-73.61601"><ele>131</ele></trkpt><trkpt lat="45.50467" lon="-73.61606"><ele>131</ele></trkpt><trkpt lat="45.50463" lon="-73.61612"><ele>130</ele></trkpt><trkpt lat="45.50460" lon="-73.61616"><ele>129</ele></trkpt><trkpt lat="45.50448" lon="-73.61627"><ele>129</ele></trkpt><trkpt lat="45.50414" lon="-73.61655"><ele>127</ele></trkpt><trkpt lat="45.50385" lon="-73.61679"><ele>124</ele></trkpt><trkpt lat="45.50375" lon="-73.61687"><ele>122</ele></trkpt><trkpt lat="45.50359" lon="-73.61701"><ele>120</ele></trkpt><trkpt lat="45.50350" lon="-73.61709"><ele>119</ele></trkpt><trkpt lat="45.50343" lon="-73.61718"><ele>117</ele></trkpt><trkpt lat="45.50339" lon="-73.61725"><ele>116</ele></trkpt><trkpt lat="45.50335" lon="-73.61733"><ele>115</ele></trkpt><trkpt lat="45.50330" lon="-73.61749"><ele>114</ele></trkpt><trkpt lat="45.50327" lon="-73.61759"><ele>113</ele></trkpt><trkpt lat="45.50320" lon="-73.61782"><ele>112</ele></trkpt><trkpt lat="45.50315" lon="-73.61804"><ele>111</ele></trkpt><trkpt lat="45.50314" lon="-73.61808"><ele>110</ele></trkpt><trkpt lat="45.50311" lon="-73.61818"><ele>110</ele></trkpt><trkpt lat="45.50311" lon="-73.61824"><ele>110</ele></trkpt><trkpt lat="45.50311" lon="-73.61829"><ele>109</ele></trkpt><trkpt lat="45.50312" lon="-73.61833"><ele>109</ele></trkpt><trkpt lat="45.50312" lon="-73.61839"><ele>109</ele></trkpt><trkpt lat="45.50314" lon="-73.61845"><ele>109</ele></trkpt><trkpt lat="45.50320" lon="-73.61860"><ele>109</ele></trkpt><trkpt lat="45.50324" lon="-73.61869"><ele>109</ele></trkpt><trkpt lat="45.50325" lon="-73.61874"><ele>109</ele></trkpt><trkpt lat="45.50326" lon="-73.61887"><ele>109</ele></trkpt><trkpt lat="45.50334" lon="-73.61880"><ele>109</ele></trkpt><trkpt lat="45.50336" lon="-73.61878"><ele>109</ele></trkpt><trkpt lat="45.50418" lon="-73.61802"><ele>109</ele></trkpt><trkpt lat="45.50425" lon="-73.61795"><ele>109</ele></trkpt><trkpt lat="45.50444" lon="-73.61778"><ele>109</ele></trkpt><trkpt lat="45.50506" lon="-73.61723"><ele>109</ele></trkpt><trkpt lat="45.50506" lon="-73.61723"><ele>110</ele></trkpt><trkpt lat="45.50527" lon="-73.61704"><ele>110</ele></trkpt><trkpt lat="45.50614" lon="-73.61626"><ele>110</ele></trkpt><trkpt lat="45.50659" lon="-73.61585"><ele>110</ele></trkpt><trkpt lat="45.50696" lon="-73.61551"><ele>110</ele></trkpt><trkpt lat="45.50718" lon="-73.61531"><ele>110</ele></trkpt><trkpt lat="45.50723" lon="-73.61527"><ele>110</ele></trkpt><trkpt lat="45.50728" lon="-73.61523"><ele>110</ele></trkpt><trkpt lat="45.50732" lon="-73.61519"><ele>110</ele></trkpt><trkpt lat="45.50738" lon="-73.61513"><ele>110</ele></trkpt><trkpt lat="45.50765" lon="-73.61489"><ele>110</ele></trkpt><trkpt lat="45.50809" lon="-73.61450"><ele>110</ele></trkpt><trkpt lat="45.50906" lon="-73.61362"><ele>111</ele></trkpt><trkpt lat="45.50935" lon="-73.61336"><ele>112</ele></trkpt><trkpt lat="45.50942" lon="-73.61329"><ele>113</ele></trkpt><trkpt lat="45.50960" lon="-73.61313"><ele>114</ele></trkpt><trkpt lat="45.50973" lon="-73.61293"><ele>115</ele></trkpt><trkpt lat="45.50979" lon="-73.61285"><ele>115</ele></trkpt><trkpt lat="45.50983" lon="-73.61278"><ele>116</ele></trkpt><trkpt lat="45.50988" lon="-73.61265"><ele>116</ele></trkpt><trkpt lat="45.50994" lon="-73.61250"><ele>115</ele></trkpt><trkpt lat="45.51000" lon="-73.61238"><ele>115</ele></trkpt><trkpt lat="45.51004" lon="-73.61232"><ele>115</ele></trkpt><trkpt lat="45.51010" lon="-73.61225"><ele>115</ele></trkpt><trkpt lat="45.51013" lon="-73.61223"><ele>114</ele></trkpt><trkpt lat="45.51019" lon="-73.61222"><ele>114</ele></trkpt><trkpt lat="45.51026" lon="-73.61237"><ele>114</ele></trkpt><trkpt lat="45.51037" lon="-73.61260"><ele>113</ele></trkpt><trkpt lat="45.51049" lon="-73.61288"><ele>113</ele></trkpt><trkpt lat="45.51053" lon="-73.61296"><ele>113</ele></trkpt><trkpt lat="45.51056" lon="-73.61302"><ele>112</ele></trkpt><trkpt lat="45.51067" lon="-73.61324"><ele>112</ele></trkpt><trkpt lat="45.51071" lon="-73.61328"><ele>112</ele></trkpt><trkpt lat="45.51075" lon="-73.61336"><ele>112</ele></trkpt><trkpt lat="45.51076" lon="-73.61340"><ele>111</ele></trkpt><trkpt lat="45.51080" lon="-73.61349"><ele>111</ele></trkpt><trkpt lat="45.51091" lon="-73.61374"><ele>111</ele></trkpt><trkpt lat="45.51093" lon="-73.61382"><ele>111</ele></trkpt><trkpt lat="45.51098" lon="-73.61393"><ele>111</ele></trkpt><trkpt lat="45.51098" lon="-73.61393"><ele>110</ele></trkpt><trkpt lat="45.51099" lon="-73.61395"><ele>110</ele></trkpt><trkpt lat="45.51123" lon="-73.61449"><ele>110</ele></trkpt><trkpt lat="45.51136" lon="-73.61478"><ele>109</ele></trkpt><trkpt lat="45.51139" lon="-73.61486"><ele>109</ele></trkpt><trkpt lat="45.51147" lon="-73.61504"><ele>108</ele></trkpt><trkpt lat="45.51161" lon="-73.61534"><ele>108</ele></trkpt><trkpt lat="45.51166" lon="-73.61543"><ele>107</ele></trkpt><trkpt lat="45.51167" lon="-73.61546"><ele>107</ele></trkpt><trkpt lat="45.51172" lon="-73.61553"><ele>106</ele></trkpt><trkpt lat="45.51180" lon="-73.61539"><ele>106</ele></trkpt><trkpt lat="45.51182" lon="-73.61535"><ele>105</ele></trkpt><trkpt lat="45.51193" lon="-73.61515"><ele>105</ele></trkpt><trkpt lat="45.51212" lon="-73.61478"><ele>104</ele></trkpt><trkpt lat="45.51235" lon="-73.61432"><ele>104</ele></trkpt><trkpt lat="45.51235" lon="-73.61432"><ele>103</ele></trkpt><trkpt lat="45.51243" lon="-73.61417"><ele>103</ele></trkpt><trkpt lat="45.51275" lon="-73.61355"><ele>102</ele></trkpt><trkpt lat="45.51294" lon="-73.61321"><ele>100</ele></trkpt><trkpt lat="45.51296" lon="-73.61317"><ele>99</ele></trkpt><trkpt lat="45.51300" lon="-73.61311"><ele>99</ele></trkpt><trkpt lat="45.51305" lon="-73.61302"><ele>98</ele></trkpt><trkpt lat="45.51307" lon="-73.61298"><ele>97</ele></trkpt><trkpt lat="45.51332" lon="-73.61253"><ele>97</ele></trkpt><trkpt lat="45.51355" lon="-73.61213"><ele>96</ele></trkpt><trkpt lat="45.51396" lon="-73.61140"><ele>94</ele></trkpt><trkpt lat="45.51399" lon="-73.61135"><ele>93</ele></trkpt><trkpt lat="45.51402" lon="-73.61129"><ele>92</ele></trkpt><trkpt lat="45.51404" lon="-73.61125"><ele>91</ele></trkpt><trkpt lat="45.51405" lon="-73.61122"><ele>91</ele></trkpt><trkpt lat="45.51406" lon="-73.61119"><ele>90</ele></trkpt><trkpt lat="45.51407" lon="-73.61116"><ele>90</ele></trkpt><trkpt lat="45.51408" lon="-73.61114"><ele>90</ele></trkpt><trkpt lat="45.51409" lon="-73.61109"><ele>90</ele></trkpt><trkpt lat="45.51411" lon="-73.61101"><ele>89</ele></trkpt><trkpt lat="45.51415" lon="-73.61088"><ele>89</ele></trkpt><trkpt lat="45.51416" lon="-73.61084"><ele>89</ele></trkpt><trkpt lat="45.51420" lon="-73.61071"><ele>89</ele></trkpt><trkpt lat="45.51425" lon="-73.61053"><ele>89</ele></trkpt><trkpt lat="45.51429" lon="-73.61038"><ele>88</ele></trkpt><trkpt lat="45.51434" lon="-73.61020"><ele>88</ele></trkpt><trkpt lat="45.51445" lon="-73.60981"><ele>88</ele></trkpt><trkpt lat="45.51455" lon="-73.60944"><ele>88</ele></trkpt><trkpt lat="45.51456" lon="-73.60939"><ele>88</ele></trkpt><trkpt lat="45.51458" lon="-73.60932"><ele>88</ele></trkpt><trkpt lat="45.51451" lon="-73.60928"><ele>88</ele></trkpt><trkpt lat="45.51448" lon="-73.60927"><ele>88</ele></trkpt><trkpt lat="45.51443" lon="-73.60925"><ele>88</ele></trkpt><trkpt lat="45.51435" lon="-73.60920"><ele>88</ele></trkpt><trkpt lat="45.51431" lon="-73.60918"><ele>89</ele></trkpt><trkpt lat="45.51427" lon="-73.60914"><ele>89</ele></trkpt><trkpt lat="45.51423" lon="-73.60909"><ele>89</ele></trkpt><trkpt lat="45.51409" lon="-73.60878"><ele>89</ele></trkpt><trkpt lat="45.51384" lon="-73.60821"><ele>91</ele></trkpt><trkpt lat="45.51382" lon="-73.60816"><ele>93</ele></trkpt><trkpt lat="45.51373" lon="-73.60796"><ele>94</ele></trkpt><trkpt lat="45.51373" lon="-73.60796"><ele>95</ele></trkpt><trkpt lat="45.51333" lon="-73.60708"><ele>99</ele></trkpt><trkpt lat="45.51330" lon="-73.60702"><ele>102</ele></trkpt><trkpt lat="45.51327" lon="-73.60696"><ele>104</ele></trkpt><trkpt lat="45.51282" lon="-73.60597"><ele>108</ele></trkpt><trkpt lat="45.51279" lon="-73.60589"><ele>110</ele></trkpt><trkpt lat="45.51276" lon="-73.60583"><ele>112</ele></trkpt><trkpt lat="45.51185" lon="-73.60381"><ele>117</ele></trkpt><trkpt lat="45.51183" lon="-73.60379"><ele>120</ele></trkpt><trkpt lat="45.51176" lon="-73.60375"><ele>122</ele></trkpt><trkpt lat="45.51179" lon="-73.60365"><ele>123</ele></trkpt><trkpt lat="45.51197" lon="-73.60295"><ele>123</ele></trkpt><trkpt lat="45.51197" lon="-73.60295"><ele>124</ele></trkpt><trkpt lat="45.51207" lon="-73.60255"><ele>124</ele></trkpt><trkpt lat="45.51214" lon="-73.60228"><ele>124</ele></trkpt><trkpt lat="45.51219" lon="-73.60212"><ele>124</ele></trkpt><trkpt lat="45.51222" lon="-73.60198"><ele>124</ele></trkpt><trkpt lat="45.51247" lon="-73.60112"><ele>124</ele></trkpt><trkpt lat="45.51248" lon="-73.60108"><ele>124</ele></trkpt><trkpt lat="45.51251" lon="-73.60102"><ele>124</ele></trkpt><trkpt lat="45.51250" lon="-73.60096"><ele>124</ele></trkpt><trkpt lat="45.51249" lon="-73.60084"><ele>123</ele></trkpt><trkpt lat="45.51220" lon="-73.60014"><ele>123</ele></trkpt><trkpt lat="45.51218" lon="-73.60007"><ele>123</ele></trkpt><trkpt lat="45.51216" lon="-73.60001"><ele>123</ele></trkpt><trkpt lat="45.51223" lon="-73.59994"><ele>122</ele></trkpt><trkpt lat="45.51225" lon="-73.59993"><ele>122</ele></trkpt><trkpt lat="45.51247" lon="-73.59972"><ele>122</ele></trkpt><trkpt lat="45.51308" lon="-73.59912"><ele>122</ele></trkpt><trkpt lat="45.51360" lon="-73.59861"><ele>120</ele></trkpt><trkpt lat="45.51366" lon="-73.59856"><ele>119</ele></trkpt><trkpt lat="45.51413" lon="-73.59808"><ele>118</ele></trkpt><trkpt lat="45.51440" lon="-73.59770"><ele>116</ele></trkpt><trkpt lat="45.51451" lon="-73.59751"><ele>115</ele></trkpt><trkpt lat="45.51457" lon="-73.59737"><ele>114</ele></trkpt><trkpt lat="45.51463" lon="-73.59713"><ele>113</ele></trkpt><trkpt lat="45.51466" lon="-73.59694"><ele>113</ele></trkpt><trkpt lat="45.51467" lon="-73.59681"><ele>112</ele></trkpt><trkpt lat="45.51468" lon="-73.59656"><ele>111</ele></trkpt><trkpt lat="45.51469" lon="-73.59633"><ele>111</ele></trkpt><trkpt lat="45.51469" lon="-73.59599"><ele>110</ele></trkpt><trkpt lat="45.51470" lon="-73.59564"><ele>109</ele></trkpt><trkpt lat="45.51470" lon="-73.59534"><ele>109</ele></trkpt><trkpt lat="45.51470" lon="-73.59505"><ele>108</ele></trkpt><trkpt lat="45.51469" lon="-73.59498"><ele>108</ele></trkpt><trkpt lat="45.51465" lon="-73.59397"><ele>107</ele></trkpt><trkpt lat="45.51464" lon="-73.59367"><ele>106</ele></trkpt><trkpt lat="45.51462" lon="-73.59309"><ele>105</ele></trkpt><trkpt lat="45.51460" lon="-73.59239"><ele>104</ele></trkpt><trkpt lat="45.51459" lon="-73.59229"><ele>103</ele></trkpt><trkpt lat="45.51458" lon="-73.59194"><ele>102</ele></trkpt><trkpt lat="45.51458" lon="-73.59186"><ele>101</ele></trkpt><trkpt lat="45.51459" lon="-73.59177"><ele>100</ele></trkpt><trkpt lat="45.51461" lon="-73.59170"><ele>99</ele></trkpt><trkpt lat="45.51462" lon="-73.59165"><ele>99</ele></trkpt><trkpt lat="45.51462" lon="-73.59165"><ele>99</ele></trkpt><trkpt lat="45.51463" lon="-73.59163"><ele>98</ele></trkpt><trkpt lat="45.51465" lon="-73.59157"><ele>98</ele></trkpt><trkpt lat="45.51467" lon="-73.59150"><ele>98</ele></trkpt><trkpt lat="45.51471" lon="-73.59144"><ele>97</ele></trkpt><trkpt lat="45.51474" lon="-73.59138"><ele>97</ele></trkpt><trkpt lat="45.51482" lon="-73.59128"><ele>97</ele></trkpt><trkpt lat="45.51509" lon="-73.59107"><ele>96</ele></trkpt><trkpt lat="45.51541" lon="-73.59076"><ele>94</ele></trkpt><trkpt lat="45.51574" lon="-73.59044"><ele>92</ele></trkpt><trkpt lat="45.51574" lon="-73.59042"><ele>91</ele></trkpt><trkpt lat="45.51579" lon="-73.59027"><ele>90</ele></trkpt><trkpt lat="45.51586" lon="-73.59020"><ele>89</ele></trkpt><trkpt lat="45.51588" lon="-73.59018"><ele>88</ele></trkpt><trkpt lat="45.51591" lon="-73.59015"><ele>87</ele></trkpt><trkpt lat="45.51616" lon="-73.58991"><ele>86</ele></trkpt><trkpt lat="45.51626" lon="-73.58982"><ele>85</ele></trkpt><trkpt lat="45.51666" lon="-73.58944"><ele>82</ele></trkpt><trkpt lat="45.51667" lon="-73.58942"><ele>81</ele></trkpt><trkpt lat="45.51679" lon="-73.58932"><ele>79</ele></trkpt><trkpt lat="45.51689" lon="-73.58923"><ele>78</ele></trkpt><trkpt lat="45.51690" lon="-73.58921"><ele>77</ele></trkpt><trkpt lat="45.51747" lon="-73.58871"><ele>74</ele></trkpt><trkpt lat="45.51749" lon="-73.58869"><ele>72</ele></trkpt><trkpt lat="45.51753" lon="-73.58866"><ele>71</ele></trkpt><trkpt lat="45.51758" lon="-73.58862"><ele>70</ele></trkpt><trkpt lat="45.51760" lon="-73.58861"><ele>70</ele></trkpt><trkpt lat="45.51791" lon="-73.58834"><ele>69</ele></trkpt><trkpt lat="45.51812" lon="-73.58814"><ele>69</ele></trkpt><trkpt lat="45.51820" lon="-73.58807"><ele>69</ele></trkpt><trkpt lat="45.51826" lon="-73.58802"><ele>69</ele></trkpt><trkpt lat="45.51837" lon="-73.58793"><ele>69</ele></trkpt><trkpt lat="45.51851" lon="-73.58781"><ele>69</ele></trkpt><trkpt lat="45.51851" lon="-73.58781"><ele>69</ele></trkpt><trkpt lat="45.51883" lon="-73.58753"><ele>69</ele></trkpt><trkpt lat="45.51885" lon="-73.58751"><ele>69</ele></trkpt><trkpt lat="45.51889" lon="-73.58748"><ele>69</ele></trkpt><trkpt lat="45.51893" lon="-73.58744"><ele>69</ele></trkpt><trkpt lat="45.51889" lon="-73.58736"><ele>69</ele></trkpt><trkpt lat="45.51865" lon="-73.58683"><ele>68</ele></trkpt><trkpt lat="45.51861" lon="-73.58673"><ele>67</ele></trkpt><trkpt lat="45.51822" lon="-73.58589"><ele>67</ele></trkpt><trkpt lat="45.51822" lon="-73.58589"><ele>67</ele></trkpt><trkpt lat="45.51806" lon="-73.58554"><ele>67</ele></trkpt><trkpt lat="45.51793" lon="-73.58525"><ele>68</ele></trkpt><trkpt lat="45.51791" lon="-73.58522"><ele>68</ele></trkpt><trkpt lat="45.51789" lon="-73.58516"><ele>68</ele></trkpt><trkpt lat="45.51787" lon="-73.58512"><ele>68</ele></trkpt><trkpt lat="45.51706" lon="-73.58333"><ele>68</ele></trkpt><trkpt lat="45.51702" lon="-73.58324"><ele>68</ele></trkpt><trkpt lat="45.51688" lon="-73.58293"><ele>68</ele></trkpt><trkpt lat="45.51687" lon="-73.58290"><ele>68</ele></trkpt><trkpt lat="45.51685" lon="-73.58286"><ele>68</ele></trkpt><trkpt lat="45.51683" lon="-73.58281"><ele>67</ele></trkpt><trkpt lat="45.51679" lon="-73.58275"><ele>67</ele></trkpt><trkpt lat="45.51660" lon="-73.58233"><ele>67</ele></trkpt><trkpt lat="45.51602" lon="-73.58106"><ele>66</ele></trkpt><trkpt lat="45.51581" lon="-73.58059"><ele>65</ele></trkpt><trkpt lat="45.51579" lon="-73.58055"><ele>64</ele></trkpt><trkpt lat="45.51577" lon="-73.58050"><ele>64</ele></trkpt><trkpt lat="45.51574" lon="-73.58043"><ele>63</ele></trkpt><trkpt lat="45.51531" lon="-73.57948"><ele>62</ele></trkpt><trkpt lat="45.51530" lon="-73.57946"><ele>61</ele></trkpt><trkpt lat="45.51527" lon="-73.57940"><ele>61</ele></trkpt><trkpt lat="45.51526" lon="-73.57938"><ele>60</ele></trkpt><trkpt lat="45.51513" lon="-73.57909"><ele>60</ele></trkpt><trkpt lat="45.51503" lon="-73.57885"><ele>59</ele></trkpt><trkpt lat="45.51483" lon="-73.57842"><ele>58</ele></trkpt><trkpt lat="45.51480" lon="-73.57836"><ele>58</ele></trkpt><trkpt lat="45.51477" lon="-73.57829"><ele>57</ele></trkpt><trkpt lat="45.51473" lon="-73.57820"><ele>57</ele></trkpt><trkpt lat="45.51466" lon="-73.57806"><ele>56</ele></trkpt><trkpt lat="45.51459" lon="-73.57790"><ele>56</ele></trkpt><trkpt lat="45.51445" lon="-73.57760"><ele>56</ele></trkpt><trkpt lat="45.51422" lon="-73.57706"><ele>55</ele></trkpt><trkpt lat="45.51386" lon="-73.57627"><ele>54</ele></trkpt><trkpt lat="45.51385" lon="-73.57624"><ele>53</ele></trkpt><trkpt lat="45.51384" lon="-73.57621"><ele>52</ele></trkpt><trkpt lat="45.51381" lon="-73.57615"><ele>51</ele></trkpt><trkpt lat="45.51374" lon="-73.57621"><ele>51</ele></trkpt><trkpt lat="45.51372" lon="-73.57623"><ele>51</ele></trkpt><trkpt lat="45.51360" lon="-73.57634"><ele>51</ele></trkpt><trkpt lat="45.51324" lon="-73.57666"><ele>51</ele></trkpt><trkpt lat="45.51293" lon="-73.57695"><ele>52</ele></trkpt><trkpt lat="45.51287" lon="-73.57699"><ele>52</ele></trkpt><trkpt lat="45.51281" lon="-73.57705"><ele>52</ele></trkpt><trkpt lat="45.51271" lon="-73.57714"><ele>52</ele></trkpt><trkpt lat="45.51271" lon="-73.57714"><ele>52</ele></trkpt><trkpt lat="45.51214" lon="-73.57765"><ele>53</ele></trkpt><trkpt lat="45.51203" lon="-73.57775"><ele>53</ele></trkpt><trkpt lat="45.51189" lon="-73.57788"><ele>53</ele></trkpt><trkpt lat="45.51174" lon="-73.57801"><ele>53</ele></trkpt><trkpt lat="45.51168" lon="-73.57807"><ele>54</ele></trkpt><trkpt lat="45.51156" lon="-73.57819"><ele>54</ele></trkpt><trkpt lat="45.51159" lon="-73.57827"><ele>54</ele></trkpt><trkpt lat="45.51161" lon="-73.57830"><ele>54</ele></trkpt><trkpt lat="45.51163" lon="-73.57834"><ele>54</ele></trkpt><trkpt lat="45.51176" lon="-73.57863"><ele>54</ele></trkpt><trkpt lat="45.51195" lon="-73.57904"><ele>54</ele></trkpt><trkpt lat="45.51200" lon="-73.57914"><ele>54</ele></trkpt><trkpt lat="45.51202" lon="-73.57919"><ele>54</ele></trkpt><trkpt lat="45.51208" lon="-73.57931"><ele>54</ele></trkpt><trkpt lat="45.51218" lon="-73.57954"><ele>54</ele></trkpt><trkpt lat="45.51253" lon="-73.58029"><ele>56</ele></trkpt><trkpt lat="45.51340" lon="-73.58219"><ele>61</ele></trkpt><trkpt lat="45.51344" lon="-73.58227"><ele>64</ele></trkpt><trkpt lat="45.51348" lon="-73.58235"><ele>66</ele></trkpt><trkpt lat="45.51464" lon="-73.58483"><ele>69</ele></trkpt><trkpt lat="45.51466" lon="-73.58487"><ele>71</ele></trkpt><trkpt lat="45.51467" lon="-73.58488"><ele>73</ele></trkpt><trkpt lat="45.51467" lon="-73.58488"><ele>74</ele></trkpt><trkpt lat="45.51469" lon="-73.58494"><ele>74</ele></trkpt><trkpt lat="45.51483" lon="-73.58524"><ele>75</ele></trkpt><trkpt lat="45.51612" lon="-73.58803"><ele>75</ele></trkpt><trkpt lat="45.51614" lon="-73.58815"><ele>76</ele></trkpt><trkpt lat="45.51614" lon="-73.58823"><ele>76</ele></trkpt><trkpt lat="45.51613" lon="-73.58830"><ele>77</ele></trkpt><trkpt lat="45.51612" lon="-73.58835"><ele>77</ele></trkpt><trkpt lat="45.51610" lon="-73.58839"><ele>77</ele></trkpt><trkpt lat="45.51605" lon="-73.58859"><ele>78</ele></trkpt><trkpt lat="45.51590" lon="-73.58906"><ele>79</ele></trkpt><trkpt lat="45.51576" lon="-73.58954"><ele>81</ele></trkpt><trkpt lat="45.51573" lon="-73.58964"><ele>82</ele></trkpt><trkpt lat="45.51573" lon="-73.58974"><ele>83</ele></trkpt><trkpt lat="45.51570" lon="-73.58993"><ele>83</ele></trkpt><trkpt lat="45.51570" lon="-73.59006"><ele>84</ele></trkpt><trkpt lat="45.51572" lon="-73.59015"><ele>85</ele></trkpt><trkpt lat="45.51573" lon="-73.59019"><ele>85</ele></trkpt><trkpt lat="45.51579" lon="-73.59027"><ele>86</ele></trkpt><trkpt lat="45.51570" lon="-73.59031"><ele>86</ele></trkpt><trkpt lat="45.51568" lon="-73.59033"><ele>87</ele></trkpt><trkpt lat="45.51558" lon="-73.59039"><ele>87</ele></trkpt><trkpt lat="45.51523" lon="-73.59067"><ele>88</ele></trkpt><trkpt lat="45.51507" lon="-73.59069"><ele>89</ele></trkpt><trkpt lat="45.51504" lon="-73.59069"><ele>90</ele></trkpt><trkpt lat="45.51499" lon="-73.59070"><ele>91</ele></trkpt><trkpt lat="45.51494" lon="-73.59069"><ele>91</ele></trkpt><trkpt lat="45.51489" lon="-73.59069"><ele>92</ele></trkpt><trkpt lat="45.51484" lon="-73.59067"><ele>92</ele></trkpt><trkpt lat="45.51480" lon="-73.59064"><ele>92</ele></trkpt><trkpt lat="45.51473" lon="-73.59060"><ele>93</ele></trkpt><trkpt lat="45.51465" lon="-73.59052"><ele>93</ele></trkpt><trkpt lat="45.51456" lon="-73.59041"><ele>94</ele></trkpt><trkpt lat="45.51442" lon="-73.59023"><ele>94</ele></trkpt><trkpt lat="45.51397" lon="-73.58953"><ele>96</ele></trkpt><trkpt lat="45.51387" lon="-73.58939"><ele>98</ele></trkpt><trkpt lat="45.51378" lon="-73.58925"><ele>99</ele></trkpt><trkpt lat="45.51373" lon="-73.58918"><ele>100</ele></trkpt><trkpt lat="45.51368" lon="-73.58914"><ele>101</ele></trkpt><trkpt lat="45.51364" lon="-73.58911"><ele>102</ele></trkpt><trkpt lat="45.51360" lon="-73.58908"><ele>102</ele></trkpt><trkpt lat="45.51355" lon="-73.58905"><ele>103</ele></trkpt><trkpt lat="45.51351" lon="-73.58904"><ele>103</ele></trkpt><trkpt lat="45.51346" lon="-73.58903"><ele>104</ele></trkpt><trkpt lat="45.51342" lon="-73.58903"><ele>104</ele></trkpt><trkpt lat="45.51336" lon="-73.58903"><ele>105</ele></trkpt><trkpt lat="45.51331" lon="-73.58905"><ele>105</ele></trkpt><trkpt lat="45.51326" lon="-73.58907"><ele>106</ele></trkpt><trkpt lat="45.51322" lon="-73.58909"><ele>106</ele></trkpt><trkpt lat="45.51319" lon="-73.58911"><ele>107</ele></trkpt><trkpt lat="45.51316" lon="-73.58913"><ele>107</ele></trkpt><trkpt lat="45.51314" lon="-73.58915"><ele>107</ele></trkpt><trkpt lat="45.51311" lon="-73.58918"><ele>107</ele></trkpt><trkpt lat="45.51309" lon="-73.58921"><ele>108</ele></trkpt><trkpt lat="45.51305" lon="-73.58926"><ele>108</ele></trkpt><trkpt lat="45.51303" lon="-73.58931"><ele>108</ele></trkpt><trkpt lat="45.51300" lon="-73.58937"><ele>109</ele></trkpt><trkpt lat="45.51298" lon="-73.58943"><ele>109</ele></trkpt><trkpt lat="45.51296" lon="-73.58950"><ele>110</ele></trkpt><trkpt lat="45.51295" lon="-73.58954"><ele>110</ele></trkpt><trkpt lat="45.51294" lon="-73.58959"><ele>110</ele></trkpt><trkpt lat="45.51294" lon="-73.58963"><ele>111</ele></trkpt><trkpt lat="45.51293" lon="-73.58967"><ele>111</ele></trkpt><trkpt lat="45.51293" lon="-73.58971"><ele>111</ele></trkpt><trkpt lat="45.51293" lon="-73.58976"><ele>111</ele></trkpt><trkpt lat="45.51294" lon="-73.58980"><ele>112</ele></trkpt><trkpt lat="45.51294" lon="-73.58985"><ele>112</ele></trkpt><trkpt lat="45.51295" lon="-73.58989"><ele>112</ele></trkpt><trkpt lat="45.51296" lon="-73.58996"><ele>113</ele></trkpt><trkpt lat="45.51307" lon="-73.59050"><ele>114</ele></trkpt><trkpt lat="45.51313" lon="-73.59080"><ele>115</ele></trkpt><trkpt lat="45.51325" lon="-73.59151"><ele>118</ele></trkpt><trkpt lat="45.51325" lon="-73.59151"><ele>119</ele></trkpt><trkpt lat="45.51327" lon="-73.59163"><ele>121</ele></trkpt><trkpt lat="45.51336" lon="-73.59220"><ele>122</ele></trkpt><trkpt lat="45.51339" lon="-73.59237"><ele>124</ele></trkpt><trkpt lat="45.51343" lon="-73.59260"><ele>126</ele></trkpt><trkpt lat="45.51344" lon="-73.59267"><ele>127</ele></trkpt><trkpt lat="45.51344" lon="-73.59273"><ele>128</ele></trkpt><trkpt lat="45.51345" lon="-73.59279"><ele>128</ele></trkpt><trkpt lat="45.51345" lon="-73.59288"><ele>129</ele></trkpt><trkpt lat="45.51346" lon="-73.59309"><ele>130</ele></trkpt><trkpt lat="45.51346" lon="-73.59324"><ele>131</ele></trkpt><trkpt lat="45.51345" lon="-73.59339"><ele>131</ele></trkpt><trkpt lat="45.51344" lon="-73.59349"><ele>132</ele></trkpt><trkpt lat="45.51344" lon="-73.59359"><ele>133</ele></trkpt><trkpt lat="45.51342" lon="-73.59371"><ele>133</ele></trkpt><trkpt lat="45.51340" lon="-73.59385"><ele>134</ele></trkpt><trkpt lat="45.51338" lon="-73.59400"><ele>135</ele></trkpt><trkpt lat="45.51335" lon="-73.59414"><ele>135</ele></trkpt><trkpt lat="45.51333" lon="-73.59423"><ele>136</ele></trkpt><trkpt lat="45.51331" lon="-73.59432"><ele>137</ele></trkpt><trkpt lat="45.51328" lon="-73.59441"><ele>137</ele></trkpt><trkpt lat="45.51326" lon="-73.59447"><ele>138</ele></trkpt><trkpt lat="45.51323" lon="-73.59458"><ele>138</ele></trkpt><trkpt lat="45.51319" lon="-73.59469"><ele>139</ele></trkpt><trkpt lat="45.51314" lon="-73.59479"><ele>139</ele></trkpt><trkpt lat="45.51308" lon="-73.59494"><ele>140</ele></trkpt><trkpt lat="45.51303" lon="-73.59506"><ele>140</ele></trkpt><trkpt lat="45.51295" lon="-73.59524"><ele>141</ele></trkpt><trkpt lat="45.51285" lon="-73.59543"><ele>142</ele></trkpt><trkpt lat="45.51281" lon="-73.59552"><ele>143</ele></trkpt><trkpt lat="45.51273" lon="-73.59569"><ele>144</ele></trkpt><trkpt lat="45.51272" lon="-73.59571"><ele>145</ele></trkpt><trkpt lat="45.51263" lon="-73.59591"><ele>146</ele></trkpt><trkpt lat="45.51255" lon="-73.59608"><ele>147</ele></trkpt><trkpt lat="45.51244" lon="-73.59631"><ele>148</ele></trkpt><trkpt lat="45.51239" lon="-73.59640"><ele>150</ele></trkpt><trkpt lat="45.51235" lon="-73.59647"><ele>151</ele></trkpt><trkpt lat="45.51230" lon="-73.59654"><ele>151</ele></trkpt><trkpt lat="45.51223" lon="-73.59660"><ele>152</ele></trkpt><trkpt lat="45.51214" lon="-73.59665"><ele>153</ele></trkpt><trkpt lat="45.51211" lon="-73.59666"><ele>154</ele></trkpt><trkpt lat="45.51205" lon="-73.59667"><ele>155</ele></trkpt><trkpt lat="45.51202" lon="-73.59667"><ele>155</ele></trkpt><trkpt lat="45.51196" lon="-73.59667"><ele>156</ele></trkpt><trkpt lat="45.51190" lon="-73.59665"><ele>156</ele></trkpt><trkpt lat="45.51184" lon="-73.59663"><ele>157</ele></trkpt><trkpt lat="45.51179" lon="-73.59661"><ele>157</ele></trkpt><trkpt lat="45.51174" lon="-73.59656"><ele>158</ele></trkpt><trkpt lat="45.51166" lon="-73.59647"><ele>159</ele></trkpt><trkpt lat="45.51162" lon="-73.59641"><ele>159</ele></trkpt><trkpt lat="45.51158" lon="-73.59634"><ele>160</ele></trkpt><trkpt lat="45.51155" lon="-73.59626"><ele>161</ele></trkpt><trkpt lat="45.51147" lon="-73.59609"><ele>162</ele></trkpt><trkpt lat="45.51141" lon="-73.59591"><ele>163</ele></trkpt><trkpt lat="45.51134" lon="-73.59574"><ele>163</ele></trkpt><trkpt lat="45.51130" lon="-73.59560"><ele>164</ele></trkpt><trkpt lat="45.51127" lon="-73.59551"><ele>165</ele></trkpt><trkpt lat="45.51124" lon="-73.59541"><ele>165</ele></trkpt><trkpt lat="45.51121" lon="-73.59531"><ele>166</ele></trkpt><trkpt lat="45.51119" lon="-73.59521"><ele>166</ele></trkpt><trkpt lat="45.51117" lon="-73.59511"><ele>167</ele></trkpt><trkpt lat="45.51115" lon="-73.59501"><ele>167</ele></trkpt><trkpt lat="45.51114" lon="-73.59492"><ele>168</ele></trkpt><trkpt lat="45.51113" lon="-73.59479"><ele>168</ele></trkpt><trkpt lat="45.51112" lon="-73.59468"><ele>169</ele></trkpt><trkpt lat="45.51110" lon="-73.59451"><ele>169</ele></trkpt><trkpt lat="45.51107" lon="-73.59433"><ele>170</ele></trkpt><trkpt lat="45.51105" lon="-73.59419"><ele>170</ele></trkpt><trkpt lat="45.51102" lon="-73.59407"><ele>171</ele></trkpt><trkpt lat="45.51098" lon="-73.59397"><ele>171</ele></trkpt><trkpt lat="45.51095" lon="-73.59388"><ele>172</ele></trkpt><trkpt lat="45.51079" lon="-73.59358"><ele>173</ele></trkpt><trkpt lat="45.51077" lon="-73.59352"><ele>174</ele></trkpt><trkpt lat="45.51071" lon="-73.59339"><ele>175</ele></trkpt><trkpt lat="45.51063" lon="-73.59325"><ele>176</ele></trkpt><trkpt lat="45.51053" lon="-73.59306"><ele>178</ele></trkpt><trkpt lat="45.51050" lon="-73.59303"><ele>179</ele></trkpt><trkpt lat="45.51018" lon="-73.59242"><ele>183</ele></trkpt><trkpt lat="45.51003" lon="-73.59212"><ele>187</ele></trkpt><trkpt lat="45.50992" lon="-73.59188"><ele>191</ele></trkpt><trkpt lat="45.50986" lon="-73.59175"><ele>194</ele></trkpt><trkpt lat="45.50982" lon="-73.59167"><ele>196</ele></trkpt><trkpt lat="45.50973" lon="-73.59150"><ele>199</ele></trkpt><trkpt lat="45.50969" lon="-73.59142"><ele>200</ele></trkpt><trkpt lat="45.50964" lon="-73.59136"><ele>202</ele></trkpt><trkpt lat="45.50961" lon="-73.59131"><ele>203</ele></trkpt><trkpt lat="45.50956" lon="-73.59126"><ele>203</ele></trkpt><trkpt lat="45.50951" lon="-73.59122"><ele>204</ele></trkpt><trkpt lat="45.50946" lon="-73.59118"><ele>204</ele></trkpt><trkpt lat="45.50939" lon="-73.59114"><ele>205</ele></trkpt><trkpt lat="45.50932" lon="-73.59112"><ele>205</ele></trkpt><trkpt lat="45.50923" lon="-73.59110"><ele>205</ele></trkpt><trkpt lat="45.50915" lon="-73.59108"><ele>206</ele></trkpt><trkpt lat="45.50905" lon="-73.59107"><ele>206</ele></trkpt><trkpt lat="45.50894" lon="-73.59106"><ele>207</ele></trkpt><trkpt lat="45.50887" lon="-73.59105"><ele>207</ele></trkpt><trkpt lat="45.50879" lon="-73.59105"><ele>208</ele></trkpt><trkpt lat="45.50871" lon="-73.59105"><ele>208</ele></trkpt><trkpt lat="45.50863" lon="-73.59106"><ele>208</ele></trkpt><trkpt lat="45.50852" lon="-73.59107"><ele>209</ele></trkpt><trkpt lat="45.50840" lon="-73.59110"><ele>209</ele></trkpt><trkpt lat="45.50826" lon="-73.59116"><ele>210</ele></trkpt><trkpt lat="45.50821" lon="-73.59118"><ele>210</ele></trkpt><trkpt lat="45.50820" lon="-73.59118"><ele>211</ele></trkpt><trkpt lat="45.50813" lon="-73.59121"><ele>211</ele></trkpt><trkpt lat="45.50806" lon="-73.59125"><ele>211</ele></trkpt><trkpt lat="45.50795" lon="-73.59131"><ele>212</ele></trkpt><trkpt lat="45.50781" lon="-73.59142"><ele>212</ele></trkpt><trkpt lat="45.50773" lon="-73.59148"><ele>212</ele></trkpt><trkpt lat="45.50750" lon="-73.59168"><ele>211</ele></trkpt><trkpt lat="45.50746" lon="-73.59172"><ele>211</ele></trkpt><trkpt lat="45.50636" lon="-73.59274"><ele>208</ele></trkpt><trkpt lat="45.50625" lon="-73.59284"><ele>206</ele></trkpt><trkpt lat="45.50618" lon="-73.59291"><ele>205</ele></trkpt><trkpt lat="45.50605" lon="-73.59301"><ele>204</ele></trkpt><trkpt lat="45.50597" lon="-73.59306"><ele>203</ele></trkpt><trkpt lat="45.50588" lon="-73.59311"><ele>202</ele></trkpt><trkpt lat="45.50577" lon="-73.59318"><ele>201</ele></trkpt><trkpt lat="45.50570" lon="-73.59322"><ele>201</ele></trkpt><trkpt lat="45.50564" lon="-73.59326"><ele>200</ele></trkpt><trkpt lat="45.50558" lon="-73.59329"><ele>200</ele></trkpt><trkpt lat="45.50547" lon="-73.59333"><ele>199</ele></trkpt><trkpt lat="45.50539" lon="-73.59336"><ele>199</ele></trkpt><trkpt lat="45.50533" lon="-73.59338"><ele>198</ele></trkpt><trkpt lat="45.50524" lon="-73.59341"><ele>198</ele></trkpt><trkpt lat="45.50517" lon="-73.59343"><ele>197</ele></trkpt><trkpt lat="45.50505" lon="-73.59346"><ele>197</ele></trkpt><trkpt lat="45.50494" lon="-73.59348"><ele>196</ele></trkpt><trkpt lat="45.50482" lon="-73.59349"><ele>196</ele></trkpt><trkpt lat="45.50471" lon="-73.59350"><ele>195</ele></trkpt><trkpt lat="45.50448" lon="-73.59351"><ele>194</ele></trkpt><trkpt lat="45.50438" lon="-73.59352"><ele>193</ele></trkpt><trkpt lat="45.50430" lon="-73.59353"><ele>193</ele></trkpt><trkpt lat="45.50423" lon="-73.59355"><ele>192</ele></trkpt><trkpt lat="45.50415" lon="-73.59357"><ele>192</ele></trkpt><trkpt lat="45.50401" lon="-73.59362"><ele>191</ele></trkpt><trkpt lat="45.50400" lon="-73.59363"><ele>191</ele></trkpt><trkpt lat="45.50394" lon="-73.59365"><ele>190</ele></trkpt><trkpt lat="45.50386" lon="-73.59369"><ele>190</ele></trkpt><trkpt lat="45.50382" lon="-73.59371"><ele>190</ele></trkpt><trkpt lat="45.50378" lon="-73.59373"><ele>189</ele></trkpt><trkpt lat="45.50375" lon="-73.59374"><ele>189</ele></trkpt><trkpt lat="45.50370" lon="-73.59378"><ele>189</ele></trkpt><trkpt lat="45.50363" lon="-73.59386"><ele>189</ele></trkpt><trkpt lat="45.50359" lon="-73.59389"><ele>188</ele></trkpt><trkpt lat="45.50353" lon="-73.59393"><ele>188</ele></trkpt><trkpt lat="45.50344" lon="-73.59401"><ele>188</ele></trkpt><trkpt lat="45.50335" lon="-73.59409"><ele>187</ele></trkpt><trkpt lat="45.50329" lon="-73.59415"><ele>187</ele></trkpt><trkpt lat="45.50324" lon="-73.59419"><ele>186</ele></trkpt><trkpt lat="45.50321" lon="-73.59424"><ele>186</ele></trkpt><trkpt lat="45.50313" lon="-73.59434"><ele>186</ele></trkpt><trkpt lat="45.50296" lon="-73.59454"><ele>185</ele></trkpt><trkpt lat="45.50281" lon="-73.59479"><ele>184</ele></trkpt><trkpt lat="45.50269" lon="-73.59503"><ele>183</ele></trkpt><trkpt lat="45.50261" lon="-73.59525"><ele>183</ele></trkpt><trkpt lat="45.50256" lon="-73.59535"><ele>183</ele></trkpt><trkpt lat="45.50252" lon="-73.59549"><ele>182</ele></trkpt><trkpt lat="45.50246" lon="-73.59570"><ele>182</ele></trkpt><trkpt lat="45.50234" lon="-73.59609"><ele>182</ele></trkpt><trkpt lat="45.50232" lon="-73.59615"><ele>181</ele></trkpt><trkpt lat="45.50231" lon="-73.59617"><ele>181</ele></trkpt><trkpt lat="45.50226" lon="-73.59632"><ele>181</ele></trkpt><trkpt lat="45.50221" lon="-73.59647"><ele>181</ele></trkpt><trkpt lat="45.50203" lon="-73.59695"><ele>181</ele></trkpt><trkpt lat="45.50187" lon="-73.59730"><ele>180</ele></trkpt><trkpt lat="45.50164" lon="-73.59775"><ele>179</ele></trkpt><trkpt lat="45.50155" lon="-73.59791"><ele>178</ele></trkpt><trkpt lat="45.50145" lon="-73.59808"><ele>178</ele></trkpt><trkpt lat="45.50140" lon="-73.59815"><ele>177</ele></trkpt><trkpt lat="45.50126" lon="-73.59837"><ele>176</ele></trkpt><trkpt lat="45.50120" lon="-73.59845"><ele>176</ele></trkpt><trkpt lat="45.50120" lon="-73.59845"><ele>175</ele></trkpt><trkpt lat="45.50106" lon="-73.59865"><ele>175</ele></trkpt><trkpt lat="45.50048" lon="-73.59937"><ele>173</ele></trkpt><trkpt lat="45.50034" lon="-73.59954"><ele>172</ele></trkpt><trkpt lat="45.50020" lon="-73.59971"><ele>170</ele></trkpt><trkpt lat="45.49956" lon="-73.60044"><ele>169</ele></trkpt><trkpt lat="45.49952" lon="-73.60048"><ele>167</ele></trkpt><trkpt lat="45.49927" lon="-73.60078"><ele>166</ele></trkpt><trkpt lat="45.49880" lon="-73.60128"><ele>165</ele></trkpt><trkpt lat="45.49853" lon="-73.60159"><ele>163</ele></trkpt><trkpt lat="45.49848" lon="-73.60165"><ele>162</ele></trkpt><trkpt lat="45.49837" lon="-73.60177"><ele>160</ele></trkpt><trkpt lat="45.49781" lon="-73.60238"><ele>158</ele></trkpt><trkpt lat="45.49563" lon="-73.60460"><ele>152</ele></trkpt><trkpt lat="45.49541" lon="-73.60483"><ele>147</ele></trkpt><trkpt lat="45.49535" lon="-73.60489"><ele>143</ele></trkpt><trkpt lat="45.49528" lon="-73.60495"><ele>141</ele></trkpt><trkpt lat="45.49522" lon="-73.60501"><ele>139</ele></trkpt><trkpt lat="45.49520" lon="-73.60504"><ele>138</ele></trkpt><trkpt lat="45.49516" lon="-73.60507"><ele>137</ele></trkpt><trkpt lat="45.49510" lon="-73.60513"><ele>136</ele></trkpt><trkpt lat="45.49512" lon="-73.60524"><ele>136</ele></trkpt><trkpt lat="45.49517" lon="-73.60551"><ele>135</ele></trkpt><trkpt lat="45.49520" lon="-73.60566"><ele>134</ele></trkpt><trkpt lat="45.49525" lon="-73.60586"><ele>134</ele></trkpt><trkpt lat="45.49529" lon="-73.60605"><ele>134</ele></trkpt><trkpt lat="45.49532" lon="-73.60618"><ele>133</ele></trkpt><trkpt lat="45.49534" lon="-73.60628"><ele>133</ele></trkpt><trkpt lat="45.49536" lon="-73.60635"><ele>133</ele></trkpt><trkpt lat="45.49540" lon="-73.60653"><ele>133</ele></trkpt><trkpt lat="45.49542" lon="-73.60658"><ele>133</ele></trkpt><trkpt lat="45.49547" lon="-73.60677"><ele>133</ele></trkpt><trkpt lat="45.49550" lon="-73.60688"><ele>133</ele></trkpt><trkpt lat="45.49556" lon="-73.60713"><ele>133</ele></trkpt><trkpt lat="45.49557" lon="-73.60716"><ele>134</ele></trkpt><trkpt lat="45.49560" lon="-73.60728"><ele>134</ele></trkpt><trkpt lat="45.49571" lon="-73.60764"><ele>134</ele></trkpt><trkpt lat="45.49576" lon="-73.60785"><ele>135</ele></trkpt><trkpt lat="45.49582" lon="-73.60805"><ele>135</ele></trkpt><trkpt lat="45.49586" lon="-73.60819"><ele>136</ele></trkpt><trkpt lat="45.49588" lon="-73.60827"><ele>136</ele></trkpt><trkpt lat="45.49590" lon="-73.60834"><ele>136</ele></trkpt><trkpt lat="45.49594" lon="-73.60848"><ele>136</ele></trkpt><trkpt lat="45.49596" lon="-73.60857"><ele>136</ele></trkpt><trkpt lat="45.49596" lon="-73.60860"><ele>136</ele></trkpt><trkpt lat="45.49597" lon="-73.60864"><ele>136</ele></trkpt><trkpt lat="45.49598" lon="-73.60868"><ele>136</ele></trkpt><trkpt lat="45.49598" lon="-73.60872"><ele>136</ele></trkpt><trkpt lat="45.49599" lon="-73.60880"><ele>135</ele></trkpt><trkpt lat="45.49600" lon="-73.60888"><ele>135</ele></trkpt><trkpt lat="45.49600" lon="-73.60895"><ele>135</ele></trkpt><trkpt lat="45.49600" lon="-73.60903"><ele>135</ele></trkpt><trkpt lat="45.49600" lon="-73.60910"><ele>135</ele></trkpt><trkpt lat="45.49600" lon="-73.60919"><ele>135</ele></trkpt><trkpt lat="45.49599" lon="-73.60928"><ele>135</ele></trkpt><trkpt lat="45.49599" lon="-73.60937"><ele>135</ele></trkpt><trkpt lat="45.49598" lon="-73.60944"><ele>135</ele></trkpt><trkpt lat="45.49598" lon="-73.60950"><ele>134</ele></trkpt><trkpt lat="45.49598" lon="-73.60957"><ele>134</ele></trkpt><trkpt lat="45.49597" lon="-73.60963"><ele>134</ele></trkpt><trkpt lat="45.49597" lon="-73.60965"><ele>134</ele></trkpt><trkpt lat="45.49597" lon="-73.60965"><ele>134</ele></trkpt><trkpt lat="45.49596" lon="-73.60970"><ele>134</ele></trkpt><trkpt lat="45.49595" lon="-73.60979"><ele>134</ele></trkpt><trkpt lat="45.49595" lon="-73.60985"><ele>133</ele></trkpt><trkpt lat="45.49594" lon="-73.60992"><ele>133</ele></trkpt><trkpt lat="45.49593" lon="-73.61000"><ele>133</ele></trkpt><trkpt lat="45.49591" lon="-73.61009"><ele>133</ele></trkpt><trkpt lat="45.49590" lon="-73.61020"><ele>133</ele></trkpt><trkpt lat="45.49589" lon="-73.61024"><ele>132</ele></trkpt><trkpt lat="45.49587" lon="-73.61036"><ele>132</ele></trkpt><trkpt lat="45.49585" lon="-73.61045"><ele>132</ele></trkpt><trkpt lat="45.49579" lon="-73.61079"><ele>131</ele></trkpt><trkpt lat="45.49573" lon="-73.61115"><ele>131</ele></trkpt><trkpt lat="45.49563" lon="-73.61171"><ele>130</ele></trkpt><trkpt lat="45.49558" lon="-73.61198"><ele>130</ele></trkpt><trkpt lat="45.49556" lon="-73.61209"><ele>129</ele></trkpt><trkpt lat="45.49555" lon="-73.61216"><ele>129</ele></trkpt><trkpt lat="45.49554" lon="-73.61225"><ele>128</ele></trkpt><trkpt lat="45.49552" lon="-73.61234"><ele>128</ele></trkpt><trkpt lat="45.49551" lon="-73.61241"><ele>127</ele></trkpt><trkpt lat="45.49550" lon="-73.61250"><ele>127</ele></trkpt><trkpt lat="45.49549" lon="-73.61258"><ele>126</ele></trkpt><trkpt lat="45.49549" lon="-73.61267"><ele>126</ele></trkpt><trkpt lat="45.49548" lon="-73.61276"><ele>126</ele></trkpt><trkpt lat="45.49548" lon="-73.61285"><ele>125</ele></trkpt><trkpt lat="45.49547" lon="-73.61294"><ele>125</ele></trkpt><trkpt lat="45.49546" lon="-73.61351"><ele>124</ele></trkpt><trkpt lat="45.49545" lon="-73.61388"><ele>123</ele></trkpt><trkpt lat="45.49545" lon="-73.61401"><ele>123</ele></trkpt><trkpt lat="45.49545" lon="-73.61414"><ele>122</ele></trkpt><trkpt lat="45.49545" lon="-73.61427"><ele>122</ele></trkpt><trkpt lat="45.49545" lon="-73.61456"><ele>122</ele></trkpt><trkpt lat="45.49546" lon="-73.61495"><ele>122</ele></trkpt><trkpt lat="45.49546" lon="-73.61508"><ele>121</ele></trkpt><trkpt lat="45.49546" lon="-73.61552"><ele>121</ele></trkpt><trkpt lat="45.49546" lon="-73.61559"><ele>121</ele></trkpt><trkpt lat="45.49546" lon="-73.61566"><ele>121</ele></trkpt><trkpt lat="45.49546" lon="-73.61572"><ele>120</ele></trkpt><trkpt lat="45.49546" lon="-73.61580"><ele>120</ele></trkpt><trkpt lat="45.49545" lon="-73.61593"><ele>120</ele></trkpt><trkpt lat="45.49544" lon="-73.61603"><ele>120</ele></trkpt><trkpt lat="45.49542" lon="-73.61613"><ele>120</ele></trkpt><trkpt lat="45.49541" lon="-73.61623"><ele>120</ele></trkpt><trkpt lat="45.49540" lon="-73.61633"><ele>119</ele></trkpt><trkpt lat="45.49539" lon="-73.61641"><ele>119</ele></trkpt><trkpt lat="45.49537" lon="-73.61649"><ele>119</ele></trkpt><trkpt lat="45.49535" lon="-73.61658"><ele>119</ele></trkpt><trkpt lat="45.49531" lon="-73.61680"><ele>119</ele></trkpt><trkpt lat="45.49527" lon="-73.61695"><ele>119</ele></trkpt><trkpt lat="45.49519" lon="-73.61734"><ele>118</ele></trkpt><trkpt lat="45.49518" lon="-73.61741"><ele>118</ele></trkpt><trkpt lat="45.49521" lon="-73.61748"><ele>118</ele></trkpt><trkpt lat="45.49524" lon="-73.61753"><ele>117</ele></trkpt><trkpt lat="45.49528" lon="-73.61763"><ele>117</ele></trkpt><trkpt lat="45.49530" lon="-73.61767"><ele>117</ele></trkpt><trkpt lat="45.49541" lon="-73.61792"><ele>117</ele></trkpt><trkpt lat="45.49544" lon="-73.61800"><ele>116</ele></trkpt><trkpt lat="45.49548" lon="-73.61808"><ele>116</ele></trkpt><trkpt lat="45.49558" lon="-73.61829"><ele>116</ele></trkpt><trkpt lat="45.49559" lon="-73.61832"><ele>116</ele></trkpt><trkpt lat="45.49563" lon="-73.61840"><ele>115</ele></trkpt><trkpt lat="45.49568" lon="-73.61853"><ele>115</ele></trkpt><trkpt lat="45.49572" lon="-73.61863"><ele>115</ele></trkpt><trkpt lat="45.49591" lon="-73.61905"><ele>114</ele></trkpt><trkpt lat="45.49608" lon="-73.61942"><ele>113</ele></trkpt><trkpt lat="45.49612" lon="-73.61950"><ele>113</ele></trkpt><trkpt lat="45.49615" lon="-73.61956"><ele>112</ele></trkpt><trkpt lat="45.49677" lon="-73.62095"><ele>111</ele></trkpt><trkpt lat="45.49679" lon="-73.62098"><ele>110</ele></trkpt><trkpt lat="45.49683" lon="-73.62108"><ele>110</ele></trkpt><trkpt lat="45.49687" lon="-73.62117"><ele>110</ele></trkpt><trkpt lat="45.49713" lon="-73.62175"><ele>110</ele></trkpt><trkpt lat="45.49719" lon="-73.62187"><ele>110</ele></trkpt><trkpt lat="45.49721" lon="-73.62193"><ele>110</ele></trkpt><trkpt lat="45.49726" lon="-73.62189"><ele>111</ele></trkpt><trkpt lat="45.49746" lon="-73.62170"><ele>111</ele></trkpt><trkpt lat="45.49750" lon="-73.62166"><ele>111</ele></trkpt><trkpt lat="45.49753" lon="-73.62163"><ele>111</ele></trkpt><trkpt lat="45.49764" lon="-73.62155"><ele>111</ele></trkpt><trkpt lat="45.49776" lon="-73.62143"><ele>112</ele></trkpt><trkpt lat="45.49776" lon="-73.62143"><ele>112</ele></trkpt><trkpt lat="45.49831" lon="-73.62093"><ele>112</ele></trkpt><trkpt lat="45.49837" lon="-73.62088"><ele>113</ele></trkpt><trkpt lat="45.49830" lon="-73.62075"><ele>113</ele></trkpt><trkpt lat="45.49795" lon="-73.62014"><ele>113</ele></trkpt><trkpt lat="45.49786" lon="-73.61997"><ele>113</ele></trkpt><trkpt lat="45.49784" lon="-73.61995"><ele>113</ele></trkpt><trkpt lat="45.49780" lon="-73.61986"><ele>114</ele></trkpt><trkpt lat="45.49777" lon="-73.61979"><ele>114</ele></trkpt><trkpt lat="45.49775" lon="-73.61975"><ele>114</ele></trkpt><trkpt lat="45.49753" lon="-73.61933"><ele>114</ele></trkpt><trkpt lat="45.49718" lon="-73.61862"><ele>115</ele></trkpt><trkpt lat="45.49717" lon="-73.61859"><ele>115</ele></trkpt><trkpt lat="45.49713" lon="-73.61852"><ele>115</ele></trkpt><trkpt lat="45.49710" lon="-73.61845"><ele>116</ele></trkpt><trkpt lat="45.49708" lon="-73.61842"><ele>116</ele></trkpt><trkpt lat="45.49693" lon="-73.61811"><ele>116</ele></trkpt><trkpt lat="45.49677" lon="-73.61779"><ele>116</ele></trkpt><trkpt lat="45.49676" lon="-73.61776"><ele>116</ele></trkpt><trkpt lat="45.49669" lon="-73.61763"><ele>116</ele></trkpt><trkpt lat="45.49669" lon="-73.61763"><ele>116</ele></trkpt><trkpt lat="45.49669" lon="-73.61763"><ele>116</ele></trkpt><trkpt lat="45.49669" lon="-73.61763"><ele>116</ele></trkpt><trkpt lat="45.49679" lon="-73.61760"><ele>116</ele></trkpt><trkpt lat="45.49681" lon="-73.61759"><ele>116</ele></trkpt><trkpt lat="45.49710" lon="-73.61748"><ele>116</ele></trkpt><trkpt lat="45.49715" lon="-73.61746"><ele>117</ele></trkpt><trkpt lat="45.49715" lon="-73.61746"><ele>117</ele></trkpt><trkpt lat="45.49722" lon="-73.61743"><ele>117</ele></trkpt><trkpt lat="45.49731" lon="-73.61739"><ele>117</ele></trkpt><trkpt lat="45.49740" lon="-73.61734"><ele>117</ele></trkpt><trkpt lat="45.49755" lon="-73.61724"><ele>118</ele></trkpt><trkpt lat="45.49765" lon="-73.61716"><ele>118</ele></trkpt><trkpt lat="45.49776" lon="-73.61705"><ele>118</ele></trkpt><trkpt lat="45.49786" lon="-73.61695"><ele>119</ele></trkpt><trkpt lat="45.49802" lon="-73.61677"><ele>120</ele></trkpt><trkpt lat="45.49814" lon="-73.61663"><ele>121</ele></trkpt><trkpt lat="45.49827" lon="-73.61647"><ele>123</ele></trkpt><trkpt lat="45.49834" lon="-73.61640"><ele>124</ele></trkpt><trkpt lat="45.49839" lon="-73.61636"><ele>125</ele></trkpt><trkpt lat="45.49847" lon="-73.61631"><ele>126</ele></trkpt><trkpt lat="45.49855" lon="-73.61628"><ele>127</ele></trkpt><trkpt lat="45.49864" lon="-73.61626"><ele>127</ele></trkpt><trkpt lat="45.49875" lon="-73.61626"><ele>128</ele></trkpt><trkpt lat="45.49892" lon="-73.61630"><ele>130</ele></trkpt><trkpt lat="45.49903" lon="-73.61636"><ele>131</ele></trkpt><trkpt lat="45.49907" lon="-73.61624"><ele>132</ele></trkpt><trkpt lat="45.49912" lon="-73.61612"><ele>133</ele></trkpt><trkpt lat="45.49923" lon="-73.61589"><ele>134</ele></trkpt><trkpt lat="45.49928" lon="-73.61579"><ele>135</ele></trkpt><trkpt lat="45.49934" lon="-73.61562"><ele>136</ele></trkpt><trkpt lat="45.49938" lon="-73.61552"><ele>137</ele></trkpt><trkpt lat="45.49943" lon="-73.61541"><ele>138</ele></trkpt><trkpt lat="45.49949" lon="-73.61532"><ele>138</ele></trkpt><trkpt lat="45.49953" lon="-73.61526"><ele>139</ele></trkpt><trkpt lat="45.49962" lon="-73.61516"><ele>139</ele></trkpt><trkpt lat="45.49972" lon="-73.61507"><ele>140</ele></trkpt><trkpt lat="45.49993" lon="-73.61488"><ele>141</ele></trkpt><trkpt lat="45.50005" lon="-73.61477"><ele>142</ele></trkpt><trkpt lat="45.50020" lon="-73.61464"><ele>143</ele></trkpt><trkpt lat="45.50025" lon="-73.61460"><ele>144</ele></trkpt><trkpt lat="45.50085" lon="-73.61412"><ele>147</ele></trkpt><trkpt lat="45.50109" lon="-73.61393"><ele>148</ele></trkpt><trkpt lat="45.50119" lon="-73.61384"><ele>149</ele></trkpt><trkpt lat="45.50121" lon="-73.61382"><ele>150</ele></trkpt><trkpt lat="45.50244" lon="-73.61272"><ele>152</ele></trkpt><trkpt lat="45.50251" lon="-73.61267"><ele>152</ele></trkpt><trkpt lat="45.50253" lon="-73.61272"><ele>153</ele></trkpt><trkpt lat="45.50254" lon="-73.61276"><ele>153</ele></trkpt><trkpt lat="45.50259" lon="-73.61290"><ele>154</ele></trkpt><trkpt lat="45.50259" lon="-73.61290"><ele>154</ele></trkpt><trkpt lat="45.50270" lon="-73.61323"><ele>154</ele></trkpt><trkpt lat="45.50275" lon="-73.61329"><ele>154</ele></trkpt><trkpt lat="45.50286" lon="-73.61357"><ele>154</ele></trkpt><trkpt lat="45.50294" lon="-73.61372"><ele>154</ele></trkpt><trkpt lat="45.50301" lon="-73.61380"><ele>154</ele></trkpt><trkpt lat="45.50308" lon="-73.61386"><ele>154</ele></trkpt><trkpt lat="45.50324" lon="-73.61396"><ele>154</ele></trkpt><trkpt lat="45.50350" lon="-73.61405"><ele>154</ele></trkpt><trkpt lat="45.50369" lon="-73.61411"><ele>154</ele></trkpt><trkpt lat="45.50378" lon="-73.61415"><ele>154</ele></trkpt><trkpt lat="45.50388" lon="-73.61421"><ele>154</ele></trkpt><trkpt lat="45.50400" lon="-73.61430"><ele>153</ele></trkpt><trkpt lat="45.50411" lon="-73.61442"><ele>151</ele></trkpt><trkpt lat="45.50417" lon="-73.61451"><ele>149</ele></trkpt><trkpt lat="45.50424" lon="-73.61462"><ele>148</ele></trkpt><trkpt lat="45.50432" lon="-73.61477"><ele>146</ele></trkpt><trkpt lat="45.50439" lon="-73.61493"><ele>144</ele></trkpt><trkpt lat="45.50460" lon="-73.61537"><ele>141</ele></trkpt><trkpt lat="45.50464" lon="-73.61545"><ele>139</ele></trkpt><trkpt lat="45.50469" lon="-73.61557"><ele>138</ele></trkpt><trkpt lat="45.50471" lon="-73.61563"><ele>136</ele></trkpt><trkpt lat="45.50472" lon="-73.61569"><ele>135</ele></trkpt><trkpt lat="45.50472" lon="-73.61574"><ele>134</ele></trkpt><trkpt lat="45.50473" lon="-73.61579"><ele>133</ele></trkpt><trkpt lat="45.50472" lon="-73.61585"><ele>133</ele></trkpt><trkpt lat="45.50471" lon="-73.61593"><ele>132</ele></trkpt><trkpt lat="45.50469" lon="-73.61601"><ele>131</ele></trkpt><trkpt lat="45.50467" lon="-73.61606"><ele>131</ele></trkpt><trkpt lat="45.50463" lon="-73.61612"><ele>130</ele></trkpt><trkpt lat="45.50460" lon="-73.61616"><ele>129</ele></trkpt><trkpt lat="45.50448" lon="-73.61627"><ele>129</ele></trkpt><trkpt lat="45.50414" lon="-73.61655"><ele>127</ele></trkpt><trkpt lat="45.50385" lon="-73.61679"><ele>124</ele></trkpt><trkpt lat="45.50375" lon="-73.61687"><ele>122</ele></trkpt><trkpt lat="45.50359" lon="-73.61701"><ele>120</ele></trkpt><trkpt lat="45.50350" lon="-73.61709"><ele>119</ele></trkpt><trkpt lat="45.50343" lon="-73.61718"><ele>117</ele></trkpt><trkpt lat="45.50339" lon="-73.61725"><ele>116</ele></trkpt><trkpt lat="45.50335" lon="-73.61733"><ele>115</ele></trkpt><trkpt lat="45.50330" lon="-73.61749"><ele>114</ele></trkpt><trkpt lat="45.50327" lon="-73.61759"><ele>113</ele></trkpt><trkpt lat="45.50320" lon="-73.61782"><ele>112</ele></trkpt><trkpt lat="45.50315" lon="-73.61804"><ele>111</ele></trkpt><trkpt lat="45.50314" lon="-73.61808"><ele>110</ele></trkpt><trkpt lat="45.50311" lon="-73.61818"><ele>110</ele></trkpt><trkpt lat="45.50311" lon="-73.61824"><ele>110</ele></trkpt><trkpt lat="45.50311" lon="-73.61829"><ele>109</ele></trkpt><trkpt lat="45.50312" lon="-73.61833"><ele>109</ele></trkpt><trkpt lat="45.50312" lon="-73.61839"><ele>109</ele></trkpt><trkpt lat="45.50314" lon="-73.61845"><ele>109</ele></trkpt><trkpt lat="45.50320" lon="-73.61860"><ele>109</ele></trkpt><trkpt lat="45.50324" lon="-73.61869"><ele>109</ele></trkpt><trkpt lat="45.50325" lon="-73.61874"><ele>109</ele></trkpt><trkpt lat="45.50326" lon="-73.61887"><ele>109</ele></trkpt><trkpt lat="45.50334" lon="-73.61880"><ele>109</ele></trkpt><trkpt lat="45.50336" lon="-73.61878"><ele>109</ele></trkpt><trkpt lat="45.50418" lon="-73.61802"><ele>109</ele></trkpt><trkpt lat="45.50425" lon="-73.61795"><ele>109</ele></trkpt><trkpt lat="45.50444" lon="-73.61778"><ele>109</ele></trkpt><trkpt lat="45.50496" lon="-73.61732"><ele>109</ele></trkpt><trkpt lat="45.50496" lon="-73.61732"><ele>109</ele></trkpt><trkpt lat="45.50527" lon="-73.61704"><ele>109</ele></trkpt><trkpt lat="45.50614" lon="-73.61626"><ele>110</ele></trkpt><trkpt lat="45.50659" lon="-73.61585"><ele>110</ele></trkpt><trkpt lat="45.50696" lon="-73.61551"><ele>110</ele></trkpt><trkpt lat="45.50718" lon="-73.61531"><ele>110</ele></trkpt><trkpt lat="45.50723" lon="-73.61527"><ele>110</ele></trkpt><trkpt lat="45.50728" lon="-73.61523"><ele>110</ele></trkpt><trkpt lat="45.50732" lon="-73.61519"><ele>110</ele></trkpt><trkpt lat="45.50738" lon="-73.61513"><ele>110</ele></trkpt><trkpt lat="45.50765" lon="-73.61489"><ele>110</ele></trkpt><trkpt lat="45.50809" lon="-73.61450"><ele>110</ele></trkpt><trkpt lat="45.50906" lon="-73.61362"><ele>111</ele></trkpt><trkpt lat="45.50935" lon="-73.61336"><ele>112</ele></trkpt><trkpt lat="45.50942" lon="-73.61329"><ele>113</ele></trkpt><trkpt lat="45.50960" lon="-73.61313"><ele>114</ele></trkpt><trkpt lat="45.50973" lon="-73.61293"><ele>115</ele></trkpt><trkpt lat="45.50979" lon="-73.61285"><ele>115</ele></trkpt><trkpt lat="45.50983" lon="-73.61278"><ele>116</ele></trkpt><trkpt lat="45.50988" lon="-73.61265"><ele>116</ele></trkpt><trkpt lat="45.50994" lon="-73.61250"><ele>115</ele></trkpt><trkpt lat="45.51000" lon="-73.61238"><ele>115</ele></trkpt><trkpt lat="45.51004" lon="-73.61232"><ele>115</ele></trkpt><trkpt lat="45.51010" lon="-73.61225"><ele>115</ele></trkpt><trkpt lat="45.51013" lon="-73.61223"><ele>114</ele></trkpt><trkpt lat="45.51019" lon="-73.61222"><ele>114</ele></trkpt><trkpt lat="45.51026" lon="-73.61237"><ele>114</ele></trkpt><trkpt lat="45.51037" lon="-73.61260"><ele>113</ele></trkpt><trkpt lat="45.51049" lon="-73.61288"><ele>113</ele></trkpt><trkpt lat="45.51053" lon="-73.61296"><ele>113</ele></trkpt><trkpt lat="45.51056" lon="-73.61302"><ele>112</ele></trkpt><trkpt lat="45.51067" lon="-73.61324"><ele>112</ele></trkpt><trkpt lat="45.51071" lon="-73.61328"><ele>112</ele></trkpt><trkpt lat="45.51075" lon="-73.61336"><ele>112</ele></trkpt><trkpt lat="45.51076" lon="-73.61340"><ele>111</ele></trkpt><trkpt lat="45.51080" lon="-73.61349"><ele>111</ele></trkpt><trkpt lat="45.51091" lon="-73.61374"><ele>111</ele></trkpt><trkpt lat="45.51093" lon="-73.61382"><ele>111</ele></trkpt><trkpt lat="45.51096" lon="-73.61389"><ele>111</ele></trkpt><trkpt lat="45.51096" lon="-73.61389"><ele>110</ele></trkpt><trkpt lat="45.51099" lon="-73.61395"><ele>110</ele></trkpt><trkpt lat="45.51123" lon="-73.61449"><ele>110</ele></trkpt><trkpt lat="45.51136" lon="-73.61478"><ele>109</ele></trkpt><trkpt lat="45.51139" lon="-73.61486"><ele>109</ele></trkpt><trkpt lat="45.51147" lon="-73.61504"><ele>108</ele></trkpt><trkpt lat="45.51161" lon="-73.61534"><ele>108</ele></trkpt><trkpt lat="45.51166" lon="-73.61543"><ele>107</ele></trkpt><trkpt lat="45.51167" lon="-73.61546"><ele>107</ele></trkpt><trkpt lat="45.51172" lon="-73.61553"><ele>106</ele></trkpt><trkpt lat="45.51180" lon="-73.61539"><ele>106</ele></trkpt><trkpt lat="45.51182" lon="-73.61535"><ele>105</ele></trkpt><trkpt lat="45.51193" lon="-73.61515"><ele>105</ele></trkpt><trkpt lat="45.51212" lon="-73.61478"><ele>104</ele></trkpt><trkpt lat="45.51243" lon="-73.61417"><ele>104</ele></trkpt><trkpt lat="45.51249" lon="-73.61405"><ele>103</ele></trkpt><trkpt lat="45.51249" lon="-73.61405"><ele>103</ele></trkpt><trkpt lat="45.51275" lon="-73.61355"><ele>102</ele></trkpt><trkpt lat="45.51294" lon="-73.61321"><ele>100</ele></trkpt><trkpt lat="45.51296" lon="-73.61317"><ele>99</ele></trkpt><trkpt lat="45.51300" lon="-73.61311"><ele>98</ele></trkpt><trkpt lat="45.51305" lon="-73.61302"><ele>98</ele></trkpt><trkpt lat="45.51307" lon="-73.61298"><ele>97</ele></trkpt><trkpt lat="45.51332" lon="-73.61253"><ele>97</ele></trkpt><trkpt lat="45.51355" lon="-73.61213"><ele>96</ele></trkpt><trkpt lat="45.51396" lon="-73.61140"><ele>94</ele></trkpt><trkpt lat="45.51399" lon="-73.61135"><ele>93</ele></trkpt><trkpt lat="45.51402" lon="-73.61129"><ele>92</ele></trkpt><trkpt lat="45.51404" lon="-73.61125"><ele>91</ele></trkpt><trkpt lat="45.51405" lon="-73.61122"><ele>91</ele></trkpt><trkpt lat="45.51406" lon="-73.61119"><ele>90</ele></trkpt><trkpt lat="45.51407" lon="-73.61116"><ele>90</ele></trkpt><trkpt lat="45.51408" lon="-73.61114"><ele>90</ele></trkpt><trkpt lat="45.51409" lon="-73.61109"><ele>90</ele></trkpt><trkpt lat="45.51411" lon="-73.61101"><ele>89</ele></trkpt><trkpt lat="45.51415" lon="-73.61088"><ele>89</ele></trkpt><trkpt lat="45.51416" lon="-73.61084"><ele>89</ele></trkpt><trkpt lat="45.51420" lon="-73.61071"><ele>89</ele></trkpt><trkpt lat="45.51425" lon="-73.61053"><ele>89</ele></trkpt><trkpt lat="45.51429" lon="-73.61038"><ele>88</ele></trkpt><trkpt lat="45.51434" lon="-73.61020"><ele>88</ele></trkpt><trkpt lat="45.51445" lon="-73.60981"><ele>88</ele></trkpt><trkpt lat="45.51455" lon="-73.60944"><ele>88</ele></trkpt><trkpt lat="45.51456" lon="-73.60939"><ele>88</ele></trkpt><trkpt lat="45.51458" lon="-73.60932"><ele>88</ele></trkpt><trkpt lat="45.51451" lon="-73.60928"><ele>88</ele></trkpt><trkpt lat="45.51448" lon="-73.60927"><ele>88</ele></trkpt><trkpt lat="45.51443" lon="-73.60925"><ele>88</ele></trkpt><trkpt lat="45.51435" lon="-73.60920"><ele>88</ele></trkpt><trkpt lat="45.51431" lon="-73.60918"><ele>89</ele></trkpt><trkpt lat="45.51427" lon="-73.60914"><ele>89</ele></trkpt><trkpt lat="45.51423" lon="-73.60909"><ele>89</ele></trkpt><trkpt lat="45.51409" lon="-73.60878"><ele>89</ele></trkpt><trkpt lat="45.51384" lon="-73.60821"><ele>91</ele></trkpt><trkpt lat="45.51382" lon="-73.60816"><ele>93</ele></trkpt><trkpt lat="45.51363" lon="-73.60775"><ele>95</ele></trkpt><trkpt lat="45.51363" lon="-73.60775"><ele>96</ele></trkpt><trkpt lat="45.51333" lon="-73.60708"><ele>100</ele></trkpt><trkpt lat="45.51330" lon="-73.60702"><ele>102</ele></trkpt><trkpt lat="45.51327" lon="-73.60696"><ele>104</ele></trkpt><trkpt lat="45.51282" lon="-73.60597"><ele>108</ele></trkpt><trkpt lat="45.51279" lon="-73.60589"><ele>110</ele></trkpt><trkpt lat="45.51276" lon="-73.60583"><ele>112</ele></trkpt><trkpt lat="45.51185" lon="-73.60381"><ele>117</ele></trkpt><trkpt lat="45.51183" lon="-73.60379"><ele>120</ele></trkpt><trkpt lat="45.51176" lon="-73.60375"><ele>122</ele></trkpt><trkpt lat="45.51179" lon="-73.60365"><ele>123</ele></trkpt><trkpt lat="45.51200" lon="-73.60282"><ele>123</ele></trkpt><trkpt lat="45.51200" lon="-73.60282"><ele>124</ele></trkpt><trkpt lat="45.51207" lon="-73.60255"><ele>124</ele></trkpt><trkpt lat="45.51214" lon="-73.60228"><ele>124</ele></trkpt><trkpt lat="45.51219" lon="-73.60212"><ele>124</ele></trkpt><trkpt lat="45.51222" lon="-73.60198"><ele>124</ele></trkpt><trkpt lat="45.51247" lon="-73.60112"><ele>124</ele></trkpt><trkpt lat="45.51248" lon="-73.60108"><ele>124</ele></trkpt><trkpt lat="45.51251" lon="-73.60102"><ele>124</ele></trkpt><trkpt lat="45.51250" lon="-73.60096"><ele>124</ele></trkpt><trkpt lat="45.51249" lon="-73.60084"><ele>123</ele></trkpt><trkpt lat="45.51220" lon="-73.60014"><ele>123</ele></trkpt><trkpt lat="45.51218" lon="-73.60007"><ele>123</ele></trkpt><trkpt lat="45.51216" lon="-73.60001"><ele>123</ele></trkpt><trkpt lat="45.51223" lon="-73.59994"><ele>122</ele></trkpt><trkpt lat="45.51225" lon="-73.59993"><ele>122</ele></trkpt><trkpt lat="45.51247" lon="-73.59972"><ele>122</ele></trkpt><trkpt lat="45.51308" lon="-73.59912"><ele>122</ele></trkpt><trkpt lat="45.51360" lon="-73.59861"><ele>120</ele></trkpt><trkpt lat="45.51366" lon="-73.59856"><ele>119</ele></trkpt><trkpt lat="45.51413" lon="-73.59808"><ele>118</ele></trkpt><trkpt lat="45.51440" lon="-73.59770"><ele>116</ele></trkpt><trkpt lat="45.51451" lon="-73.59751"><ele>115</ele></trkpt><trkpt lat="45.51457" lon="-73.59737"><ele>114</ele></trkpt><trkpt lat="45.51463" lon="-73.59713"><ele>113</ele></trkpt><trkpt lat="45.51466" lon="-73.59694"><ele>113</ele></trkpt><trkpt lat="45.51467" lon="-73.59681"><ele>112</ele></trkpt><trkpt lat="45.51468" lon="-73.59656"><ele>111</ele></trkpt><trkpt lat="45.51469" lon="-73.59633"><ele>111</ele></trkpt><trkpt lat="45.51469" lon="-73.59599"><ele>110</ele></trkpt><trkpt lat="45.51470" lon="-73.59564"><ele>109</ele></trkpt><trkpt lat="45.51470" lon="-73.59534"><ele>109</ele></trkpt><trkpt lat="45.51470" lon="-73.59505"><ele>108</ele></trkpt><trkpt lat="45.51469" lon="-73.59498"><ele>108</ele></trkpt><trkpt lat="45.51465" lon="-73.59397"><ele>107</ele></trkpt><trkpt lat="45.51464" lon="-73.59367"><ele>106</ele></trkpt><trkpt lat="45.51462" lon="-73.59309"><ele>105</ele></trkpt><trkpt lat="45.51460" lon="-73.59239"><ele>104</ele></trkpt><trkpt lat="45.51459" lon="-73.59229"><ele>103</ele></trkpt><trkpt lat="45.51458" lon="-73.59194"><ele>102</ele></trkpt><trkpt lat="45.51458" lon="-73.59186"><ele>101</ele></trkpt><trkpt lat="45.51459" lon="-73.59177"><ele>100</ele></trkpt><trkpt lat="45.51461" lon="-73.59170"><ele>99</ele></trkpt><trkpt lat="45.51463" lon="-73.59163"><ele>99</ele></trkpt><trkpt lat="45.51464" lon="-73.59159"><ele>99</ele></trkpt><trkpt lat="45.51464" lon="-73.59159"><ele>98</ele></trkpt><trkpt lat="45.51465" lon="-73.59157"><ele>98</ele></trkpt><trkpt lat="45.51467" lon="-73.59150"><ele>98</ele></trkpt><trkpt lat="45.51471" lon="-73.59144"><ele>97</ele></trkpt><trkpt lat="45.51474" lon="-73.59138"><ele>97</ele></trkpt><trkpt lat="45.51482" lon="-73.59128"><ele>97</ele></trkpt><trkpt lat="45.51509" lon="-73.59107"><ele>96</ele></trkpt><trkpt lat="45.51541" lon="-73.59076"><ele>94</ele></trkpt><trkpt lat="45.51574" lon="-73.59044"><ele>92</ele></trkpt><trkpt lat="45.51574" lon="-73.59042"><ele>91</ele></trkpt><trkpt lat="45.51579" lon="-73.59027"><ele>90</ele></trkpt><trkpt lat="45.51586" lon="-73.59020"><ele>89</ele></trkpt><trkpt lat="45.51588" lon="-73.59018"><ele>88</ele></trkpt><trkpt lat="45.51591" lon="-73.59015"><ele>87</ele></trkpt><trkpt lat="45.51616" lon="-73.58991"><ele>86</ele></trkpt><trkpt lat="45.51626" lon="-73.58982"><ele>85</ele></trkpt><trkpt lat="45.51666" lon="-73.58944"><ele>82</ele></trkpt><trkpt lat="45.51667" lon="-73.58942"><ele>81</ele></trkpt><trkpt lat="45.51679" lon="-73.58932"><ele>79</ele></trkpt><trkpt lat="45.51689" lon="-73.58923"><ele>78</ele></trkpt><trkpt lat="45.51690" lon="-73.58921"><ele>77</ele></trkpt><trkpt lat="45.51747" lon="-73.58871"><ele>74</ele></trkpt><trkpt lat="45.51749" lon="-73.58869"><ele>72</ele></trkpt><trkpt lat="45.51753" lon="-73.58866"><ele>71</ele></trkpt><trkpt lat="45.51758" lon="-73.58862"><ele>70</ele></trkpt><trkpt lat="45.51760" lon="-73.58861"><ele>70</ele></trkpt><trkpt lat="45.51791" lon="-73.58834"><ele>69</ele></trkpt><trkpt lat="45.51812" lon="-73.58814"><ele>69</ele></trkpt><trkpt lat="45.51820" lon="-73.58807"><ele>69</ele></trkpt><trkpt lat="45.51826" lon="-73.58802"><ele>69</ele></trkpt><trkpt lat="45.51837" lon="-73.58793"><ele>69</ele></trkpt><trkpt lat="45.51855" lon="-73.58778"><ele>69</ele></trkpt><trkpt lat="45.51855" lon="-73.58778"><ele>69</ele></trkpt><trkpt lat="45.51883" lon="-73.58753"><ele>69</ele></trkpt><trkpt lat="45.51885" lon="-73.58751"><ele>69</ele></trkpt><trkpt lat="45.51889" lon="-73.58748"><ele>69</ele></trkpt><trkpt lat="45.51893" lon="-73.58744"><ele>69</ele></trkpt><trkpt lat="45.51889" lon="-73.58736"><ele>69</ele></trkpt><trkpt lat="45.51865" lon="-73.58683"><ele>68</ele></trkpt><trkpt lat="45.51861" lon="-73.58673"><ele>67</ele></trkpt><trkpt lat="45.51820" lon="-73.58585"><ele>67</ele></trkpt><trkpt lat="45.51820" lon="-73.58585"><ele>67</ele></trkpt><trkpt lat="45.51806" lon="-73.58554"><ele>67</ele></trkpt><trkpt lat="45.51793" lon="-73.58525"><ele>68</ele></trkpt><trkpt lat="45.51791" lon="-73.58522"><ele>68</ele></trkpt><trkpt lat="45.51789" lon="-73.58516"><ele>68</ele></trkpt><trkpt lat="45.51787" lon="-73.58512"><ele>68</ele></trkpt><trkpt lat="45.51706" lon="-73.58333"><ele>68</ele></trkpt><trkpt lat="45.51702" lon="-73.58324"><ele>68</ele></trkpt><trkpt lat="45.51688" lon="-73.58293"><ele>68</ele></trkpt><trkpt lat="45.51687" lon="-73.58290"><ele>68</ele></trkpt><trkpt lat="45.51685" lon="-73.58286"><ele>68</ele></trkpt><trkpt lat="45.51683" lon="-73.58281"><ele>67</ele></trkpt><trkpt lat="45.51679" lon="-73.58275"><ele>67</ele></trkpt><trkpt lat="45.51660" lon="-73.58233"><ele>67</ele></trkpt><trkpt lat="45.51602" lon="-73.58106"><ele>66</ele></trkpt><trkpt lat="45.51581" lon="-73.58059"><ele>65</ele></trkpt><trkpt lat="45.51579" lon="-73.58055"><ele>64</ele></trkpt><trkpt lat="45.51577" lon="-73.58050"><ele>64</ele></trkpt><trkpt lat="45.51574" lon="-73.58043"><ele>63</ele></trkpt><trkpt lat="45.51531" lon="-73.57948"><ele>62</ele></trkpt><trkpt lat="45.51530" lon="-73.57946"><ele>61</ele></trkpt><trkpt lat="45.51527" lon="-73.57940"><ele>61</ele></trkpt><trkpt lat="45.51526" lon="-73.57938"><ele>60</ele></trkpt><trkpt lat="45.51513" lon="-73.57909"><ele>60</ele></trkpt><trkpt lat="45.51503" lon="-73.57885"><ele>59</ele></trkpt><trkpt lat="45.51483" lon="-73.57842"><ele>58</ele></trkpt><trkpt lat="45.51480" lon="-73.57836"><ele>58</ele></trkpt><trkpt lat="45.51477" lon="-73.57829"><ele>57</ele></trkpt><trkpt lat="45.51473" lon="-73.57820"><ele>57</ele></trkpt><trkpt lat="45.51466" lon="-73.57806"><ele>56</ele></trkpt><trkpt lat="45.51459" lon="-73.57790"><ele>56</ele></trkpt><trkpt lat="45.51445" lon="-73.57760"><ele>56</ele></trkpt><trkpt lat="45.51422" lon="-73.57706"><ele>55</ele></trkpt><trkpt lat="45.51386" lon="-73.57627"><ele>54</ele></trkpt><trkpt lat="45.51385" lon="-73.57624"><ele>53</ele></trkpt><trkpt lat="45.51384" lon="-73.57621"><ele>52</ele></trkpt><trkpt lat="45.51381" lon="-73.57615"><ele>51</ele></trkpt><trkpt lat="45.51374" lon="-73.57621"><ele>51</ele></trkpt><trkpt lat="45.51372" lon="-73.57623"><ele>51</ele></trkpt><trkpt lat="45.51360" lon="-73.57634"><ele>51</ele></trkpt><trkpt lat="45.51324" lon="-73.57666"><ele>51</ele></trkpt><trkpt lat="45.51293" lon="-73.57695"><ele>52</ele></trkpt><trkpt lat="45.51287" lon="-73.57699"><ele>52</ele></trkpt><trkpt lat="45.51281" lon="-73.57705"><ele>52</ele></trkpt><trkpt lat="45.51274" lon="-73.57711"><ele>52</ele></trkpt><trkpt lat="45.51274" lon="-73.57711"><ele>52</ele></trkpt><trkpt lat="45.51214" lon="-73.57765"><ele>53</ele></trkpt><trkpt lat="45.51203" lon="-73.57775"><ele>53</ele></trkpt><trkpt lat="45.51189" lon="-73.57788"><ele>53</ele></trkpt><trkpt lat="45.51174" lon="-73.57801"><ele>53</ele></trkpt><trkpt lat="45.51168" lon="-73.57807"><ele>54</ele></trkpt><trkpt lat="45.51156" lon="-73.57819"><ele>54</ele></trkpt><trkpt lat="45.51159" lon="-73.57827"><ele>54</ele></trkpt><trkpt lat="45.51161" lon="-73.57830"><ele>54</ele></trkpt><trkpt lat="45.51163" lon="-73.57834"><ele>54</ele></trkpt><trkpt lat="45.51176" lon="-73.57863"><ele>54</ele></trkpt><trkpt lat="45.51195" lon="-73.57904"><ele>54</ele></trkpt><trkpt lat="45.51200" lon="-73.57914"><ele>54</ele></trkpt><trkpt lat="45.51202" lon="-73.57919"><ele>54</ele></trkpt><trkpt lat="45.51208" lon="-73.57931"><ele>54</ele></trkpt><trkpt lat="45.51218" lon="-73.57954"><ele>54</ele></trkpt><trkpt lat="45.51253" lon="-73.58029"><ele>56</ele></trkpt><trkpt lat="45.51340" lon="-73.58219"><ele>61</ele></trkpt><trkpt lat="45.51344" lon="-73.58227"><ele>64</ele></trkpt><trkpt lat="45.51348" lon="-73.58235"><ele>66</ele></trkpt><trkpt lat="45.51464" lon="-73.58483"><ele>69</ele></trkpt><trkpt lat="45.51466" lon="-73.58487"><ele>71</ele></trkpt><trkpt lat="45.51467" lon="-73.58489"><ele>73</ele></trkpt><trkpt lat="45.51467" lon="-73.58489"><ele>74</ele></trkpt><trkpt lat="45.51469" lon="-73.58494"><ele>74</ele></trkpt><trkpt lat="45.51483" lon="-73.58524"><ele>75</ele></trkpt><trkpt lat="45.51612" lon="-73.58803"><ele>75</ele></trkpt><trkpt lat="45.51614" lon="-73.58815"><ele>76</ele></trkpt><trkpt lat="45.51614" lon="-73.58823"><ele>76</ele></trkpt><trkpt lat="45.51613" lon="-73.58830"><ele>77</ele></trkpt><trkpt lat="45.51612" lon="-73.58835"><ele>77</ele></trkpt><trkpt lat="45.51610" lon="-73.58839"><ele>77</ele></trkpt><trkpt lat="45.51605" lon="-73.58859"><ele>78</ele></trkpt><trkpt lat="45.51590" lon="-73.58906"><ele>79</ele></trkpt><trkpt lat="45.51576" lon="-73.58954"><ele>81</ele></trkpt><trkpt lat="45.51573" lon="-73.58964"><ele>82</ele></trkpt><trkpt lat="45.51573" lon="-73.58974"><ele>83</ele></trkpt><trkpt lat="45.51570" lon="-73.58993"><ele>83</ele></trkpt><trkpt lat="45.51570" lon="-73.59006"><ele>84</ele></trkpt><trkpt lat="45.51572" lon="-73.59015"><ele>85</ele></trkpt><trkpt lat="45.51573" lon="-73.59019"><ele>85</ele></trkpt><trkpt lat="45.51579" lon="-73.59027"><ele>86</ele></trkpt><trkpt lat="45.51570" lon="-73.59031"><ele>86</ele></trkpt><trkpt lat="45.51568" lon="-73.59033"><ele>87</ele></trkpt><trkpt lat="45.51558" lon="-73.59039"><ele>87</ele></trkpt><trkpt lat="45.51523" lon="-73.59067"><ele>88</ele></trkpt><trkpt lat="45.51507" lon="-73.59069"><ele>89</ele></trkpt><trkpt lat="45.51504" lon="-73.59069"><ele>90</ele></trkpt><trkpt lat="45.51499" lon="-73.59070"><ele>91</ele></trkpt><trkpt lat="45.51494" lon="-73.59069"><ele>91</ele></trkpt><trkpt lat="45.51489" lon="-73.59069"><ele>92</ele></trkpt><trkpt lat="45.51484" lon="-73.59067"><ele>92</ele></trkpt><trkpt lat="45.51480" lon="-73.59064"><ele>92</ele></trkpt><trkpt lat="45.51473" lon="-73.59060"><ele>93</ele></trkpt><trkpt lat="45.51465" lon="-73.59052"><ele>93</ele></trkpt><trkpt lat="45.51456" lon="-73.59041"><ele>94</ele></trkpt><trkpt lat="45.51442" lon="-73.59023"><ele>94</ele></trkpt><trkpt lat="45.51397" lon="-73.58953"><ele>96</ele></trkpt><trkpt lat="45.51387" lon="-73.58939"><ele>98</ele></trkpt><trkpt lat="45.51378" lon="-73.58925"><ele>99</ele></trkpt><trkpt lat="45.51373" lon="-73.58918"><ele>100</ele></trkpt><trkpt lat="45.51368" lon="-73.58914"><ele>101</ele></trkpt><trkpt lat="45.51364" lon="-73.58911"><ele>102</ele></trkpt><trkpt lat="45.51360" lon="-73.58908"><ele>102</ele></trkpt><trkpt lat="45.51355" lon="-73.58905"><ele>103</ele></trkpt><trkpt lat="45.51351" lon="-73.58904"><ele>103</ele></trkpt><trkpt lat="45.51346" lon="-73.58903"><ele>104</ele></trkpt><trkpt lat="45.51342" lon="-73.58903"><ele>104</ele></trkpt><trkpt lat="45.51336" lon="-73.58903"><ele>105</ele></trkpt><trkpt lat="45.51331" lon="-73.58905"><ele>105</ele></trkpt><trkpt lat="45.51326" lon="-73.58907"><ele>106</ele></trkpt><trkpt lat="45.51322" lon="-73.58909"><ele>106</ele></trkpt><trkpt lat="45.51319" lon="-73.58911"><ele>107</ele></trkpt><trkpt lat="45.51316" lon="-73.58913"><ele>107</ele></trkpt><trkpt lat="45.51314" lon="-73.58915"><ele>107</ele></trkpt><trkpt lat="45.51311" lon="-73.58918"><ele>107</ele></trkpt><trkpt lat="45.51309" lon="-73.58921"><ele>108</ele></trkpt><trkpt lat="45.51305" lon="-73.58926"><ele>108</ele></trkpt><trkpt lat="45.51303" lon="-73.58931"><ele>108</ele></trkpt><trkpt lat="45.51300" lon="-73.58937"><ele>109</ele></trkpt><trkpt lat="45.51298" lon="-73.58943"><ele>109</ele></trkpt><trkpt lat="45.51296" lon="-73.58950"><ele>110</ele></trkpt><trkpt lat="45.51295" lon="-73.58954"><ele>110</ele></trkpt><trkpt lat="45.51294" lon="-73.58959"><ele>110</ele></trkpt><trkpt lat="45.51294" lon="-73.58963"><ele>111</ele></trkpt><trkpt lat="45.51293" lon="-73.58967"><ele>111</ele></trkpt><trkpt lat="45.51293" lon="-73.58971"><ele>111</ele></trkpt><trkpt lat="45.51293" lon="-73.58976"><ele>111</ele></trkpt><trkpt lat="45.51294" lon="-73.58980"><ele>112</ele></trkpt><trkpt lat="45.51294" lon="-73.58985"><ele>112</ele></trkpt><trkpt lat="45.51295" lon="-73.58989"><ele>112</ele></trkpt><trkpt lat="45.51296" lon="-73.58996"><ele>113</ele></trkpt><trkpt lat="45.51307" lon="-73.59050"><ele>114</ele></trkpt><trkpt lat="45.51313" lon="-73.59080"><ele>115</ele></trkpt><trkpt lat="45.51327" lon="-73.59163"><ele>118</ele></trkpt><trkpt lat="45.51329" lon="-73.59179"><ele>120</ele></trkpt><trkpt lat="45.51329" lon="-73.59179"><ele>121</ele></trkpt><trkpt lat="45.51336" lon="-73.59220"><ele>123</ele></trkpt><trkpt lat="45.51339" lon="-73.59237"><ele>124</ele></trkpt><trkpt lat="45.51343" lon="-73.59260"><ele>126</ele></trkpt><trkpt lat="45.51344" lon="-73.59267"><ele>127</ele></trkpt><trkpt lat="45.51344" lon="-73.59273"><ele>128</ele></trkpt><trkpt lat="45.51345" lon="-73.59279"><ele>128</ele></trkpt><trkpt lat="45.51345" lon="-73.59288"><ele>129</ele></trkpt><trkpt lat="45.51346" lon="-73.59309"><ele>130</ele></trkpt><trkpt lat="45.51346" lon="-73.59324"><ele>131</ele></trkpt><trkpt lat="45.51345" lon="-73.59339"><ele>131</ele></trkpt><trkpt lat="45.51344" lon="-73.59349"><ele>132</ele></trkpt><trkpt lat="45.51344" lon="-73.59359"><ele>133</ele></trkpt><trkpt lat="45.51342" lon="-73.59371"><ele>133</ele></trkpt><trkpt lat="45.51340" lon="-73.59385"><ele>134</ele></trkpt><trkpt lat="45.51338" lon="-73.59400"><ele>135</ele></trkpt><trkpt lat="45.51335" lon="-73.59414"><ele>135</ele></trkpt><trkpt lat="45.51333" lon="-73.59423"><ele>136</ele></trkpt><trkpt lat="45.51331" lon="-73.59432"><ele>137</ele></trkpt><trkpt lat="45.51328" lon="-73.59441"><ele>137</ele></trkpt><trkpt lat="45.51326" lon="-73.59447"><ele>138</ele></trkpt><trkpt lat="45.51323" lon="-73.59458"><ele>138</ele></trkpt><trkpt lat="45.51319" lon="-73.59469"><ele>139</ele></trkpt><trkpt lat="45.51314" lon="-73.59479"><ele>139</ele></trkpt><trkpt lat="45.51308" lon="-73.59494"><ele>140</ele></trkpt><trkpt lat="45.51303" lon="-73.59506"><ele>140</ele></trkpt><trkpt lat="45.51295" lon="-73.59524"><ele>141</ele></trkpt><trkpt lat="45.51285" lon="-73.59543"><ele>142</ele></trkpt><trkpt lat="45.51281" lon="-73.59552"><ele>143</ele></trkpt><trkpt lat="45.51273" lon="-73.59569"><ele>144</ele></trkpt><trkpt lat="45.51272" lon="-73.59571"><ele>145</ele></trkpt><trkpt lat="45.51263" lon="-73.59591"><ele>146</ele></trkpt><trkpt lat="45.51255" lon="-73.59608"><ele>147</ele></trkpt><trkpt lat="45.51244" lon="-73.59631"><ele>148</ele></trkpt><trkpt lat="45.51239" lon="-73.59640"><ele>150</ele></trkpt><trkpt lat="45.51235" lon="-73.59647"><ele>151</ele></trkpt><trkpt lat="45.51230" lon="-73.59654"><ele>151</ele></trkpt><trkpt lat="45.51223" lon="-73.59660"><ele>152</ele></trkpt><trkpt lat="45.51214" lon="-73.59665"><ele>153</ele></trkpt><trkpt lat="45.51211" lon="-73.59666"><ele>154</ele></trkpt><trkpt lat="45.51205" lon="-73.59667"><ele>155</ele></trkpt><trkpt lat="45.51202" lon="-73.59667"><ele>155</ele></trkpt><trkpt lat="45.51196" lon="-73.59667"><ele>156</ele></trkpt><trkpt lat="45.51190" lon="-73.59665"><ele>156</ele></trkpt><trkpt lat="45.51184" lon="-73.59663"><ele>157</ele></trkpt><trkpt lat="45.51179" lon="-73.59661"><ele>157</ele></trkpt><trkpt lat="45.51174" lon="-73.59656"><ele>158</ele></trkpt><trkpt lat="45.51166" lon="-73.59647"><ele>159</ele></trkpt><trkpt lat="45.51162" lon="-73.59641"><ele>159</ele></trkpt><trkpt lat="45.51158" lon="-73.59634"><ele>160</ele></trkpt><trkpt lat="45.51155" lon="-73.59626"><ele>161</ele></trkpt><trkpt lat="45.51147" lon="-73.59609"><ele>162</ele></trkpt><trkpt lat="45.51141" lon="-73.59591"><ele>163</ele></trkpt><trkpt lat="45.51134" lon="-73.59574"><ele>163</ele></trkpt><trkpt lat="45.51130" lon="-73.59560"><ele>164</ele></trkpt><trkpt lat="45.51127" lon="-73.59551"><ele>165</ele></trkpt><trkpt lat="45.51124" lon="-73.59541"><ele>165</ele></trkpt><trkpt lat="45.51121" lon="-73.59531"><ele>166</ele></trkpt><trkpt lat="45.51119" lon="-73.59521"><ele>166</ele></trkpt><trkpt lat="45.51117" lon="-73.59511"><ele>167</ele></trkpt><trkpt lat="45.51115" lon="-73.59501"><ele>167</ele></trkpt><trkpt lat="45.51114" lon="-73.59492"><ele>168</ele></trkpt><trkpt lat="45.51113" lon="-73.59479"><ele>168</ele></trkpt><trkpt lat="45.51112" lon="-73.59468"><ele>169</ele></trkpt><trkpt lat="45.51110" lon="-73.59451"><ele>169</ele></trkpt><trkpt lat="45.51107" lon="-73.59433"><ele>170</ele></trkpt><trkpt lat="45.51105" lon="-73.59419"><ele>170</ele></trkpt><trkpt lat="45.51102" lon="-73.59407"><ele>171</ele></trkpt><trkpt lat="45.51098" lon="-73.59397"><ele>171</ele></trkpt><trkpt lat="45.51095" lon="-73.59388"><ele>172</ele></trkpt><trkpt lat="45.51079" lon="-73.59358"><ele>173</ele></trkpt><trkpt lat="45.51077" lon="-73.59352"><ele>174</ele></trkpt><trkpt lat="45.51071" lon="-73.59339"><ele>175</ele></trkpt><trkpt lat="45.51063" lon="-73.59325"><ele>176</ele></trkpt><trkpt lat="45.51053" lon="-73.59306"><ele>178</ele></trkpt><trkpt lat="45.51050" lon="-73.59303"><ele>179</ele></trkpt><trkpt lat="45.51018" lon="-73.59242"><ele>183</ele></trkpt><trkpt lat="45.51003" lon="-73.59212"><ele>187</ele></trkpt><trkpt lat="45.50992" lon="-73.59188"><ele>191</ele></trkpt><trkpt lat="45.50986" lon="-73.59175"><ele>194</ele></trkpt><trkpt lat="45.50982" lon="-73.59167"><ele>196</ele></trkpt><trkpt lat="45.50973" lon="-73.59150"><ele>199</ele></trkpt><trkpt lat="45.50969" lon="-73.59142"><ele>200</ele></trkpt><trkpt lat="45.50964" lon="-73.59136"><ele>202</ele></trkpt><trkpt lat="45.50961" lon="-73.59131"><ele>203</ele></trkpt><trkpt lat="45.50956" lon="-73.59126"><ele>203</ele></trkpt><trkpt lat="45.50951" lon="-73.59122"><ele>204</ele></trkpt><trkpt lat="45.50946" lon="-73.59118"><ele>204</ele></trkpt><trkpt lat="45.50939" lon="-73.59114"><ele>205</ele></trkpt><trkpt lat="45.50932" lon="-73.59112"><ele>205</ele></trkpt><trkpt lat="45.50923" lon="-73.59110"><ele>205</ele></trkpt><trkpt lat="45.50915" lon="-73.59108"><ele>206</ele></trkpt><trkpt lat="45.50905" lon="-73.59107"><ele>206</ele></trkpt><trkpt lat="45.50894" lon="-73.59106"><ele>207</ele></trkpt><trkpt lat="45.50887" lon="-73.59105"><ele>207</ele></trkpt><trkpt lat="45.50879" lon="-73.59105"><ele>208</ele></trkpt><trkpt lat="45.50871" lon="-73.59105"><ele>208</ele></trkpt><trkpt lat="45.50863" lon="-73.59106"><ele>208</ele></trkpt><trkpt lat="45.50852" lon="-73.59107"><ele>209</ele></trkpt><trkpt lat="45.50840" lon="-73.59110"><ele>209</ele></trkpt><trkpt lat="45.50826" lon="-73.59116"><ele>210</ele></trkpt><trkpt lat="45.50821" lon="-73.59118"><ele>210</ele></trkpt><trkpt lat="45.50820" lon="-73.59118"><ele>211</ele></trkpt><trkpt lat="45.50813" lon="-73.59121"><ele>211</ele></trkpt><trkpt lat="45.50806" lon="-73.59125"><ele>211</ele></trkpt><trkpt lat="45.50795" lon="-73.59131"><ele>212</ele></trkpt><trkpt lat="45.50781" lon="-73.59142"><ele>212</ele></trkpt><trkpt lat="45.50773" lon="-73.59148"><ele>212</ele></trkpt><trkpt lat="45.50750" lon="-73.59168"><ele>211</ele></trkpt><trkpt lat="45.50746" lon="-73.59172"><ele>211</ele></trkpt><trkpt lat="45.50636" lon="-73.59274"><ele>208</ele></trkpt><trkpt lat="45.50625" lon="-73.59284"><ele>206</ele></trkpt><trkpt lat="45.50618" lon="-73.59291"><ele>205</ele></trkpt><trkpt lat="45.50605" lon="-73.59301"><ele>204</ele></trkpt><trkpt lat="45.50597" lon="-73.59306"><ele>203</ele></trkpt><trkpt lat="45.50588" lon="-73.59311"><ele>202</ele></trkpt><trkpt lat="45.50577" lon="-73.59318"><ele>201</ele></trkpt><trkpt lat="45.50570" lon="-73.59322"><ele>201</ele></trkpt><trkpt lat="45.50564" lon="-73.59326"><ele>200</ele></trkpt><trkpt lat="45.50558" lon="-73.59329"><ele>200</ele></trkpt><trkpt lat="45.50547" lon="-73.59333"><ele>199</ele></trkpt><trkpt lat="45.50539" lon="-73.59336"><ele>199</ele></trkpt><trkpt lat="45.50533" lon="-73.59338"><ele>198</ele></trkpt><trkpt lat="45.50524" lon="-73.59341"><ele>198</ele></trkpt><trkpt lat="45.50517" lon="-73.59343"><ele>197</ele></trkpt><trkpt lat="45.50505" lon="-73.59346"><ele>197</ele></trkpt><trkpt lat="45.50494" lon="-73.59348"><ele>196</ele></trkpt><trkpt lat="45.50482" lon="-73.59349"><ele>196</ele></trkpt><trkpt lat="45.50471" lon="-73.59350"><ele>195</ele></trkpt><trkpt lat="45.50448" lon="-73.59351"><ele>194</ele></trkpt><trkpt lat="45.50438" lon="-73.59352"><ele>193</ele></trkpt><trkpt lat="45.50430" lon="-73.59353"><ele>193</ele></trkpt><trkpt lat="45.50423" lon="-73.59355"><ele>192</ele></trkpt><trkpt lat="45.50415" lon="-73.59357"><ele>192</ele></trkpt><trkpt lat="45.50401" lon="-73.59362"><ele>191</ele></trkpt><trkpt lat="45.50400" lon="-73.59363"><ele>191</ele></trkpt><trkpt lat="45.50394" lon="-73.59365"><ele>190</ele></trkpt><trkpt lat="45.50386" lon="-73.59369"><ele>190</ele></trkpt><trkpt lat="45.50382" lon="-73.59371"><ele>190</ele></trkpt><trkpt lat="45.50378" lon="-73.59373"><ele>189</ele></trkpt><trkpt lat="45.50375" lon="-73.59374"><ele>189</ele></trkpt><trkpt lat="45.50370" lon="-73.59378"><ele>189</ele></trkpt><trkpt lat="45.50363" lon="-73.59386"><ele>189</ele></trkpt><trkpt lat="45.50359" lon="-73.59389"><ele>188</ele></trkpt><trkpt lat="45.50353" lon="-73.59393"><ele>188</ele></trkpt><trkpt lat="45.50344" lon="-73.59401"><ele>188</ele></trkpt><trkpt lat="45.50335" lon="-73.59409"><ele>187</ele></trkpt><trkpt lat="45.50329" lon="-73.59415"><ele>187</ele></trkpt><trkpt lat="45.50324" lon="-73.59419"><ele>186</ele></trkpt><trkpt lat="45.50321" lon="-73.59424"><ele>186</ele></trkpt><trkpt lat="45.50313" lon="-73.59434"><ele>186</ele></trkpt><trkpt lat="45.50296" lon="-73.59454"><ele>185</ele></trkpt><trkpt lat="45.50281" lon="-73.59479"><ele>184</ele></trkpt><trkpt lat="45.50269" lon="-73.59503"><ele>183</ele></trkpt><trkpt lat="45.50261" lon="-73.59525"><ele>183</ele></trkpt><trkpt lat="45.50256" lon="-73.59535"><ele>183</ele></trkpt><trkpt lat="45.50252" lon="-73.59549"><ele>182</ele></trkpt><trkpt lat="45.50246" lon="-73.59570"><ele>182</ele></trkpt><trkpt lat="45.50234" lon="-73.59609"><ele>182</ele></trkpt><trkpt lat="45.50232" lon="-73.59615"><ele>181</ele></trkpt><trkpt lat="45.50231" lon="-73.59617"><ele>181</ele></trkpt><trkpt lat="45.50226" lon="-73.59632"><ele>181</ele></trkpt><trkpt lat="45.50221" lon="-73.59647"><ele>181</ele></trkpt><trkpt lat="45.50203" lon="-73.59695"><ele>181</ele></trkpt><trkpt lat="45.50187" lon="-73.59730"><ele>180</ele></trkpt><trkpt lat="45.50164" lon="-73.59775"><ele>179</ele></trkpt><trkpt lat="45.50155" lon="-73.59791"><ele>178</ele></trkpt><trkpt lat="45.50145" lon="-73.59808"><ele>178</ele></trkpt><trkpt lat="45.50140" lon="-73.59815"><ele>177</ele></trkpt><trkpt lat="45.50126" lon="-73.59837"><ele>176</ele></trkpt><trkpt lat="45.50120" lon="-73.59845"><ele>176</ele></trkpt><trkpt lat="45.50120" lon="-73.59845"><ele>175</ele></trkpt><trkpt lat="45.50106" lon="-73.59865"><ele>175</ele></trkpt><trkpt lat="45.50048" lon="-73.59937"><ele>173</ele></trkpt><trkpt lat="45.50034" lon="-73.59954"><ele>172</ele></trkpt><trkpt lat="45.50020" lon="-73.59971"><ele>170</ele></trkpt><trkpt lat="45.49956" lon="-73.60044"><ele>169</ele></trkpt><trkpt lat="45.49952" lon="-73.60048"><ele>167</ele></trkpt><trkpt lat="45.49927" lon="-73.60078"><ele>166</ele></trkpt><trkpt lat="45.49880" lon="-73.60128"><ele>165</ele></trkpt><trkpt lat="45.49853" lon="-73.60159"><ele>163</ele></trkpt><trkpt lat="45.49848" lon="-73.60165"><ele>162</ele></trkpt><trkpt lat="45.49837" lon="-73.60177"><ele>160</ele></trkpt><trkpt lat="45.49781" lon="-73.60238"><ele>158</ele></trkpt><trkpt lat="45.49563" lon="-73.60460"><ele>152</ele></trkpt><trkpt lat="45.49541" lon="-73.60483"><ele>147</ele></trkpt><trkpt lat="45.49535" lon="-73.60489"><ele>143</ele></trkpt><trkpt lat="45.49528" lon="-73.60495"><ele>141</ele></trkpt><trkpt lat="45.49522" lon="-73.60501"><ele>139</ele></trkpt><trkpt lat="45.49520" lon="-73.60504"><ele>138</ele></trkpt><trkpt lat="45.49516" lon="-73.60507"><ele>137</ele></trkpt><trkpt lat="45.49510" lon="-73.60513"><ele>136</ele></trkpt><trkpt lat="45.49512" lon="-73.60524"><ele>136</ele></trkpt><trkpt lat="45.49517" lon="-73.60551"><ele>135</ele></trkpt><trkpt lat="45.49520" lon="-73.60566"><ele>134</ele></trkpt><trkpt lat="45.49525" lon="-73.60586"><ele>134</ele></trkpt><trkpt lat="45.49529" lon="-73.60605"><ele>134</ele></trkpt><trkpt lat="45.49532" lon="-73.60618"><ele>133</ele></trkpt><trkpt lat="45.49534" lon="-73.60628"><ele>133</ele></trkpt><trkpt lat="45.49536" lon="-73.60635"><ele>133</ele></trkpt><trkpt lat="45.49540" lon="-73.60653"><ele>133</ele></trkpt><trkpt lat="45.49542" lon="-73.60658"><ele>133</ele></trkpt><trkpt lat="45.49547" lon="-73.60677"><ele>133</ele></trkpt><trkpt lat="45.49550" lon="-73.60688"><ele>133</ele></trkpt><trkpt lat="45.49556" lon="-73.60713"><ele>133</ele></trkpt><trkpt lat="45.49557" lon="-73.60716"><ele>134</ele></trkpt><trkpt lat="45.49560" lon="-73.60728"><ele>134</ele></trkpt><trkpt lat="45.49571" lon="-73.60764"><ele>134</ele></trkpt><trkpt lat="45.49576" lon="-73.60785"><ele>135</ele></trkpt><trkpt lat="45.49582" lon="-73.60805"><ele>135</ele></trkpt><trkpt lat="45.49586" lon="-73.60819"><ele>136</ele></trkpt><trkpt lat="45.49588" lon="-73.60827"><ele>136</ele></trkpt><trkpt lat="45.49590" lon="-73.60834"><ele>136</ele></trkpt><trkpt lat="45.49594" lon="-73.60848"><ele>136</ele></trkpt><trkpt lat="45.49596" lon="-73.60857"><ele>136</ele></trkpt><trkpt lat="45.49596" lon="-73.60860"><ele>136</ele></trkpt><trkpt lat="45.49597" lon="-73.60864"><ele>136</ele></trkpt><trkpt lat="45.49598" lon="-73.60868"><ele>136</ele></trkpt><trkpt lat="45.49598" lon="-73.60872"><ele>136</ele></trkpt><trkpt lat="45.49599" lon="-73.60880"><ele>135</ele></trkpt><trkpt lat="45.49600" lon="-73.60888"><ele>135</ele></trkpt><trkpt lat="45.49600" lon="-73.60895"><ele>135</ele></trkpt><trkpt lat="45.49600" lon="-73.60903"><ele>135</ele></trkpt><trkpt lat="45.49600" lon="-73.60910"><ele>135</ele></trkpt><trkpt lat="45.49600" lon="-73.60919"><ele>135</ele></trkpt><trkpt lat="45.49599" lon="-73.60928"><ele>135</ele></trkpt><trkpt lat="45.49599" lon="-73.60937"><ele>135</ele></trkpt><trkpt lat="45.49598" lon="-73.60944"><ele>135</ele></trkpt><trkpt lat="45.49598" lon="-73.60950"><ele>134</ele></trkpt><trkpt lat="45.49598" lon="-73.60950"><ele>134</ele></trkpt><trkpt lat="45.49598" lon="-73.60950"><ele>134</ele></trkpt><trkpt lat="45.49598" lon="-73.60957"><ele>134</ele></trkpt><trkpt lat="45.49597" lon="-73.60963"><ele>134</ele></trkpt><trkpt lat="45.49596" lon="-73.60970"><ele>134</ele></trkpt><trkpt lat="45.49595" lon="-73.60979"><ele>134</ele></trkpt><trkpt lat="45.49595" lon="-73.60985"><ele>134</ele></trkpt><trkpt lat="45.49594" lon="-73.60992"><ele>133</ele></trkpt><trkpt lat="45.49593" lon="-73.61000"><ele>133</ele></trkpt><trkpt lat="45.49591" lon="-73.61009"><ele>133</ele></trkpt><trkpt lat="45.49590" lon="-73.61020"><ele>133</ele></trkpt><trkpt lat="45.49589" lon="-73.61024"><ele>132</ele></trkpt><trkpt lat="45.49587" lon="-73.61036"><ele>132</ele></trkpt><trkpt lat="45.49585" lon="-73.61045"><ele>132</ele></trkpt><trkpt lat="45.49579" lon="-73.61079"><ele>131</ele></trkpt><trkpt lat="45.49573" lon="-73.61115"><ele>131</ele></trkpt><trkpt lat="45.49563" lon="-73.61171"><ele>130</ele></trkpt><trkpt lat="45.49558" lon="-73.61198"><ele>130</ele></trkpt><trkpt lat="45.49556" lon="-73.61209"><ele>129</ele></trkpt><trkpt lat="45.49555" lon="-73.61216"><ele>129</ele></trkpt><trkpt lat="45.49554" lon="-73.61225"><ele>128</ele></trkpt><trkpt lat="45.49552" lon="-73.61234"><ele>128</ele></trkpt><trkpt lat="45.49551" lon="-73.61241"><ele>127</ele></trkpt><trkpt lat="45.49550" lon="-73.61250"><ele>127</ele></trkpt><trkpt lat="45.49549" lon="-73.61258"><ele>126</ele></trkpt><trkpt lat="45.49549" lon="-73.61267"><ele>126</ele></trkpt><trkpt lat="45.49548" lon="-73.61276"><ele>126</ele></trkpt><trkpt lat="45.49548" lon="-73.61285"><ele>125</ele></trkpt><trkpt lat="45.49547" lon="-73.61294"><ele>125</ele></trkpt><trkpt lat="45.49546" lon="-73.61351"><ele>124</ele></trkpt><trkpt lat="45.49545" lon="-73.61388"><ele>123</ele></trkpt><trkpt lat="45.49545" lon="-73.61401"><ele>123</ele></trkpt><trkpt lat="45.49545" lon="-73.61414"><ele>122</ele></trkpt><trkpt lat="45.49545" lon="-73.61427"><ele>122</ele></trkpt><trkpt lat="45.49545" lon="-73.61456"><ele>122</ele></trkpt><trkpt lat="45.49546" lon="-73.61495"><ele>122</ele></trkpt><trkpt lat="45.49546" lon="-73.61508"><ele>121</ele></trkpt><trkpt lat="45.49546" lon="-73.61552"><ele>121</ele></trkpt><trkpt lat="45.49546" lon="-73.61559"><ele>121</ele></trkpt><trkpt lat="45.49546" lon="-73.61566"><ele>121</ele></trkpt><trkpt lat="45.49546" lon="-73.61572"><ele>120</ele></trkpt><trkpt lat="45.49546" lon="-73.61580"><ele>120</ele></trkpt><trkpt lat="45.49545" lon="-73.61593"><ele>120</ele></trkpt><trkpt lat="45.49544" lon="-73.61603"><ele>120</ele></trkpt><trkpt lat="45.49542" lon="-73.61613"><ele>120</ele></trkpt><trkpt lat="45.49541" lon="-73.61623"><ele>120</ele></trkpt><trkpt lat="45.49540" lon="-73.61633"><ele>119</ele></trkpt><trkpt lat="45.49539" lon="-73.61641"><ele>119</ele></trkpt><trkpt lat="45.49537" lon="-73.61649"><ele>119</ele></trkpt><trkpt lat="45.49535" lon="-73.61658"><ele>119</ele></trkpt><trkpt lat="45.49531" lon="-73.61680"><ele>119</ele></trkpt><trkpt lat="45.49527" lon="-73.61695"><ele>119</ele></trkpt><trkpt lat="45.49519" lon="-73.61734"><ele>118</ele></trkpt><trkpt lat="45.49518" lon="-73.61741"><ele>118</ele></trkpt><trkpt lat="45.49521" lon="-73.61748"><ele>118</ele></trkpt><trkpt lat="45.49524" lon="-73.61753"><ele>117</ele></trkpt><trkpt lat="45.49528" lon="-73.61763"><ele>117</ele></trkpt><trkpt lat="45.49530" lon="-73.61767"><ele>117</ele></trkpt><trkpt lat="45.49541" lon="-73.61792"><ele>117</ele></trkpt><trkpt lat="45.49544" lon="-73.61800"><ele>116</ele></trkpt><trkpt lat="45.49548" lon="-73.61808"><ele>116</ele></trkpt><trkpt lat="45.49558" lon="-73.61829"><ele>116</ele></trkpt><trkpt lat="45.49559" lon="-73.61832"><ele>116</ele></trkpt><trkpt lat="45.49563" lon="-73.61840"><ele>115</ele></trkpt><trkpt lat="45.49568" lon="-73.61853"><ele>115</ele></trkpt><trkpt lat="45.49572" lon="-73.61863"><ele>115</ele></trkpt><trkpt lat="45.49589" lon="-73.61900"><ele>114</ele></trkpt><trkpt lat="45.49589" lon="-73.61900"><ele>114</ele></trkpt><trkpt lat="45.49591" lon="-73.61905"><ele>114</ele></trkpt><trkpt lat="45.49608" lon="-73.61942"><ele>113</ele></trkpt><trkpt lat="45.49612" lon="-73.61950"><ele>113</ele></trkpt><trkpt lat="45.49615" lon="-73.61956"><ele>112</ele></trkpt><trkpt lat="45.49677" lon="-73.62095"><ele>111</ele></trkpt><trkpt lat="45.49679" lon="-73.62098"><ele>110</ele></trkpt><trkpt lat="45.49683" lon="-73.62108"><ele>110</ele></trkpt><trkpt lat="45.49687" lon="-73.62117"><ele>110</ele></trkpt><trkpt lat="45.49713" lon="-73.62175"><ele>110</ele></trkpt><trkpt lat="45.49719" lon="-73.62187"><ele>110</ele></trkpt><trkpt lat="45.49721" lon="-73.62193"><ele>110</ele></trkpt><trkpt lat="45.49726" lon="-73.62189"><ele>111</ele></trkpt><trkpt lat="45.49746" lon="-73.62170"><ele>111</ele></trkpt><trkpt lat="45.49750" lon="-73.62166"><ele>111</ele></trkpt><trkpt lat="45.49753" lon="-73.62163"><ele>111</ele></trkpt><trkpt lat="45.49764" lon="-73.62155"><ele>111</ele></trkpt><trkpt lat="45.49792" lon="-73.62129"><ele>112</ele></trkpt><trkpt lat="45.49792" lon="-73.62129"><ele>112</ele></trkpt><trkpt lat="45.49831" lon="-73.62093"><ele>113</ele></trkpt><trkpt lat="45.49837" lon="-73.62088"><ele>113</ele></trkpt><trkpt lat="45.49830" lon="-73.62075"><ele>113</ele></trkpt><trkpt lat="45.49811" lon="-73.62043"><ele>113</ele></trkpt><trkpt lat="45.49811" lon="-73.62043"><ele>113</ele></trkpt><trkpt lat="45.49795" lon="-73.62014"><ele>113</ele></trkpt><trkpt lat="45.49786" lon="-73.61997"><ele>113</ele></trkpt><trkpt lat="45.49784" lon="-73.61995"><ele>114</ele></trkpt><trkpt lat="45.49780" lon="-73.61986"><ele>114</ele></trkpt><trkpt lat="45.49777" lon="-73.61979"><ele>114</ele></trkpt><trkpt lat="45.49775" lon="-73.61975"><ele>114</ele></trkpt><trkpt lat="45.49753" lon="-73.61933"><ele>114</ele></trkpt><trkpt lat="45.49718" lon="-73.61862"><ele>115</ele></trkpt><trkpt lat="45.49717" lon="-73.61859"><ele>115</ele></trkpt><trkpt lat="45.49713" lon="-73.61852"><ele>115</ele></trkpt><trkpt lat="45.49710" lon="-73.61845"><ele>116</ele></trkpt><trkpt lat="45.49708" lon="-73.61842"><ele>116</ele></trkpt><trkpt lat="45.49693" lon="-73.61811"><ele>116</ele></trkpt><trkpt lat="45.49677" lon="-73.61779"><ele>116</ele></trkpt><trkpt lat="45.49676" lon="-73.61776"><ele>116</ele></trkpt><trkpt lat="45.49669" lon="-73.61763"><ele>116</ele></trkpt><trkpt lat="45.49669" lon="-73.61763"><ele>116</ele></trkpt><trkpt lat="45.49669" lon="-73.61763"><ele>116</ele></trkpt><trkpt lat="45.49669" lon="-73.61763"><ele>116</ele></trkpt><trkpt lat="45.49679" lon="-73.61760"><ele>116</ele></trkpt><trkpt lat="45.49681" lon="-73.61759"><ele>116</ele></trkpt><trkpt lat="45.49710" lon="-73.61748"><ele>116</ele></trkpt><trkpt lat="45.49715" lon="-73.61746"><ele>117</ele></trkpt><trkpt lat="45.49715" lon="-73.61746"><ele>117</ele></trkpt><trkpt lat="45.49722" lon="-73.61743"><ele>117</ele></trkpt><trkpt lat="45.49731" lon="-73.61739"><ele>117</ele></trkpt><trkpt lat="45.49740" lon="-73.61734"><ele>117</ele></trkpt><trkpt lat="45.49755" lon="-73.61724"><ele>118</ele></trkpt><trkpt lat="45.49765" lon="-73.61716"><ele>118</ele></trkpt><trkpt lat="45.49776" lon="-73.61705"><ele>118</ele></trkpt><trkpt lat="45.49786" lon="-73.61695"><ele>119</ele></trkpt><trkpt lat="45.49802" lon="-73.61677"><ele>120</ele></trkpt><trkpt lat="45.49814" lon="-73.61663"><ele>121</ele></trkpt><trkpt lat="45.49827" lon="-73.61647"><ele>123</ele></trkpt><trkpt lat="45.49834" lon="-73.61640"><ele>124</ele></trkpt><trkpt lat="45.49839" lon="-73.61636"><ele>125</ele></trkpt><trkpt lat="45.49847" lon="-73.61631"><ele>126</ele></trkpt><trkpt lat="45.49855" lon="-73.61628"><ele>127</ele></trkpt><trkpt lat="45.49864" lon="-73.61626"><ele>127</ele></trkpt><trkpt lat="45.49875" lon="-73.61626"><ele>128</ele></trkpt><trkpt lat="45.49892" lon="-73.61630"><ele>130</ele></trkpt><trkpt lat="45.49903" lon="-73.61636"><ele>131</ele></trkpt><trkpt lat="45.49907" lon="-73.61624"><ele>132</ele></trkpt><trkpt lat="45.49912" lon="-73.61612"><ele>133</ele></trkpt><trkpt lat="45.49923" lon="-73.61589"><ele>134</ele></trkpt><trkpt lat="45.49928" lon="-73.61579"><ele>135</ele></trkpt><trkpt lat="45.49934" lon="-73.61562"><ele>136</ele></trkpt><trkpt lat="45.49938" lon="-73.61552"><ele>137</ele></trkpt><trkpt lat="45.49943" lon="-73.61541"><ele>138</ele></trkpt><trkpt lat="45.49949" lon="-73.61532"><ele>138</ele></trkpt><trkpt lat="45.49953" lon="-73.61526"><ele>139</ele></trkpt><trkpt lat="45.49962" lon="-73.61516"><ele>139</ele></trkpt><trkpt lat="45.49972" lon="-73.61507"><ele>140</ele></trkpt><trkpt lat="45.49993" lon="-73.61488"><ele>141</ele></trkpt><trkpt lat="45.50005" lon="-73.61477"><ele>142</ele></trkpt><trkpt lat="45.50020" lon="-73.61464"><ele>143</ele></trkpt><trkpt lat="45.50025" lon="-73.61460"><ele>144</ele></trkpt><trkpt lat="45.50085" lon="-73.61412"><ele>147</ele></trkpt><trkpt lat="45.50109" lon="-73.61393"><ele>148</ele></trkpt><trkpt lat="45.50119" lon="-73.61384"><ele>149</ele></trkpt><trkpt lat="45.50121" lon="-73.61382"><ele>150</ele></trkpt><trkpt lat="45.50244" lon="-73.61272"><ele>152</ele></trkpt><trkpt lat="45.50251" lon="-73.61267"><ele>153</ele></trkpt><trkpt lat="45.50253" lon="-73.61272"><ele>153</ele></trkpt><trkpt lat="45.50254" lon="-73.61276"><ele>154</ele></trkpt><trkpt lat="45.50259" lon="-73.61291"><ele>154</ele></trkpt><trkpt lat="45.50259" lon="-73.61291"><ele>154</ele></trkpt><trkpt lat="45.50270" lon="-73.61323"><ele>154</ele></trkpt><trkpt lat="45.50275" lon="-73.61329"><ele>154</ele></trkpt><trkpt lat="45.50286" lon="-73.61357"><ele>154</ele></trkpt><trkpt lat="45.50294" lon="-73.61372"><ele>154</ele></trkpt><trkpt lat="45.50301" lon="-73.61380"><ele>154</ele></trkpt><trkpt lat="45.50308" lon="-73.61386"><ele>154</ele></trkpt><trkpt lat="45.50324" lon="-73.61396"><ele>154</ele></trkpt><trkpt lat="45.50350" lon="-73.61405"><ele>154</ele></trkpt><trkpt lat="45.50369" lon="-73.61411"><ele>154</ele></trkpt><trkpt lat="45.50378" lon="-73.61415"><ele>154</ele></trkpt><trkpt lat="45.50388" lon="-73.61421"><ele>154</ele></trkpt><trkpt lat="45.50400" lon="-73.61430"><ele>153</ele></trkpt><trkpt lat="45.50411" lon="-73.61442"><ele>151</ele></trkpt><trkpt lat="45.50417" lon="-73.61451"><ele>149</ele></trkpt><trkpt lat="45.50424" lon="-73.61462"><ele>148</ele></trkpt><trkpt lat="45.50432" lon="-73.61477"><ele>146</ele></trkpt><trkpt lat="45.50439" lon="-73.61493"><ele>144</ele></trkpt><trkpt lat="45.50460" lon="-73.61537"><ele>141</ele></trkpt><trkpt lat="45.50464" lon="-73.61545"><ele>139</ele></trkpt><trkpt lat="45.50469" lon="-73.61557"><ele>138</ele></trkpt><trkpt lat="45.50471" lon="-73.61563"><ele>136</ele></trkpt><trkpt lat="45.50472" lon="-73.61569"><ele>135</ele></trkpt><trkpt lat="45.50472" lon="-73.61574"><ele>134</ele></trkpt><trkpt lat="45.50473" lon="-73.61579"><ele>133</ele></trkpt><trkpt lat="45.50472" lon="-73.61585"><ele>133</ele></trkpt><trkpt lat="45.50471" lon="-73.61593"><ele>132</ele></trkpt><trkpt lat="45.50469" lon="-73.61601"><ele>131</ele></trkpt><trkpt lat="45.50467" lon="-73.61606"><ele>131</ele></trkpt><trkpt lat="45.50463" lon="-73.61612"><ele>130</ele></trkpt><trkpt lat="45.50460" lon="-73.61616"><ele>129</ele></trkpt><trkpt lat="45.50448" lon="-73.61627"><ele>129</ele></trkpt><trkpt lat="45.50414" lon="-73.61655"><ele>127</ele></trkpt><trkpt lat="45.50385" lon="-73.61679"><ele>124</ele></trkpt><trkpt lat="45.50375" lon="-73.61687"><ele>122</ele></trkpt><trkpt lat="45.50359" lon="-73.61701"><ele>120</ele></trkpt><trkpt lat="45.50350" lon="-73.61709"><ele>119</ele></trkpt><trkpt lat="45.50343" lon="-73.61718"><ele>117</ele></trkpt><trkpt lat="45.50339" lon="-73.61725"><ele>116</ele></trkpt><trkpt lat="45.50335" lon="-73.61733"><ele>115</ele></trkpt><trkpt lat="45.50330" lon="-73.61749"><ele>114</ele></trkpt><trkpt lat="45.50327" lon="-73.61759"><ele>113</ele></trkpt><trkpt lat="45.50320" lon="-73.61782"><ele>112</ele></trkpt><trkpt lat="45.50315" lon="-73.61804"><ele>111</ele></trkpt><trkpt lat="45.50314" lon="-73.61808"><ele>110</ele></trkpt><trkpt lat="45.50311" lon="-73.61818"><ele>110</ele></trkpt><trkpt lat="45.50311" lon="-73.61824"><ele>110</ele></trkpt><trkpt lat="45.50311" lon="-73.61829"><ele>109</ele></trkpt><trkpt lat="45.50312" lon="-73.61833"><ele>109</ele></trkpt><trkpt lat="45.50312" lon="-73.61839"><ele>109</ele></trkpt><trkpt lat="45.50314" lon="-73.61845"><ele>109</ele></trkpt><trkpt lat="45.50320" lon="-73.61860"><ele>109</ele></trkpt><trkpt lat="45.50324" lon="-73.61869"><ele>109</ele></trkpt><trkpt lat="45.50325" lon="-73.61874"><ele>109</ele></trkpt><trkpt lat="45.50326" lon="-73.61887"><ele>109</ele></trkpt><trkpt lat="45.50334" lon="-73.61880"><ele>109</ele></trkpt><trkpt lat="45.50336" lon="-73.61878"><ele>109</ele></trkpt><trkpt lat="45.50418" lon="-73.61802"><ele>109</ele></trkpt><trkpt lat="45.50425" lon="-73.61795"><ele>109</ele></trkpt><trkpt lat="45.50444" lon="-73.61778"><ele>109</ele></trkpt><trkpt lat="45.50502" lon="-73.61726"><ele>109</ele></trkpt><trkpt lat="45.50502" lon="-73.61726"><ele>110</ele></trkpt><trkpt lat="45.50527" lon="-73.61704"><ele>110</ele></trkpt><trkpt lat="45.50614" lon="-73.61626"><ele>110</ele></trkpt><trkpt lat="45.50659" lon="-73.61585"><ele>110</ele></trkpt><trkpt lat="45.50696" lon="-73.61551"><ele>110</ele></trkpt><trkpt lat="45.50718" lon="-73.61531"><ele>110</ele></trkpt><trkpt lat="45.50723" lon="-73.61527"><ele>110</ele></trkpt><trkpt lat="45.50728" lon="-73.61523"><ele>110</ele></trkpt><trkpt lat="45.50732" lon="-73.61519"><ele>110</ele></trkpt><trkpt lat="45.50738" lon="-73.61513"><ele>110</ele></trkpt><trkpt lat="45.50765" lon="-73.61489"><ele>110</ele></trkpt><trkpt lat="45.50809" lon="-73.61450"><ele>110</ele></trkpt><trkpt lat="45.50906" lon="-73.61362"><ele>111</ele></trkpt><trkpt lat="45.50935" lon="-73.61336"><ele>112</ele></trkpt><trkpt lat="45.50942" lon="-73.61329"><ele>113</ele></trkpt><trkpt lat="45.50960" lon="-73.61313"><ele>114</ele></trkpt><trkpt lat="45.50973" lon="-73.61293"><ele>115</ele></trkpt><trkpt lat="45.50979" lon="-73.61285"><ele>115</ele></trkpt><trkpt lat="45.50983" lon="-73.61278"><ele>116</ele></trkpt><trkpt lat="45.50988" lon="-73.61265"><ele>116</ele></trkpt><trkpt lat="45.50994" lon="-73.61250"><ele>115</ele></trkpt><trkpt lat="45.51000" lon="-73.61238"><ele>115</ele></trkpt><trkpt lat="45.51004" lon="-73.61232"><ele>115</ele></trkpt><trkpt lat="45.51010" lon="-73.61225"><ele>115</ele></trkpt><trkpt lat="45.51013" lon="-73.61223"><ele>114</ele></trkpt><trkpt lat="45.51019" lon="-73.61222"><ele>114</ele></trkpt><trkpt lat="45.51026" lon="-73.61237"><ele>114</ele></trkpt><trkpt lat="45.51037" lon="-73.61260"><ele>113</ele></trkpt><trkpt lat="45.51049" lon="-73.61288"><ele>113</ele></trkpt><trkpt lat="45.51053" lon="-73.61296"><ele>113</ele></trkpt><trkpt lat="45.51056" lon="-73.61302"><ele>112</ele></trkpt><trkpt lat="45.51067" lon="-73.61324"><ele>112</ele></trkpt><trkpt lat="45.51071" lon="-73.61328"><ele>112</ele></trkpt><trkpt lat="45.51075" lon="-73.61336"><ele>112</ele></trkpt><trkpt lat="45.51076" lon="-73.61340"><ele>111</ele></trkpt><trkpt lat="45.51080" lon="-73.61349"><ele>111</ele></trkpt><trkpt lat="45.51091" lon="-73.61374"><ele>111</ele></trkpt><trkpt lat="45.51093" lon="-73.61382"><ele>111</ele></trkpt><trkpt lat="45.51099" lon="-73.61395"><ele>111</ele></trkpt><trkpt lat="45.51109" lon="-73.61419"><ele>110</ele></trkpt><trkpt lat="45.51109" lon="-73.61419"><ele>110</ele></trkpt><trkpt lat="45.51123" lon="-73.61449"><ele>110</ele></trkpt><trkpt lat="45.51136" lon="-73.61478"><ele>109</ele></trkpt><trkpt lat="45.51139" lon="-73.61486"><ele>109</ele></trkpt><trkpt lat="45.51147" lon="-73.61504"><ele>108</ele></trkpt><trkpt lat="45.51161" lon="-73.61534"><ele>108</ele></trkpt><trkpt lat="45.51166" lon="-73.61543"><ele>107</ele></trkpt><trkpt lat="45.51167" lon="-73.61546"><ele>107</ele></trkpt><trkpt lat="45.51172" lon="-73.61553"><ele>106</ele></trkpt><trkpt lat="45.51180" lon="-73.61539"><ele>106</ele></trkpt><trkpt lat="45.51182" lon="-73.61535"><ele>105</ele></trkpt><trkpt lat="45.51193" lon="-73.61515"><ele>105</ele></trkpt><trkpt lat="45.51212" lon="-73.61478"><ele>104</ele></trkpt><trkpt lat="45.51237" lon="-73.61428"><ele>104</ele></trkpt><trkpt lat="45.51237" lon="-73.61428"><ele>103</ele></trkpt><trkpt lat="45.51243" lon="-73.61417"><ele>103</ele></trkpt><trkpt lat="45.51275" lon="-73.61355"><ele>102</ele></trkpt><trkpt lat="45.51294" lon="-73.61321"><ele>100</ele></trkpt><trkpt lat="45.51296" lon="-73.61317"><ele>99</ele></trkpt><trkpt lat="45.51300" lon="-73.61311"><ele>99</ele></trkpt><trkpt lat="45.51305" lon="-73.61302"><ele>98</ele></trkpt><trkpt lat="45.51307" lon="-73.61298"><ele>97</ele></trkpt><trkpt lat="45.51332" lon="-73.61253"><ele>97</ele></trkpt><trkpt lat="45.51355" lon="-73.61213"><ele>96</ele></trkpt><trkpt lat="45.51396" lon="-73.61140"><ele>94</ele></trkpt><trkpt lat="45.51399" lon="-73.61135"><ele>93</ele></trkpt><trkpt lat="45.51402" lon="-73.61129"><ele>92</ele></trkpt><trkpt lat="45.51404" lon="-73.61125"><ele>91</ele></trkpt><trkpt lat="45.51405" lon="-73.61122"><ele>91</ele></trkpt><trkpt lat="45.51406" lon="-73.61119"><ele>90</ele></trkpt><trkpt lat="45.51407" lon="-73.61116"><ele>90</ele></trkpt><trkpt lat="45.51408" lon="-73.61114"><ele>90</ele></trkpt><trkpt lat="45.51409" lon="-73.61109"><ele>90</ele></trkpt><trkpt lat="45.51411" lon="-73.61101"><ele>89</ele></trkpt><trkpt lat="45.51415" lon="-73.61088"><ele>89</ele></trkpt><trkpt lat="45.51416" lon="-73.61084"><ele>89</ele></trkpt><trkpt lat="45.51420" lon="-73.61071"><ele>89</ele></trkpt><trkpt lat="45.51425" lon="-73.61053"><ele>89</ele></trkpt><trkpt lat="45.51429" lon="-73.61038"><ele>88</ele></trkpt><trkpt lat="45.51434" lon="-73.61020"><ele>88</ele></trkpt><trkpt lat="45.51445" lon="-73.60981"><ele>88</ele></trkpt><trkpt lat="45.51455" lon="-73.60944"><ele>88</ele></trkpt><trkpt lat="45.51456" lon="-73.60939"><ele>88</ele></trkpt><trkpt lat="45.51458" lon="-73.60932"><ele>88</ele></trkpt><trkpt lat="45.51451" lon="-73.60928"><ele>88</ele></trkpt><trkpt lat="45.51448" lon="-73.60927"><ele>88</ele></trkpt><trkpt lat="45.51443" lon="-73.60925"><ele>88</ele></trkpt><trkpt lat="45.51435" lon="-73.60920"><ele>88</ele></trkpt><trkpt lat="45.51431" lon="-73.60918"><ele>89</ele></trkpt><trkpt lat="45.51427" lon="-73.60914"><ele>89</ele></trkpt><trkpt lat="45.51423" lon="-73.60909"><ele>89</ele></trkpt><trkpt lat="45.51409" lon="-73.60878"><ele>89</ele></trkpt><trkpt lat="45.51384" lon="-73.60821"><ele>91</ele></trkpt><trkpt lat="45.51382" lon="-73.60816"><ele>93</ele></trkpt><trkpt lat="45.51369" lon="-73.60788"><ele>95</ele></trkpt><trkpt lat="45.51369" lon="-73.60788"><ele>96</ele></trkpt><trkpt lat="45.51333" lon="-73.60708"><ele>99</ele></trkpt><trkpt lat="45.51330" lon="-73.60702"><ele>102</ele></trkpt><trkpt lat="45.51327" lon="-73.60696"><ele>104</ele></trkpt><trkpt lat="45.51282" lon="-73.60597"><ele>108</ele></trkpt><trkpt lat="45.51279" lon="-73.60589"><ele>110</ele></trkpt><trkpt lat="45.51276" lon="-73.60583"><ele>112</ele></trkpt><trkpt lat="45.51185" lon="-73.60381"><ele>117</ele></trkpt><trkpt lat="45.51183" lon="-73.60379"><ele>120</ele></trkpt><trkpt lat="45.51176" lon="-73.60375"><ele>122</ele></trkpt><trkpt lat="45.51179" lon="-73.60365"><ele>123</ele></trkpt><trkpt lat="45.51193" lon="-73.60309"><ele>124</ele></trkpt><trkpt lat="45.51193" lon="-73.60309"><ele>124</ele></trkpt><trkpt lat="45.51207" lon="-73.60255"><ele>124</ele></trkpt><trkpt lat="45.51214" lon="-73.60228"><ele>124</ele></trkpt><trkpt lat="45.51219" lon="-73.60212"><ele>124</ele></trkpt><trkpt lat="45.51222" lon="-73.60198"><ele>124</ele></trkpt><trkpt lat="45.51247" lon="-73.60112"><ele>124</ele></trkpt><trkpt lat="45.51248" lon="-73.60108"><ele>124</ele></trkpt><trkpt lat="45.51251" lon="-73.60102"><ele>124</ele></trkpt><trkpt lat="45.51250" lon="-73.60096"><ele>124</ele></trkpt><trkpt lat="45.51249" lon="-73.60084"><ele>123</ele></trkpt><trkpt lat="45.51220" lon="-73.60014"><ele>123</ele></trkpt><trkpt lat="45.51218" lon="-73.60007"><ele>123</ele></trkpt><trkpt lat="45.51216" lon="-73.60001"><ele>123</ele></trkpt><trkpt lat="45.51223" lon="-73.59994"><ele>122</ele></trkpt><trkpt lat="45.51225" lon="-73.59993"><ele>122</ele></trkpt><trkpt lat="45.51247" lon="-73.59972"><ele>122</ele></trkpt><trkpt lat="45.51308" lon="-73.59912"><ele>122</ele></trkpt><trkpt lat="45.51360" lon="-73.59861"><ele>120</ele></trkpt><trkpt lat="45.51366" lon="-73.59856"><ele>119</ele></trkpt><trkpt lat="45.51413" lon="-73.59808"><ele>118</ele></trkpt><trkpt lat="45.51440" lon="-73.59770"><ele>116</ele></trkpt><trkpt lat="45.51451" lon="-73.59751"><ele>115</ele></trkpt><trkpt lat="45.51457" lon="-73.59737"><ele>114</ele></trkpt><trkpt lat="45.51463" lon="-73.59713"><ele>113</ele></trkpt><trkpt lat="45.51466" lon="-73.59694"><ele>113</ele></trkpt><trkpt lat="45.51467" lon="-73.59681"><ele>112</ele></trkpt><trkpt lat="45.51468" lon="-73.59656"><ele>111</ele></trkpt><trkpt lat="45.51469" lon="-73.59633"><ele>111</ele></trkpt><trkpt lat="45.51469" lon="-73.59599"><ele>110</ele></trkpt><trkpt lat="45.51470" lon="-73.59564"><ele>109</ele></trkpt><trkpt lat="45.51470" lon="-73.59534"><ele>109</ele></trkpt><trkpt lat="45.51470" lon="-73.59505"><ele>108</ele></trkpt><trkpt lat="45.51469" lon="-73.59498"><ele>108</ele></trkpt><trkpt lat="45.51465" lon="-73.59397"><ele>107</ele></trkpt><trkpt lat="45.51464" lon="-73.59367"><ele>106</ele></trkpt><trkpt lat="45.51462" lon="-73.59309"><ele>105</ele></trkpt><trkpt lat="45.51460" lon="-73.59239"><ele>104</ele></trkpt><trkpt lat="45.51459" lon="-73.59229"><ele>103</ele></trkpt><trkpt lat="45.51458" lon="-73.59194"><ele>102</ele></trkpt><trkpt lat="45.51458" lon="-73.59186"><ele>101</ele></trkpt><trkpt lat="45.51459" lon="-73.59177"><ele>100</ele></trkpt><trkpt lat="45.51461" lon="-73.59170"><ele>99</ele></trkpt><trkpt lat="45.51461" lon="-73.59167"><ele>99</ele></trkpt><trkpt lat="45.51461" lon="-73.59167"><ele>99</ele></trkpt><trkpt lat="45.51463" lon="-73.59163"><ele>98</ele></trkpt><trkpt lat="45.51465" lon="-73.59157"><ele>98</ele></trkpt><trkpt lat="45.51467" lon="-73.59150"><ele>98</ele></trkpt><trkpt lat="45.51471" lon="-73.59144"><ele>97</ele></trkpt><trkpt lat="45.51474" lon="-73.59138"><ele>97</ele></trkpt><trkpt lat="45.51482" lon="-73.59128"><ele>97</ele></trkpt><trkpt lat="45.51509" lon="-73.59107"><ele>96</ele></trkpt><trkpt lat="45.51541" lon="-73.59076"><ele>94</ele></trkpt><trkpt lat="45.51574" lon="-73.59044"><ele>92</ele></trkpt><trkpt lat="45.51574" lon="-73.59042"><ele>91</ele></trkpt><trkpt lat="45.51579" lon="-73.59027"><ele>90</ele></trkpt><trkpt lat="45.51586" lon="-73.59020"><ele>89</ele></trkpt><trkpt lat="45.51588" lon="-73.59018"><ele>88</ele></trkpt><trkpt lat="45.51591" lon="-73.59015"><ele>87</ele></trkpt><trkpt lat="45.51616" lon="-73.58991"><ele>86</ele></trkpt><trkpt lat="45.51626" lon="-73.58982"><ele>85</ele></trkpt><trkpt lat="45.51666" lon="-73.58944"><ele>82</ele></trkpt><trkpt lat="45.51667" lon="-73.58942"><ele>81</ele></trkpt><trkpt lat="45.51679" lon="-73.58932"><ele>79</ele></trkpt><trkpt lat="45.51689" lon="-73.58923"><ele>78</ele></trkpt><trkpt lat="45.51690" lon="-73.58921"><ele>77</ele></trkpt><trkpt lat="45.51747" lon="-73.58871"><ele>74</ele></trkpt><trkpt lat="45.51749" lon="-73.58869"><ele>72</ele></trkpt><trkpt lat="45.51753" lon="-73.58866"><ele>71</ele></trkpt><trkpt lat="45.51758" lon="-73.58862"><ele>70</ele></trkpt><trkpt lat="45.51760" lon="-73.58861"><ele>70</ele></trkpt><trkpt lat="45.51791" lon="-73.58834"><ele>69</ele></trkpt><trkpt lat="45.51812" lon="-73.58814"><ele>69</ele></trkpt><trkpt lat="45.51820" lon="-73.58807"><ele>69</ele></trkpt><trkpt lat="45.51826" lon="-73.58802"><ele>69</ele></trkpt><trkpt lat="45.51837" lon="-73.58793"><ele>69</ele></trkpt><trkpt lat="45.51857" lon="-73.58775"><ele>69</ele></trkpt><trkpt lat="45.51857" lon="-73.58775"><ele>69</ele></trkpt><trkpt lat="45.51883" lon="-73.58753"><ele>69</ele></trkpt><trkpt lat="45.51885" lon="-73.58751"><ele>69</ele></trkpt><trkpt lat="45.51889" lon="-73.58748"><ele>69</ele></trkpt><trkpt lat="45.51893" lon="-73.58744"><ele>69</ele></trkpt><trkpt lat="45.51889" lon="-73.58736"><ele>69</ele></trkpt><trkpt lat="45.51865" lon="-73.58683"><ele>68</ele></trkpt><trkpt lat="45.51861" lon="-73.58673"><ele>67</ele></trkpt><trkpt lat="45.51826" lon="-73.58598"><ele>67</ele></trkpt><trkpt lat="45.51826" lon="-73.58598"><ele>67</ele></trkpt><trkpt lat="45.51806" lon="-73.58554"><ele>67</ele></trkpt><trkpt lat="45.51793" lon="-73.58525"><ele>68</ele></trkpt><trkpt lat="45.51791" lon="-73.58522"><ele>68</ele></trkpt><trkpt lat="45.51789" lon="-73.58516"><ele>68</ele></trkpt><trkpt lat="45.51787" lon="-73.58512"><ele>68</ele></trkpt><trkpt lat="45.51706" lon="-73.58333"><ele>68</ele></trkpt><trkpt lat="45.51702" lon="-73.58324"><ele>68</ele></trkpt><trkpt lat="45.51688" lon="-73.58293"><ele>68</ele></trkpt><trkpt lat="45.51687" lon="-73.58290"><ele>68</ele></trkpt><trkpt lat="45.51685" lon="-73.58286"><ele>68</ele></trkpt><trkpt lat="45.51683" lon="-73.58281"><ele>67</ele></trkpt><trkpt lat="45.51679" lon="-73.58275"><ele>67</ele></trkpt><trkpt lat="45.51660" lon="-73.58233"><ele>67</ele></trkpt><trkpt lat="45.51602" lon="-73.58106"><ele>66</ele></trkpt><trkpt lat="45.51581" lon="-73.58059"><ele>65</ele></trkpt><trkpt lat="45.51579" lon="-73.58055"><ele>64</ele></trkpt><trkpt lat="45.51577" lon="-73.58050"><ele>64</ele></trkpt><trkpt lat="45.51574" lon="-73.58043"><ele>63</ele></trkpt><trkpt lat="45.51531" lon="-73.57948"><ele>62</ele></trkpt><trkpt lat="45.51530" lon="-73.57946"><ele>61</ele></trkpt><trkpt lat="45.51527" lon="-73.57940"><ele>61</ele></trkpt><trkpt lat="45.51526" lon="-73.57938"><ele>60</ele></trkpt><trkpt lat="45.51513" lon="-73.57909"><ele>60</ele></trkpt><trkpt lat="45.51503" lon="-73.57885"><ele>59</ele></trkpt><trkpt lat="45.51483" lon="-73.57842"><ele>58</ele></trkpt><trkpt lat="45.51480" lon="-73.57836"><ele>58</ele></trkpt><trkpt lat="45.51477" lon="-73.57829"><ele>57</ele></trkpt><trkpt lat="45.51473" lon="-73.57820"><ele>57</ele></trkpt><trkpt lat="45.51466" lon="-73.57806"><ele>56</ele></trkpt><trkpt lat="45.51459" lon="-73.57790"><ele>56</ele></trkpt><trkpt lat="45.51445" lon="-73.57760"><ele>56</ele></trkpt><trkpt lat="45.51422" lon="-73.57706"><ele>55</ele></trkpt><trkpt lat="45.51386" lon="-73.57627"><ele>54</ele></trkpt><trkpt lat="45.51385" lon="-73.57624"><ele>53</ele></trkpt><trkpt lat="45.51384" lon="-73.57621"><ele>52</ele></trkpt><trkpt lat="45.51381" lon="-73.57615"><ele>51</ele></trkpt><trkpt lat="45.51374" lon="-73.57621"><ele>51</ele></trkpt><trkpt lat="45.51372" lon="-73.57623"><ele>51</ele></trkpt><trkpt lat="45.51360" lon="-73.57634"><ele>51</ele></trkpt><trkpt lat="45.51324" lon="-73.57666"><ele>51</ele></trkpt><trkpt lat="45.51293" lon="-73.57695"><ele>52</ele></trkpt><trkpt lat="45.51287" lon="-73.57699"><ele>52</ele></trkpt><trkpt lat="45.51281" lon="-73.57705"><ele>52</ele></trkpt><trkpt lat="45.51275" lon="-73.57710"><ele>52</ele></trkpt><trkpt lat="45.51275" lon="-73.57710"><ele>52</ele></trkpt><trkpt lat="45.51214" lon="-73.57765"><ele>53</ele></trkpt><trkpt lat="45.51203" lon="-73.57775"><ele>53</ele></trkpt><trkpt lat="45.51189" lon="-73.57788"><ele>53</ele></trkpt><trkpt lat="45.51174" lon="-73.57801"><ele>53</ele></trkpt><trkpt lat="45.51168" lon="-73.57807"><ele>54</ele></trkpt><trkpt lat="45.51156" lon="-73.57819"><ele>54</ele></trkpt><trkpt lat="45.51159" lon="-73.57827"><ele>54</ele></trkpt><trkpt lat="45.51161" lon="-73.57830"><ele>54</ele></trkpt><trkpt lat="45.51163" lon="-73.57834"><ele>54</ele></trkpt><trkpt lat="45.51176" lon="-73.57863"><ele>54</ele></trkpt><trkpt lat="45.51195" lon="-73.57904"><ele>54</ele></trkpt><trkpt lat="45.51200" lon="-73.57914"><ele>54</ele></trkpt><trkpt lat="45.51202" lon="-73.57919"><ele>54</ele></trkpt><trkpt lat="45.51208" lon="-73.57931"><ele>54</ele></trkpt><trkpt lat="45.51218" lon="-73.57954"><ele>54</ele></trkpt><trkpt lat="45.51253" lon="-73.58029"><ele>56</ele></trkpt><trkpt lat="45.51340" lon="-73.58219"><ele>61</ele></trkpt><trkpt lat="45.51344" lon="-73.58227"><ele>64</ele></trkpt><trkpt lat="45.51348" lon="-73.58235"><ele>66</ele></trkpt><trkpt lat="45.51464" lon="-73.58483"><ele>69</ele></trkpt><trkpt lat="45.51466" lon="-73.58487"><ele>71</ele></trkpt><trkpt lat="45.51466" lon="-73.58487"><ele>73</ele></trkpt><trkpt lat="45.51466" lon="-73.58487"><ele>74</ele></trkpt><trkpt lat="45.51469" lon="-73.58494"><ele>74</ele></trkpt><trkpt lat="45.51483" lon="-73.58524"><ele>75</ele></trkpt><trkpt lat="45.51612" lon="-73.58803"><ele>75</ele></trkpt><trkpt lat="45.51614" lon="-73.58815"><ele>76</ele></trkpt><trkpt lat="45.51614" lon="-73.58823"><ele>76</ele></trkpt><trkpt lat="45.51613" lon="-73.58830"><ele>77</ele></trkpt><trkpt lat="45.51612" lon="-73.58835"><ele>77</ele></trkpt><trkpt lat="45.51610" lon="-73.58839"><ele>77</ele></trkpt><trkpt lat="45.51605" lon="-73.58859"><ele>78</ele></trkpt><trkpt lat="45.51590" lon="-73.58906"><ele>79</ele></trkpt><trkpt lat="45.51576" lon="-73.58954"><ele>81</ele></trkpt><trkpt lat="45.51573" lon="-73.58964"><ele>82</ele></trkpt><trkpt lat="45.51573" lon="-73.58974"><ele>83</ele></trkpt><trkpt lat="45.51570" lon="-73.58993"><ele>83</ele></trkpt><trkpt lat="45.51570" lon="-73.59006"><ele>84</ele></trkpt><trkpt lat="45.51572" lon="-73.59015"><ele>85</ele></trkpt><trkpt lat="45.51573" lon="-73.59019"><ele>85</ele></trkpt><trkpt lat="45.51579" lon="-73.59027"><ele>86</ele></trkpt><trkpt lat="45.51570" lon="-73.59031"><ele>86</ele></trkpt><trkpt lat="45.51568" lon="-73.59033"><ele>87</ele></trkpt><trkpt lat="45.51558" lon="-73.59039"><ele>87</ele></trkpt><trkpt lat="45.51523" lon="-73.59067"><ele>88</ele></trkpt><trkpt lat="45.51507" lon="-73.59069"><ele>89</ele></trkpt><trkpt lat="45.51504" lon="-73.59069"><ele>90</ele></trkpt><trkpt lat="45.51499" lon="-73.59070"><ele>91</ele></trkpt><trkpt lat="45.51494" lon="-73.59069"><ele>91</ele></trkpt><trkpt lat="45.51489" lon="-73.59069"><ele>92</ele></trkpt><trkpt lat="45.51484" lon="-73.59067"><ele>92</ele></trkpt><trkpt lat="45.51480" lon="-73.59064"><ele>92</ele></trkpt><trkpt lat="45.51473" lon="-73.59060"><ele>93</ele></trkpt><trkpt lat="45.51465" lon="-73.59052"><ele>93</ele></trkpt><trkpt lat="45.51456" lon="-73.59041"><ele>94</ele></trkpt><trkpt lat="45.51442" lon="-73.59023"><ele>94</ele></trkpt><trkpt lat="45.51397" lon="-73.58953"><ele>96</ele></trkpt><trkpt lat="45.51387" lon="-73.58939"><ele>98</ele></trkpt><trkpt lat="45.51378" lon="-73.58925"><ele>99</ele></trkpt><trkpt lat="45.51373" lon="-73.58918"><ele>100</ele></trkpt><trkpt lat="45.51368" lon="-73.58914"><ele>101</ele></trkpt><trkpt lat="45.51364" lon="-73.58911"><ele>102</ele></trkpt><trkpt lat="45.51360" lon="-73.58908"><ele>102</ele></trkpt><trkpt lat="45.51355" lon="-73.58905"><ele>103</ele></trkpt><trkpt lat="45.51351" lon="-73.58904"><ele>103</ele></trkpt><trkpt lat="45.51346" lon="-73.58903"><ele>104</ele></trkpt><trkpt lat="45.51342" lon="-73.58903"><ele>104</ele></trkpt><trkpt lat="45.51336" lon="-73.58903"><ele>105</ele></trkpt><trkpt lat="45.51331" lon="-73.58905"><ele>105</ele></trkpt><trkpt lat="45.51326" lon="-73.58907"><ele>106</ele></trkpt><trkpt lat="45.51322" lon="-73.58909"><ele>106</ele></trkpt><trkpt lat="45.51319" lon="-73.58911"><ele>107</ele></trkpt><trkpt lat="45.51316" lon="-73.58913"><ele>107</ele></trkpt><trkpt lat="45.51314" lon="-73.58915"><ele>107</ele></trkpt><trkpt lat="45.51311" lon="-73.58918"><ele>107</ele></trkpt><trkpt lat="45.51309" lon="-73.58921"><ele>108</ele></trkpt><trkpt lat="45.51305" lon="-73.58926"><ele>108</ele></trkpt><trkpt lat="45.51303" lon="-73.58931"><ele>108</ele></trkpt><trkpt lat="45.51300" lon="-73.58937"><ele>109</ele></trkpt><trkpt lat="45.51298" lon="-73.58943"><ele>109</ele></trkpt><trkpt lat="45.51296" lon="-73.58950"><ele>110</ele></trkpt><trkpt lat="45.51295" lon="-73.58954"><ele>110</ele></trkpt><trkpt lat="45.51294" lon="-73.58959"><ele>110</ele></trkpt><trkpt lat="45.51294" lon="-73.58963"><ele>111</ele></trkpt><trkpt lat="45.51293" lon="-73.58967"><ele>111</ele></trkpt><trkpt lat="45.51293" lon="-73.58971"><ele>111</ele></trkpt><trkpt lat="45.51293" lon="-73.58976"><ele>111</ele></trkpt><trkpt lat="45.51294" lon="-73.58980"><ele>112</ele></trkpt><trkpt lat="45.51294" lon="-73.58985"><ele>112</ele></trkpt><trkpt lat="45.51295" lon="-73.58989"><ele>112</ele></trkpt><trkpt lat="45.51296" lon="-73.58996"><ele>113</ele></trkpt><trkpt lat="45.51307" lon="-73.59050"><ele>114</ele></trkpt><trkpt lat="45.51313" lon="-73.59080"><ele>115</ele></trkpt><trkpt lat="45.51327" lon="-73.59163"><ele>118</ele></trkpt><trkpt lat="45.51327" lon="-73.59165"><ele>120</ele></trkpt><trkpt lat="45.51327" lon="-73.59165"><ele>121</ele></trkpt><trkpt lat="45.51336" lon="-73.59220"><ele>123</ele></trkpt><trkpt lat="45.51339" lon="-73.59237"><ele>124</ele></trkpt><trkpt lat="45.51343" lon="-73.59260"><ele>126</ele></trkpt><trkpt lat="45.51344" lon="-73.59267"><ele>127</ele></trkpt><trkpt lat="45.51344" lon="-73.59273"><ele>128</ele></trkpt><trkpt lat="45.51345" lon="-73.59279"><ele>128</ele></trkpt><trkpt lat="45.51345" lon="-73.59288"><ele>129</ele></trkpt><trkpt lat="45.51346" lon="-73.59309"><ele>130</ele></trkpt><trkpt lat="45.51346" lon="-73.59324"><ele>131</ele></trkpt><trkpt lat="45.51345" lon="-73.59339"><ele>131</ele></trkpt><trkpt lat="45.51344" lon="-73.59349"><ele>132</ele></trkpt><trkpt lat="45.51344" lon="-73.59359"><ele>133</ele></trkpt><trkpt lat="45.51342" lon="-73.59371"><ele>133</ele></trkpt><trkpt lat="45.51340" lon="-73.59385"><ele>134</ele></trkpt><trkpt lat="45.51338" lon="-73.59400"><ele>135</ele></trkpt><trkpt lat="45.51335" lon="-73.59414"><ele>135</ele></trkpt><trkpt lat="45.51333" lon="-73.59423"><ele>136</ele></trkpt><trkpt lat="45.51331" lon="-73.59432"><ele>137</ele></trkpt><trkpt lat="45.51328" lon="-73.59441"><ele>137</ele></trkpt><trkpt lat="45.51326" lon="-73.59447"><ele>138</ele></trkpt><trkpt lat="45.51323" lon="-73.59458"><ele>138</ele></trkpt><trkpt lat="45.51319" lon="-73.59469"><ele>139</ele></trkpt><trkpt lat="45.51314" lon="-73.59479"><ele>139</ele></trkpt><trkpt lat="45.51308" lon="-73.59494"><ele>140</ele></trkpt><trkpt lat="45.51303" lon="-73.59506"><ele>140</ele></trkpt><trkpt lat="45.51295" lon="-73.59524"><ele>141</ele></trkpt><trkpt lat="45.51285" lon="-73.59543"><ele>142</ele></trkpt><trkpt lat="45.51281" lon="-73.59552"><ele>143</ele></trkpt><trkpt lat="45.51273" lon="-73.59569"><ele>144</ele></trkpt><trkpt lat="45.51272" lon="-73.59571"><ele>145</ele></trkpt><trkpt lat="45.51263" lon="-73.59591"><ele>146</ele></trkpt><trkpt lat="45.51255" lon="-73.59608"><ele>147</ele></trkpt><trkpt lat="45.51244" lon="-73.59631"><ele>148</ele></trkpt><trkpt lat="45.51239" lon="-73.59640"><ele>150</ele></trkpt><trkpt lat="45.51235" lon="-73.59647"><ele>151</ele></trkpt><trkpt lat="45.51230" lon="-73.59654"><ele>151</ele></trkpt><trkpt lat="45.51223" lon="-73.59660"><ele>152</ele></trkpt><trkpt lat="45.51214" lon="-73.59665"><ele>153</ele></trkpt><trkpt lat="45.51211" lon="-73.59666"><ele>154</ele></trkpt><trkpt lat="45.51205" lon="-73.59667"><ele>155</ele></trkpt><trkpt lat="45.51202" lon="-73.59667"><ele>155</ele></trkpt><trkpt lat="45.51196" lon="-73.59667"><ele>156</ele></trkpt><trkpt lat="45.51190" lon="-73.59665"><ele>156</ele></trkpt><trkpt lat="45.51184" lon="-73.59663"><ele>157</ele></trkpt><trkpt lat="45.51179" lon="-73.59661"><ele>157</ele></trkpt><trkpt lat="45.51174" lon="-73.59656"><ele>158</ele></trkpt><trkpt lat="45.51166" lon="-73.59647"><ele>159</ele></trkpt><trkpt lat="45.51162" lon="-73.59641"><ele>159</ele></trkpt><trkpt lat="45.51158" lon="-73.59634"><ele>160</ele></trkpt><trkpt lat="45.51155" lon="-73.59626"><ele>161</ele></trkpt><trkpt lat="45.51147" lon="-73.59609"><ele>162</ele></trkpt><trkpt lat="45.51141" lon="-73.59591"><ele>163</ele></trkpt><trkpt lat="45.51134" lon="-73.59574"><ele>163</ele></trkpt><trkpt lat="45.51130" lon="-73.59560"><ele>164</ele></trkpt><trkpt lat="45.51127" lon="-73.59551"><ele>165</ele></trkpt><trkpt lat="45.51124" lon="-73.59541"><ele>165</ele></trkpt><trkpt lat="45.51121" lon="-73.59531"><ele>166</ele></trkpt><trkpt lat="45.51119" lon="-73.59521"><ele>166</ele></trkpt><trkpt lat="45.51117" lon="-73.59511"><ele>167</ele></trkpt><trkpt lat="45.51115" lon="-73.59501"><ele>167</ele></trkpt><trkpt lat="45.51114" lon="-73.59492"><ele>168</ele></trkpt><trkpt lat="45.51113" lon="-73.59479"><ele>168</ele></trkpt><trkpt lat="45.51112" lon="-73.59468"><ele>169</ele></trkpt><trkpt lat="45.51110" lon="-73.59451"><ele>169</ele></trkpt><trkpt lat="45.51107" lon="-73.59433"><ele>170</ele></trkpt><trkpt lat="45.51105" lon="-73.59419"><ele>170</ele></trkpt><trkpt lat="45.51102" lon="-73.59407"><ele>171</ele></trkpt><trkpt lat="45.51098" lon="-73.59397"><ele>171</ele></trkpt><trkpt lat="45.51095" lon="-73.59388"><ele>172</ele></trkpt><trkpt lat="45.51079" lon="-73.59358"><ele>173</ele></trkpt><trkpt lat="45.51077" lon="-73.59352"><ele>174</ele></trkpt><trkpt lat="45.51071" lon="-73.59339"><ele>175</ele></trkpt><trkpt lat="45.51063" lon="-73.59325"><ele>176</ele></trkpt><trkpt lat="45.51053" lon="-73.59306"><ele>178</ele></trkpt><trkpt lat="45.51050" lon="-73.59303"><ele>179</ele></trkpt><trkpt lat="45.51018" lon="-73.59242"><ele>183</ele></trkpt><trkpt lat="45.51003" lon="-73.59212"><ele>187</ele></trkpt><trkpt lat="45.50992" lon="-73.59188"><ele>191</ele></trkpt><trkpt lat="45.50986" lon="-73.59175"><ele>194</ele></trkpt><trkpt lat="45.50982" lon="-73.59167"><ele>196</ele></trkpt><trkpt lat="45.50973" lon="-73.59150"><ele>199</ele></trkpt><trkpt lat="45.50969" lon="-73.59142"><ele>200</ele></trkpt><trkpt lat="45.50964" lon="-73.59136"><ele>202</ele></trkpt><trkpt lat="45.50961" lon="-73.59131"><ele>203</ele></trkpt><trkpt lat="45.50956" lon="-73.59126"><ele>203</ele></trkpt><trkpt lat="45.50951" lon="-73.59122"><ele>204</ele></trkpt><trkpt lat="45.50946" lon="-73.59118"><ele>204</ele></trkpt><trkpt lat="45.50939" lon="-73.59114"><ele>205</ele></trkpt><trkpt lat="45.50932" lon="-73.59112"><ele>205</ele></trkpt><trkpt lat="45.50923" lon="-73.59110"><ele>205</ele></trkpt><trkpt lat="45.50915" lon="-73.59108"><ele>206</ele></trkpt><trkpt lat="45.50905" lon="-73.59107"><ele>206</ele></trkpt><trkpt lat="45.50894" lon="-73.59106"><ele>207</ele></trkpt><trkpt lat="45.50887" lon="-73.59105"><ele>207</ele></trkpt><trkpt lat="45.50879" lon="-73.59105"><ele>208</ele></trkpt><trkpt lat="45.50871" lon="-73.59105"><ele>208</ele></trkpt><trkpt lat="45.50863" lon="-73.59106"><ele>208</ele></trkpt><trkpt lat="45.50852" lon="-73.59107"><ele>209</ele></trkpt><trkpt lat="45.50840" lon="-73.59110"><ele>209</ele></trkpt><trkpt lat="45.50826" lon="-73.59116"><ele>210</ele></trkpt><trkpt lat="45.50821" lon="-73.59118"><ele>210</ele></trkpt><trkpt lat="45.50820" lon="-73.59118"><ele>211</ele></trkpt><trkpt lat="45.50813" lon="-73.59121"><ele>211</ele></trkpt><trkpt lat="45.50806" lon="-73.59125"><ele>211</ele></trkpt><trkpt lat="45.50795" lon="-73.59131"><ele>212</ele></trkpt><trkpt lat="45.50781" lon="-73.59142"><ele>212</ele></trkpt><trkpt lat="45.50773" lon="-73.59148"><ele>212</ele></trkpt><trkpt lat="45.50750" lon="-73.59168"><ele>211</ele></trkpt><trkpt lat="45.50746" lon="-73.59172"><ele>211</ele></trkpt><trkpt lat="45.50636" lon="-73.59274"><ele>208</ele></trkpt><trkpt lat="45.50625" lon="-73.59284"><ele>206</ele></trkpt><trkpt lat="45.50618" lon="-73.59291"><ele>205</ele></trkpt><trkpt lat="45.50605" lon="-73.59301"><ele>204</ele></trkpt><trkpt lat="45.50597" lon="-73.59306"><ele>203</ele></trkpt><trkpt lat="45.50588" lon="-73.59311"><ele>202</ele></trkpt><trkpt lat="45.50577" lon="-73.59318"><ele>201</ele></trkpt><trkpt lat="45.50570" lon="-73.59322"><ele>201</ele></trkpt><trkpt lat="45.50564" lon="-73.59326"><ele>200</ele></trkpt><trkpt lat="45.50558" lon="-73.59329"><ele>200</ele></trkpt><trkpt lat="45.50547" lon="-73.59333"><ele>199</ele></trkpt><trkpt lat="45.50539" lon="-73.59336"><ele>199</ele></trkpt><trkpt lat="45.50533" lon="-73.59338"><ele>198</ele></trkpt><trkpt lat="45.50524" lon="-73.59341"><ele>198</ele></trkpt><trkpt lat="45.50517" lon="-73.59343"><ele>197</ele></trkpt><trkpt lat="45.50505" lon="-73.59346"><ele>197</ele></trkpt><trkpt lat="45.50494" lon="-73.59348"><ele>196</ele></trkpt><trkpt lat="45.50482" lon="-73.59349"><ele>196</ele></trkpt><trkpt lat="45.50471" lon="-73.59350"><ele>195</ele></trkpt><trkpt lat="45.50448" lon="-73.59351"><ele>194</ele></trkpt><trkpt lat="45.50438" lon="-73.59352"><ele>193</ele></trkpt><trkpt lat="45.50430" lon="-73.59353"><ele>193</ele></trkpt><trkpt lat="45.50423" lon="-73.59355"><ele>192</ele></trkpt><trkpt lat="45.50415" lon="-73.59357"><ele>192</ele></trkpt><trkpt lat="45.50401" lon="-73.59362"><ele>191</ele></trkpt><trkpt lat="45.50400" lon="-73.59363"><ele>191</ele></trkpt><trkpt lat="45.50394" lon="-73.59365"><ele>190</ele></trkpt><trkpt lat="45.50386" lon="-73.59369"><ele>190</ele></trkpt><trkpt lat="45.50382" lon="-73.59371"><ele>190</ele></trkpt><trkpt lat="45.50378" lon="-73.59373"><ele>189</ele></trkpt><trkpt lat="45.50375" lon="-73.59374"><ele>189</ele></trkpt><trkpt lat="45.50370" lon="-73.59378"><ele>189</ele></trkpt><trkpt lat="45.50363" lon="-73.59386"><ele>189</ele></trkpt><trkpt lat="45.50359" lon="-73.59389"><ele>188</ele></trkpt><trkpt lat="45.50353" lon="-73.59393"><ele>188</ele></trkpt><trkpt lat="45.50344" lon="-73.59401"><ele>188</ele></trkpt><trkpt lat="45.50335" lon="-73.59409"><ele>187</ele></trkpt><trkpt lat="45.50329" lon="-73.59415"><ele>187</ele></trkpt><trkpt lat="45.50324" lon="-73.59419"><ele>186</ele></trkpt><trkpt lat="45.50321" lon="-73.59424"><ele>186</ele></trkpt><trkpt lat="45.50313" lon="-73.59434"><ele>186</ele></trkpt><trkpt lat="45.50296" lon="-73.59454"><ele>185</ele></trkpt><trkpt lat="45.50281" lon="-73.59479"><ele>184</ele></trkpt><trkpt lat="45.50269" lon="-73.59503"><ele>183</ele></trkpt><trkpt lat="45.50261" lon="-73.59525"><ele>183</ele></trkpt><trkpt lat="45.50256" lon="-73.59535"><ele>183</ele></trkpt><trkpt lat="45.50252" lon="-73.59549"><ele>182</ele></trkpt><trkpt lat="45.50246" lon="-73.59570"><ele>182</ele></trkpt><trkpt lat="45.50234" lon="-73.59609"><ele>182</ele></trkpt><trkpt lat="45.50232" lon="-73.59615"><ele>181</ele></trkpt><trkpt lat="45.50231" lon="-73.59617"><ele>181</ele></trkpt><trkpt lat="45.50226" lon="-73.59632"><ele>181</ele></trkpt><trkpt lat="45.50221" lon="-73.59647"><ele>181</ele></trkpt><trkpt lat="45.50203" lon="-73.59695"><ele>181</ele></trkpt><trkpt lat="45.50187" lon="-73.59730"><ele>180</ele></trkpt><trkpt lat="45.50164" lon="-73.59775"><ele>179</ele></trkpt><trkpt lat="45.50155" lon="-73.59791"><ele>178</ele></trkpt><trkpt lat="45.50145" lon="-73.59808"><ele>178</ele></trkpt><trkpt lat="45.50140" lon="-73.59815"><ele>177</ele></trkpt><trkpt lat="45.50126" lon="-73.59837"><ele>176</ele></trkpt><trkpt lat="45.50106" lon="-73.59865"><ele>175</ele></trkpt><trkpt lat="45.50097" lon="-73.59877"><ele>174</ele></trkpt><trkpt lat="45.50097" lon="-73.59877"><ele>174</ele></trkpt><trkpt lat="45.50048" lon="-73.59937"><ele>172</ele></trkpt><trkpt lat="45.50034" lon="-73.59954"><ele>171</ele></trkpt><trkpt lat="45.50020" lon="-73.59971"><ele>170</ele></trkpt><trkpt lat="45.49956" lon="-73.60044"><ele>168</ele></trkpt><trkpt lat="45.49952" lon="-73.60048"><ele>167</ele></trkpt><trkpt lat="45.49927" lon="-73.60078"><ele>166</ele></trkpt><trkpt lat="45.49880" lon="-73.60128"><ele>165</ele></trkpt><trkpt lat="45.49853" lon="-73.60159"><ele>163</ele></trkpt><trkpt lat="45.49848" lon="-73.60165"><ele>162</ele></trkpt><trkpt lat="45.49837" lon="-73.60177"><ele>160</ele></trkpt><trkpt lat="45.49781" lon="-73.60238"><ele>158</ele></trkpt><trkpt lat="45.49563" lon="-73.60460"><ele>152</ele></trkpt><trkpt lat="45.49541" lon="-73.60483"><ele>147</ele></trkpt><trkpt lat="45.49535" lon="-73.60489"><ele>143</ele></trkpt><trkpt lat="45.49528" lon="-73.60495"><ele>141</ele></trkpt><trkpt lat="45.49522" lon="-73.60501"><ele>139</ele></trkpt><trkpt lat="45.49520" lon="-73.60504"><ele>138</ele></trkpt><trkpt lat="45.49516" lon="-73.60507"><ele>137</ele></trkpt><trkpt lat="45.49510" lon="-73.60513"><ele>136</ele></trkpt><trkpt lat="45.49512" lon="-73.60524"><ele>136</ele></trkpt><trkpt lat="45.49517" lon="-73.60551"><ele>135</ele></trkpt><trkpt lat="45.49520" lon="-73.60566"><ele>134</ele></trkpt><trkpt lat="45.49525" lon="-73.60586"><ele>134</ele></trkpt><trkpt lat="45.49529" lon="-73.60605"><ele>134</ele></trkpt><trkpt lat="45.49532" lon="-73.60618"><ele>133</ele></trkpt><trkpt lat="45.49534" lon="-73.60628"><ele>133</ele></trkpt><trkpt lat="45.49536" lon="-73.60635"><ele>133</ele></trkpt><trkpt lat="45.49540" lon="-73.60653"><ele>133</ele></trkpt><trkpt lat="45.49542" lon="-73.60658"><ele>133</ele></trkpt><trkpt lat="45.49547" lon="-73.60677"><ele>133</ele></trkpt><trkpt lat="45.49550" lon="-73.60688"><ele>133</ele></trkpt><trkpt lat="45.49556" lon="-73.60713"><ele>133</ele></trkpt><trkpt lat="45.49557" lon="-73.60716"><ele>134</ele></trkpt><trkpt lat="45.49560" lon="-73.60728"><ele>134</ele></trkpt><trkpt lat="45.49571" lon="-73.60764"><ele>134</ele></trkpt><trkpt lat="45.49576" lon="-73.60785"><ele>135</ele></trkpt><trkpt lat="45.49582" lon="-73.60805"><ele>135</ele></trkpt><trkpt lat="45.49586" lon="-73.60819"><ele>136</ele></trkpt><trkpt lat="45.49588" lon="-73.60827"><ele>136</ele></trkpt><trkpt lat="45.49590" lon="-73.60834"><ele>136</ele></trkpt><trkpt lat="45.49594" lon="-73.60848"><ele>136</ele></trkpt><trkpt lat="45.49596" lon="-73.60857"><ele>136</ele></trkpt><trkpt lat="45.49596" lon="-73.60860"><ele>136</ele></trkpt><trkpt lat="45.49597" lon="-73.60864"><ele>136</ele></trkpt><trkpt lat="45.49598" lon="-73.60868"><ele>136</ele></trkpt><trkpt lat="45.49598" lon="-73.60872"><ele>136</ele></trkpt><trkpt lat="45.49599" lon="-73.60880"><ele>135</ele></trkpt><trkpt lat="45.49600" lon="-73.60888"><ele>135</ele></trkpt><trkpt lat="45.49600" lon="-73.60895"><ele>135</ele></trkpt><trkpt lat="45.49600" lon="-73.60903"><ele>135</ele></trkpt><trkpt lat="45.49600" lon="-73.60910"><ele>135</ele></trkpt><trkpt lat="45.49600" lon="-73.60919"><ele>135</ele></trkpt><trkpt lat="45.49599" lon="-73.60928"><ele>135</ele></trkpt><trkpt lat="45.49599" lon="-73.60937"><ele>135</ele></trkpt><trkpt lat="45.49598" lon="-73.60944"><ele>135</ele></trkpt><trkpt lat="45.49598" lon="-73.60950"><ele>134</ele></trkpt><trkpt lat="45.49598" lon="-73.60957"><ele>134</ele></trkpt><trkpt lat="45.49597" lon="-73.60963"><ele>134</ele></trkpt><trkpt lat="45.49596" lon="-73.60970"><ele>134</ele></trkpt><trkpt lat="45.49595" lon="-73.60979"><ele>134</ele></trkpt><trkpt lat="45.49595" lon="-73.60985"><ele>134</ele></trkpt><trkpt lat="45.49594" lon="-73.60992"><ele>133</ele></trkpt><trkpt lat="45.49593" lon="-73.61000"><ele>133</ele></trkpt><trkpt lat="45.49591" lon="-73.61009"><ele>133</ele></trkpt><trkpt lat="45.49590" lon="-73.61020"><ele>133</ele></trkpt><trkpt lat="45.49589" lon="-73.61023"><ele>132</ele></trkpt><trkpt lat="45.49589" lon="-73.61023"><ele>132</ele></trkpt><trkpt lat="45.49589" lon="-73.61024"><ele>132</ele></trkpt><trkpt lat="45.49587" lon="-73.61036"><ele>132</ele></trkpt><trkpt lat="45.49585" lon="-73.61045"><ele>132</ele></trkpt><trkpt lat="45.49579" lon="-73.61079"><ele>131</ele></trkpt><trkpt lat="45.49573" lon="-73.61115"><ele>131</ele></trkpt><trkpt lat="45.49563" lon="-73.61171"><ele>130</ele></trkpt><trkpt lat="45.49558" lon="-73.61198"><ele>130</ele></trkpt><trkpt lat="45.49556" lon="-73.61209"><ele>129</ele></trkpt><trkpt lat="45.49555" lon="-73.61216"><ele>129</ele></trkpt><trkpt lat="45.49554" lon="-73.61225"><ele>128</ele></trkpt><trkpt lat="45.49552" lon="-73.61234"><ele>128</ele></trkpt><trkpt lat="45.49551" lon="-73.61241"><ele>127</ele></trkpt><trkpt lat="45.49550" lon="-73.61250"><ele>127</ele></trkpt><trkpt lat="45.49549" lon="-73.61258"><ele>126</ele></trkpt><trkpt lat="45.49549" lon="-73.61267"><ele>126</ele></trkpt><trkpt lat="45.49548" lon="-73.61276"><ele>126</ele></trkpt><trkpt lat="45.49548" lon="-73.61285"><ele>125</ele></trkpt><trkpt lat="45.49547" lon="-73.61294"><ele>125</ele></trkpt><trkpt lat="45.49546" lon="-73.61351"><ele>124</ele></trkpt><trkpt lat="45.49545" lon="-73.61388"><ele>123</ele></trkpt><trkpt lat="45.49545" lon="-73.61401"><ele>123</ele></trkpt><trkpt lat="45.49545" lon="-73.61414"><ele>122</ele></trkpt><trkpt lat="45.49545" lon="-73.61427"><ele>122</ele></trkpt><trkpt lat="45.49545" lon="-73.61456"><ele>122</ele></trkpt><trkpt lat="45.49546" lon="-73.61495"><ele>122</ele></trkpt><trkpt lat="45.49546" lon="-73.61508"><ele>121</ele></trkpt><trkpt lat="45.49546" lon="-73.61552"><ele>121</ele></trkpt><trkpt lat="45.49546" lon="-73.61559"><ele>121</ele></trkpt><trkpt lat="45.49546" lon="-73.61566"><ele>121</ele></trkpt><trkpt lat="45.49546" lon="-73.61572"><ele>120</ele></trkpt><trkpt lat="45.49546" lon="-73.61580"><ele>120</ele></trkpt><trkpt lat="45.49545" lon="-73.61593"><ele>120</ele></trkpt><trkpt lat="45.49544" lon="-73.61603"><ele>120</ele></trkpt><trkpt lat="45.49542" lon="-73.61613"><ele>120</ele></trkpt><trkpt lat="45.49541" lon="-73.61623"><ele>120</ele></trkpt><trkpt lat="45.49540" lon="-73.61633"><ele>119</ele></trkpt><trkpt lat="45.49539" lon="-73.61641"><ele>119</ele></trkpt><trkpt lat="45.49537" lon="-73.61649"><ele>119</ele></trkpt><trkpt lat="45.49535" lon="-73.61658"><ele>119</ele></trkpt><trkpt lat="45.49531" lon="-73.61680"><ele>119</ele></trkpt><trkpt lat="45.49527" lon="-73.61695"><ele>119</ele></trkpt><trkpt lat="45.49519" lon="-73.61734"><ele>118</ele></trkpt><trkpt lat="45.49518" lon="-73.61741"><ele>118</ele></trkpt><trkpt lat="45.49521" lon="-73.61748"><ele>118</ele></trkpt><trkpt lat="45.49524" lon="-73.61753"><ele>117</ele></trkpt><trkpt lat="45.49528" lon="-73.61763"><ele>117</ele></trkpt><trkpt lat="45.49530" lon="-73.61767"><ele>117</ele></trkpt><trkpt lat="45.49541" lon="-73.61792"><ele>117</ele></trkpt><trkpt lat="45.49544" lon="-73.61800"><ele>116</ele></trkpt><trkpt lat="45.49548" lon="-73.61808"><ele>116</ele></trkpt><trkpt lat="45.49558" lon="-73.61829"><ele>116</ele></trkpt><trkpt lat="45.49559" lon="-73.61832"><ele>116</ele></trkpt><trkpt lat="45.49563" lon="-73.61840"><ele>115</ele></trkpt><trkpt lat="45.49568" lon="-73.61853"><ele>115</ele></trkpt><trkpt lat="45.49572" lon="-73.61863"><ele>115</ele></trkpt><trkpt lat="45.49591" lon="-73.61905"><ele>114</ele></trkpt><trkpt lat="45.49608" lon="-73.61942"><ele>113</ele></trkpt><trkpt lat="45.49612" lon="-73.61950"><ele>113</ele></trkpt><trkpt lat="45.49615" lon="-73.61956"><ele>112</ele></trkpt><trkpt lat="45.49677" lon="-73.62095"><ele>111</ele></trkpt><trkpt lat="45.49679" lon="-73.62098"><ele>110</ele></trkpt><trkpt lat="45.49683" lon="-73.62108"><ele>110</ele></trkpt><trkpt lat="45.49687" lon="-73.62117"><ele>110</ele></trkpt><trkpt lat="45.49713" lon="-73.62175"><ele>110</ele></trkpt><trkpt lat="45.49719" lon="-73.62187"><ele>110</ele></trkpt><trkpt lat="45.49721" lon="-73.62193"><ele>110</ele></trkpt><trkpt lat="45.49726" lon="-73.62189"><ele>111</ele></trkpt><trkpt lat="45.49746" lon="-73.62170"><ele>111</ele></trkpt><trkpt lat="45.49750" lon="-73.62166"><ele>111</ele></trkpt><trkpt lat="45.49753" lon="-73.62163"><ele>111</ele></trkpt><trkpt lat="45.49764" lon="-73.62155"><ele>111</ele></trkpt><trkpt lat="45.49768" lon="-73.62151"><ele>112</ele></trkpt><trkpt lat="45.49768" lon="-73.62151"><ele>112</ele></trkpt><trkpt lat="45.49831" lon="-73.62093"><ele>112</ele></trkpt><trkpt lat="45.49837" lon="-73.62088"><ele>113</ele></trkpt><trkpt lat="45.49830" lon="-73.62075"><ele>113</ele></trkpt><trkpt lat="45.49799" lon="-73.62021"><ele>113</ele></trkpt><trkpt lat="45.49799" lon="-73.62021"><ele>113</ele></trkpt><trkpt lat="45.49795" lon="-73.62014"><ele>113</ele></trkpt><trkpt lat="45.49786" lon="-73.61997"><ele>113</ele></trkpt><trkpt lat="45.49784" lon="-73.61995"><ele>114</ele></trkpt><trkpt lat="45.49780" lon="-73.61986"><ele>114</ele></trkpt><trkpt lat="45.49777" lon="-73.61979"><ele>114</ele></trkpt><trkpt lat="45.49775" lon="-73.61975"><ele>114</ele></trkpt><trkpt lat="45.49753" lon="-73.61933"><ele>114</ele></trkpt><trkpt lat="45.49718" lon="-73.61862"><ele>115</ele></trkpt><trkpt lat="45.49717" lon="-73.61859"><ele>115</ele></trkpt><trkpt lat="45.49713" lon="-73.61852"><ele>115</ele></trkpt><trkpt lat="45.49710" lon="-73.61845"><ele>116</ele></trkpt><trkpt lat="45.49708" lon="-73.61842"><ele>116</ele></trkpt><trkpt lat="45.49693" lon="-73.61811"><ele>116</ele></trkpt><trkpt lat="45.49677" lon="-73.61779"><ele>116</ele></trkpt><trkpt lat="45.49676" lon="-73.61776"><ele>116</ele></trkpt><trkpt lat="45.49669" lon="-73.61763"><ele>116</ele></trkpt><trkpt lat="45.49669" lon="-73.61763"><ele>116</ele></trkpt><trkpt lat="45.49669" lon="-73.61763"><ele>116</ele></trkpt><trkpt lat="45.49669" lon="-73.61763"><ele>116</ele></trkpt><trkpt lat="45.49679" lon="-73.61760"><ele>116</ele></trkpt><trkpt lat="45.49681" lon="-73.61759"><ele>116</ele></trkpt><trkpt lat="45.49710" lon="-73.61748"><ele>116</ele></trkpt><trkpt lat="45.49716" lon="-73.61745"><ele>117</ele></trkpt><trkpt lat="45.49716" lon="-73.61745"><ele>117</ele></trkpt><trkpt lat="45.49722" lon="-73.61743"><ele>117</ele></trkpt><trkpt lat="45.49731" lon="-73.61739"><ele>117</ele></trkpt><trkpt lat="45.49740" lon="-73.61734"><ele>117</ele></trkpt><trkpt lat="45.49755" lon="-73.61724"><ele>118</ele></trkpt><trkpt lat="45.49765" lon="-73.61716"><ele>118</ele></trkpt><trkpt lat="45.49776" lon="-73.61705"><ele>118</ele></trkpt><trkpt lat="45.49786" lon="-73.61695"><ele>119</ele></trkpt><trkpt lat="45.49802" lon="-73.61677"><ele>120</ele></trkpt><trkpt lat="45.49814" lon="-73.61663"><ele>121</ele></trkpt><trkpt lat="45.49827" lon="-73.61647"><ele>123</ele></trkpt><trkpt lat="45.49834" lon="-73.61640"><ele>124</ele></trkpt><trkpt lat="45.49839" lon="-73.61636"><ele>125</ele></trkpt><trkpt lat="45.49847" lon="-73.61631"><ele>126</ele></trkpt><trkpt lat="45.49855" lon="-73.61628"><ele>127</ele></trkpt><trkpt lat="45.49864" lon="-73.61626"><ele>127</ele></trkpt><trkpt lat="45.49875" lon="-73.61626"><ele>128</ele></trkpt><trkpt lat="45.49892" lon="-73.61630"><ele>130</ele></trkpt><trkpt lat="45.49903" lon="-73.61636"><ele>131</ele></trkpt><trkpt lat="45.49907" lon="-73.61624"><ele>132</ele></trkpt><trkpt lat="45.49912" lon="-73.61612"><ele>133</ele></trkpt><trkpt lat="45.49923" lon="-73.61589"><ele>134</ele></trkpt><trkpt lat="45.49928" lon="-73.61579"><ele>135</ele></trkpt><trkpt lat="45.49934" lon="-73.61562"><ele>136</ele></trkpt><trkpt lat="45.49938" lon="-73.61552"><ele>137</ele></trkpt><trkpt lat="45.49943" lon="-73.61541"><ele>138</ele></trkpt><trkpt lat="45.49949" lon="-73.61532"><ele>138</ele></trkpt><trkpt lat="45.49953" lon="-73.61526"><ele>139</ele></trkpt><trkpt lat="45.49962" lon="-73.61516"><ele>139</ele></trkpt><trkpt lat="45.49972" lon="-73.61507"><ele>140</ele></trkpt><trkpt lat="45.49993" lon="-73.61488"><ele>141</ele></trkpt><trkpt lat="45.50005" lon="-73.61477"><ele>142</ele></trkpt><trkpt lat="45.50020" lon="-73.61464"><ele>143</ele></trkpt><trkpt lat="45.50025" lon="-73.61460"><ele>144</ele></trkpt><trkpt lat="45.50085" lon="-73.61412"><ele>147</ele></trkpt><trkpt lat="45.50109" lon="-73.61393"><ele>148</ele></trkpt><trkpt lat="45.50119" lon="-73.61384"><ele>149</ele></trkpt><trkpt lat="45.50121" lon="-73.61382"><ele>150</ele></trkpt><trkpt lat="45.50244" lon="-73.61272"><ele>152</ele></trkpt><trkpt lat="45.50251" lon="-73.61267"><ele>153</ele></trkpt><trkpt lat="45.50253" lon="-73.61272"><ele>153</ele></trkpt><trkpt lat="45.50254" lon="-73.61276"><ele>154</ele></trkpt><trkpt lat="45.50263" lon="-73.61302"><ele>154</ele></trkpt><trkpt lat="45.50263" lon="-73.61302"><ele>154</ele></trkpt><trkpt lat="45.50270" lon="-73.61323"><ele>154</ele></trkpt><trkpt lat="45.50275" lon="-73.61329"><ele>154</ele></trkpt><trkpt lat="45.50286" lon="-73.61357"><ele>154</ele></trkpt><trkpt lat="45.50294" lon="-73.61372"><ele>154</ele></trkpt><trkpt lat="45.50301" lon="-73.61380"><ele>154</ele></trkpt><trkpt lat="45.50308" lon="-73.61386"><ele>154</ele></trkpt><trkpt lat="45.50324" lon="-73.61396"><ele>154</ele></trkpt><trkpt lat="45.50350" lon="-73.61405"><ele>154</ele></trkpt><trkpt lat="45.50369" lon="-73.61411"><ele>154</ele></trkpt><trkpt lat="45.50378" lon="-73.61415"><ele>154</ele></trkpt><trkpt lat="45.50388" lon="-73.61421"><ele>154</ele></trkpt><trkpt lat="45.50400" lon="-73.61430"><ele>153</ele></trkpt><trkpt lat="45.50411" lon="-73.61442"><ele>151</ele></trkpt><trkpt lat="45.50417" lon="-73.61451"><ele>149</ele></trkpt><trkpt lat="45.50424" lon="-73.61462"><ele>148</ele></trkpt><trkpt lat="45.50432" lon="-73.61477"><ele>146</ele></trkpt><trkpt lat="45.50439" lon="-73.61493"><ele>144</ele></trkpt><trkpt lat="45.50460" lon="-73.61537"><ele>141</ele></trkpt><trkpt lat="45.50464" lon="-73.61545"><ele>139</ele></trkpt><trkpt lat="45.50469" lon="-73.61557"><ele>138</ele></trkpt><trkpt lat="45.50471" lon="-73.61563"><ele>136</ele></trkpt><trkpt lat="45.50472" lon="-73.61569"><ele>135</ele></trkpt><trkpt lat="45.50472" lon="-73.61574"><ele>134</ele></trkpt><trkpt lat="45.50473" lon="-73.61579"><ele>133</ele></trkpt><trkpt lat="45.50472" lon="-73.61585"><ele>133</ele></trkpt><trkpt lat="45.50471" lon="-73.61593"><ele>132</ele></trkpt><trkpt lat="45.50469" lon="-73.61601"><ele>131</ele></trkpt><trkpt lat="45.50467" lon="-73.61606"><ele>131</ele></trkpt><trkpt lat="45.50463" lon="-73.61612"><ele>130</ele></trkpt><trkpt lat="45.50460" lon="-73.61616"><ele>129</ele></trkpt><trkpt lat="45.50448" lon="-73.61627"><ele>129</ele></trkpt><trkpt lat="45.50414" lon="-73.61655"><ele>127</ele></trkpt><trkpt lat="45.50385" lon="-73.61679"><ele>124</ele></trkpt><trkpt lat="45.50375" lon="-73.61687"><ele>122</ele></trkpt><trkpt lat="45.50359" lon="-73.61701"><ele>120</ele></trkpt><trkpt lat="45.50350" lon="-73.61709"><ele>119</ele></trkpt><trkpt lat="45.50343" lon="-73.61718"><ele>117</ele></trkpt><trkpt lat="45.50339" lon="-73.61725"><ele>116</ele></trkpt><trkpt lat="45.50335" lon="-73.61733"><ele>115</ele></trkpt><trkpt lat="45.50330" lon="-73.61749"><ele>114</ele></trkpt><trkpt lat="45.50327" lon="-73.61759"><ele>113</ele></trkpt><trkpt lat="45.50320" lon="-73.61782"><ele>112</ele></trkpt><trkpt lat="45.50315" lon="-73.61804"><ele>111</ele></trkpt><trkpt lat="45.50314" lon="-73.61808"><ele>110</ele></trkpt><trkpt lat="45.50311" lon="-73.61818"><ele>110</ele></trkpt><trkpt lat="45.50311" lon="-73.61824"><ele>110</ele></trkpt><trkpt lat="45.50311" lon="-73.61829"><ele>109</ele></trkpt><trkpt lat="45.50312" lon="-73.61833"><ele>109</ele></trkpt><trkpt lat="45.50312" lon="-73.61839"><ele>109</ele></trkpt><trkpt lat="45.50314" lon="-73.61845"><ele>109</ele></trkpt><trkpt lat="45.50320" lon="-73.61860"><ele>109</ele></trkpt><trkpt lat="45.50324" lon="-73.61869"><ele>109</ele></trkpt><trkpt lat="45.50325" lon="-73.61874"><ele>109</ele></trkpt><trkpt lat="45.50326" lon="-73.61887"><ele>109</ele></trkpt><trkpt lat="45.50334" lon="-73.61880"><ele>109</ele></trkpt><trkpt lat="45.50336" lon="-73.61878"><ele>109</ele></trkpt><trkpt lat="45.50418" lon="-73.61802"><ele>109</ele></trkpt><trkpt lat="45.50425" lon="-73.61795"><ele>109</ele></trkpt><trkpt lat="45.50444" lon="-73.61778"><ele>109</ele></trkpt><trkpt lat="45.50497" lon="-73.61731"><ele>109</ele></trkpt><trkpt lat="45.50497" lon="-73.61731"><ele>109</ele></trkpt><trkpt lat="45.50527" lon="-73.61704"><ele>109</ele></trkpt><trkpt lat="45.50614" lon="-73.61626"><ele>110</ele></trkpt><trkpt lat="45.50659" lon="-73.61585"><ele>110</ele></trkpt><trkpt lat="45.50696" lon="-73.61551"><ele>110</ele></trkpt><trkpt lat="45.50718" lon="-73.61531"><ele>110</ele></trkpt><trkpt lat="45.50723" lon="-73.61527"><ele>110</ele></trkpt><trkpt lat="45.50728" lon="-73.61523"><ele>110</ele></trkpt><trkpt lat="45.50732" lon="-73.61519"><ele>110</ele></trkpt><trkpt lat="45.50738" lon="-73.61513"><ele>110</ele></trkpt><trkpt lat="45.50765" lon="-73.61489"><ele>110</ele></trkpt><trkpt lat="45.50809" lon="-73.61450"><ele>110</ele></trkpt><trkpt lat="45.50906" lon="-73.61362"><ele>111</ele></trkpt><trkpt lat="45.50935" lon="-73.61336"><ele>112</ele></trkpt><trkpt lat="45.50942" lon="-73.61329"><ele>113</ele></trkpt><trkpt lat="45.50960" lon="-73.61313"><ele>114</ele></trkpt><trkpt lat="45.50973" lon="-73.61293"><ele>115</ele></trkpt><trkpt lat="45.50979" lon="-73.61285"><ele>115</ele></trkpt><trkpt lat="45.50983" lon="-73.61278"><ele>116</ele></trkpt><trkpt lat="45.50988" lon="-73.61265"><ele>116</ele></trkpt><trkpt lat="45.50994" lon="-73.61250"><ele>115</ele></trkpt><trkpt lat="45.51000" lon="-73.61238"><ele>115</ele></trkpt><trkpt lat="45.51004" lon="-73.61232"><ele>115</ele></trkpt><trkpt lat="45.51010" lon="-73.61225"><ele>115</ele></trkpt><trkpt lat="45.51013" lon="-73.61223"><ele>114</ele></trkpt><trkpt lat="45.51019" lon="-73.61222"><ele>114</ele></trkpt><trkpt lat="45.51026" lon="-73.61237"><ele>114</ele></trkpt><trkpt lat="45.51037" lon="-73.61260"><ele>113</ele></trkpt><trkpt lat="45.51049" lon="-73.61288"><ele>113</ele></trkpt><trkpt lat="45.51053" lon="-73.61296"><ele>113</ele></trkpt><trkpt lat="45.51056" lon="-73.61302"><ele>112</ele></trkpt><trkpt lat="45.51067" lon="-73.61324"><ele>112</ele></trkpt><trkpt lat="45.51071" lon="-73.61328"><ele>112</ele></trkpt><trkpt lat="45.51075" lon="-73.61336"><ele>112</ele></trkpt><trkpt lat="45.51076" lon="-73.61340"><ele>111</ele></trkpt><trkpt lat="45.51080" lon="-73.61349"><ele>111</ele></trkpt><trkpt lat="45.51091" lon="-73.61374"><ele>111</ele></trkpt><trkpt lat="45.51093" lon="-73.61382"><ele>111</ele></trkpt><trkpt lat="45.51099" lon="-73.61395"><ele>111</ele></trkpt><trkpt lat="45.51112" lon="-73.61425"><ele>110</ele></trkpt><trkpt lat="45.51112" lon="-73.61425"><ele>110</ele></trkpt><trkpt lat="45.51123" lon="-73.61449"><ele>110</ele></trkpt><trkpt lat="45.51136" lon="-73.61478"><ele>109</ele></trkpt><trkpt lat="45.51139" lon="-73.61486"><ele>109</ele></trkpt><trkpt lat="45.51147" lon="-73.61504"><ele>108</ele></trkpt><trkpt lat="45.51161" lon="-73.61534"><ele>108</ele></trkpt><trkpt lat="45.51166" lon="-73.61543"><ele>107</ele></trkpt><trkpt lat="45.51167" lon="-73.61546"><ele>107</ele></trkpt><trkpt lat="45.51172" lon="-73.61553"><ele>106</ele></trkpt><trkpt lat="45.51180" lon="-73.61539"><ele>106</ele></trkpt><trkpt lat="45.51182" lon="-73.61535"><ele>105</ele></trkpt><trkpt lat="45.51193" lon="-73.61515"><ele>105</ele></trkpt><trkpt lat="45.51212" lon="-73.61478"><ele>104</ele></trkpt><trkpt lat="45.51243" lon="-73.61417"><ele>104</ele></trkpt><trkpt lat="45.51246" lon="-73.61410"><ele>103</ele></trkpt><trkpt lat="45.51246" lon="-73.61410"><ele>103</ele></trkpt><trkpt lat="45.51275" lon="-73.61355"><ele>102</ele></trkpt><trkpt lat="45.51294" lon="-73.61321"><ele>100</ele></trkpt><trkpt lat="45.51296" lon="-73.61317"><ele>99</ele></trkpt><trkpt lat="45.51300" lon="-73.61311"><ele>99</ele></trkpt><trkpt lat="45.51305" lon="-73.61302"><ele>98</ele></trkpt><trkpt lat="45.51307" lon="-73.61298"><ele>97</ele></trkpt><trkpt lat="45.51332" lon="-73.61253"><ele>97</ele></trkpt><trkpt lat="45.51355" lon="-73.61213"><ele>96</ele></trkpt><trkpt lat="45.51396" lon="-73.61140"><ele>94</ele></trkpt><trkpt lat="45.51399" lon="-73.61135"><ele>93</ele></trkpt><trkpt lat="45.51402" lon="-73.61129"><ele>92</ele></trkpt><trkpt lat="45.51404" lon="-73.61125"><ele>91</ele></trkpt><trkpt lat="45.51405" lon="-73.61122"><ele>91</ele></trkpt><trkpt lat="45.51406" lon="-73.61119"><ele>90</ele></trkpt><trkpt lat="45.51407" lon="-73.61116"><ele>90</ele></trkpt><trkpt lat="45.51408" lon="-73.61114"><ele>90</ele></trkpt><trkpt lat="45.51409" lon="-73.61109"><ele>90</ele></trkpt><trkpt lat="45.51411" lon="-73.61101"><ele>89</ele></trkpt><trkpt lat="45.51415" lon="-73.61088"><ele>89</ele></trkpt><trkpt lat="45.51416" lon="-73.61084"><ele>89</ele></trkpt><trkpt lat="45.51420" lon="-73.61071"><ele>89</ele></trkpt><trkpt lat="45.51425" lon="-73.61053"><ele>89</ele></trkpt><trkpt lat="45.51429" lon="-73.61038"><ele>88</ele></trkpt><trkpt lat="45.51434" lon="-73.61020"><ele>88</ele></trkpt><trkpt lat="45.51445" lon="-73.60981"><ele>88</ele></trkpt><trkpt lat="45.51455" lon="-73.60944"><ele>88</ele></trkpt><trkpt lat="45.51456" lon="-73.60939"><ele>88</ele></trkpt><trkpt lat="45.51458" lon="-73.60932"><ele>88</ele></trkpt><trkpt lat="45.51451" lon="-73.60928"><ele>88</ele></trkpt><trkpt lat="45.51448" lon="-73.60927"><ele>88</ele></trkpt><trkpt lat="45.51443" lon="-73.60925"><ele>88</ele></trkpt><trkpt lat="45.51435" lon="-73.60920"><ele>88</ele></trkpt><trkpt lat="45.51431" lon="-73.60918"><ele>89</ele></trkpt><trkpt lat="45.51427" lon="-73.60914"><ele>89</ele></trkpt><trkpt lat="45.51423" lon="-73.60909"><ele>89</ele></trkpt><trkpt lat="45.51409" lon="-73.60878"><ele>89</ele></trkpt><trkpt lat="45.51384" lon="-73.60821"><ele>91</ele></trkpt><trkpt lat="45.51382" lon="-73.60816"><ele>93</ele></trkpt><trkpt lat="45.51377" lon="-73.60806"><ele>94</ele></trkpt><trkpt lat="45.51377" lon="-73.60806"><ele>95</ele></trkpt><trkpt lat="45.51333" lon="-73.60708"><ele>99</ele></trkpt><trkpt lat="45.51330" lon="-73.60702"><ele>101</ele></trkpt><trkpt lat="45.51327" lon="-73.60696"><ele>103</ele></trkpt><trkpt lat="45.51282" lon="-73.60597"><ele>107</ele></trkpt><trkpt lat="45.51279" lon="-73.60589"><ele>110</ele></trkpt><trkpt lat="45.51276" lon="-73.60583"><ele>112</ele></trkpt><trkpt lat="45.51185" lon="-73.60381"><ele>117</ele></trkpt><trkpt lat="45.51183" lon="-73.60379"><ele>120</ele></trkpt><trkpt lat="45.51176" lon="-73.60375"><ele>122</ele></trkpt><trkpt lat="45.51179" lon="-73.60365"><ele>123</ele></trkpt><trkpt lat="45.51198" lon="-73.60291"><ele>123</ele></trkpt><trkpt lat="45.51198" lon="-73.60291"><ele>124</ele></trkpt><trkpt lat="45.51207" lon="-73.60255"><ele>124</ele></trkpt><trkpt lat="45.51214" lon="-73.60228"><ele>124</ele></trkpt><trkpt lat="45.51219" lon="-73.60212"><ele>124</ele></trkpt><trkpt lat="45.51222" lon="-73.60198"><ele>124</ele></trkpt><trkpt lat="45.51247" lon="-73.60112"><ele>124</ele></trkpt><trkpt lat="45.51248" lon="-73.60108"><ele>124</ele></trkpt><trkpt lat="45.51251" lon="-73.60102"><ele>124</ele></trkpt><trkpt lat="45.51250" lon="-73.60096"><ele>124</ele></trkpt><trkpt lat="45.51249" lon="-73.60084"><ele>123</ele></trkpt><trkpt lat="45.51220" lon="-73.60014"><ele>123</ele></trkpt><trkpt lat="45.51218" lon="-73.60007"><ele>123</ele></trkpt><trkpt lat="45.51216" lon="-73.60001"><ele>123</ele></trkpt><trkpt lat="45.51223" lon="-73.59994"><ele>122</ele></trkpt><trkpt lat="45.51225" lon="-73.59993"><ele>122</ele></trkpt><trkpt lat="45.51247" lon="-73.59972"><ele>122</ele></trkpt><trkpt lat="45.51308" lon="-73.59912"><ele>122</ele></trkpt><trkpt lat="45.51360" lon="-73.59861"><ele>120</ele></trkpt><trkpt lat="45.51366" lon="-73.59856"><ele>119</ele></trkpt><trkpt lat="45.51413" lon="-73.59808"><ele>118</ele></trkpt><trkpt lat="45.51440" lon="-73.59770"><ele>116</ele></trkpt><trkpt lat="45.51451" lon="-73.59751"><ele>115</ele></trkpt><trkpt lat="45.51457" lon="-73.59737"><ele>114</ele></trkpt><trkpt lat="45.51463" lon="-73.59713"><ele>113</ele></trkpt><trkpt lat="45.51466" lon="-73.59694"><ele>113</ele></trkpt><trkpt lat="45.51467" lon="-73.59681"><ele>112</ele></trkpt><trkpt lat="45.51468" lon="-73.59656"><ele>111</ele></trkpt><trkpt lat="45.51469" lon="-73.59633"><ele>111</ele></trkpt><trkpt lat="45.51469" lon="-73.59599"><ele>110</ele></trkpt><trkpt lat="45.51470" lon="-73.59564"><ele>109</ele></trkpt><trkpt lat="45.51470" lon="-73.59534"><ele>109</ele></trkpt><trkpt lat="45.51470" lon="-73.59505"><ele>108</ele></trkpt><trkpt lat="45.51469" lon="-73.59498"><ele>108</ele></trkpt><trkpt lat="45.51465" lon="-73.59397"><ele>107</ele></trkpt><trkpt lat="45.51464" lon="-73.59367"><ele>106</ele></trkpt><trkpt lat="45.51462" lon="-73.59309"><ele>105</ele></trkpt><trkpt lat="45.51460" lon="-73.59239"><ele>104</ele></trkpt><trkpt lat="45.51459" lon="-73.59229"><ele>103</ele></trkpt><trkpt lat="45.51458" lon="-73.59194"><ele>102</ele></trkpt><trkpt lat="45.51458" lon="-73.59186"><ele>101</ele></trkpt><trkpt lat="45.51459" lon="-73.59177"><ele>100</ele></trkpt><trkpt lat="45.51461" lon="-73.59170"><ele>99</ele></trkpt><trkpt lat="45.51463" lon="-73.59163"><ele>99</ele></trkpt><trkpt lat="45.51464" lon="-73.59158"><ele>98</ele></trkpt><trkpt lat="45.51464" lon="-73.59158"><ele>98</ele></trkpt><trkpt lat="45.51465" lon="-73.59157"><ele>98</ele></trkpt><trkpt lat="45.51467" lon="-73.59150"><ele>98</ele></trkpt><trkpt lat="45.51471" lon="-73.59144"><ele>97</ele></trkpt><trkpt lat="45.51474" lon="-73.59138"><ele>97</ele></trkpt><trkpt lat="45.51482" lon="-73.59128"><ele>97</ele></trkpt><trkpt lat="45.51509" lon="-73.59107"><ele>96</ele></trkpt><trkpt lat="45.51541" lon="-73.59076"><ele>94</ele></trkpt><trkpt lat="45.51574" lon="-73.59044"><ele>92</ele></trkpt><trkpt lat="45.51574" lon="-73.59042"><ele>91</ele></trkpt><trkpt lat="45.51579" lon="-73.59027"><ele>90</ele></trkpt><trkpt lat="45.51586" lon="-73.59020"><ele>89</ele></trkpt><trkpt lat="45.51588" lon="-73.59018"><ele>88</ele></trkpt><trkpt lat="45.51591" lon="-73.59015"><ele>87</ele></trkpt><trkpt lat="45.51616" lon="-73.58991"><ele>86</ele></trkpt><trkpt lat="45.51626" lon="-73.58982"><ele>85</ele></trkpt><trkpt lat="45.51666" lon="-73.58944"><ele>82</ele></trkpt><trkpt lat="45.51667" lon="-73.58942"><ele>81</ele></trkpt><trkpt lat="45.51679" lon="-73.58932"><ele>79</ele></trkpt><trkpt lat="45.51689" lon="-73.58923"><ele>78</ele></trkpt><trkpt lat="45.51690" lon="-73.58921"><ele>77</ele></trkpt><trkpt lat="45.51747" lon="-73.58871"><ele>74</ele></trkpt><trkpt lat="45.51749" lon="-73.58869"><ele>72</ele></trkpt><trkpt lat="45.51753" lon="-73.58866"><ele>71</ele></trkpt><trkpt lat="45.51758" lon="-73.58862"><ele>70</ele></trkpt><trkpt lat="45.51760" lon="-73.58861"><ele>70</ele></trkpt><trkpt lat="45.51791" lon="-73.58834"><ele>69</ele></trkpt><trkpt lat="45.51812" lon="-73.58814"><ele>69</ele></trkpt><trkpt lat="45.51820" lon="-73.58807"><ele>69</ele></trkpt><trkpt lat="45.51826" lon="-73.58802"><ele>69</ele></trkpt><trkpt lat="45.51837" lon="-73.58793"><ele>69</ele></trkpt><trkpt lat="45.51858" lon="-73.58775"><ele>69</ele></trkpt><trkpt lat="45.51858" lon="-73.58775"><ele>69</ele></trkpt><trkpt lat="45.51883" lon="-73.58753"><ele>69</ele></trkpt><trkpt lat="45.51885" lon="-73.58751"><ele>69</ele></trkpt><trkpt lat="45.51889" lon="-73.58748"><ele>69</ele></trkpt><trkpt lat="45.51893" lon="-73.58744"><ele>69</ele></trkpt><trkpt lat="45.51889" lon="-73.58736"><ele>69</ele></trkpt><trkpt lat="45.51865" lon="-73.58683"><ele>68</ele></trkpt><trkpt lat="45.51861" lon="-73.58673"><ele>67</ele></trkpt><trkpt lat="45.51822" lon="-73.58588"><ele>67</ele></trkpt><trkpt lat="45.51822" lon="-73.58588"><ele>67</ele></trkpt><trkpt lat="45.51806" lon="-73.58554"><ele>67</ele></trkpt><trkpt lat="45.51793" lon="-73.58525"><ele>68</ele></trkpt><trkpt lat="45.51791" lon="-73.58522"><ele>68</ele></trkpt><trkpt lat="45.51789" lon="-73.58516"><ele>68</ele></trkpt><trkpt lat="45.51787" lon="-73.58512"><ele>68</ele></trkpt><trkpt lat="45.51706" lon="-73.58333"><ele>68</ele></trkpt><trkpt lat="45.51702" lon="-73.58324"><ele>68</ele></trkpt><trkpt lat="45.51688" lon="-73.58293"><ele>68</ele></trkpt><trkpt lat="45.51687" lon="-73.58290"><ele>68</ele></trkpt><trkpt lat="45.51685" lon="-73.58286"><ele>68</ele></trkpt><trkpt lat="45.51683" lon="-73.58281"><ele>67</ele></trkpt><trkpt lat="45.51679" lon="-73.58275"><ele>67</ele></trkpt><trkpt lat="45.51660" lon="-73.58233"><ele>67</ele></trkpt><trkpt lat="45.51602" lon="-73.58106"><ele>66</ele></trkpt><trkpt lat="45.51581" lon="-73.58059"><ele>65</ele></trkpt><trkpt lat="45.51579" lon="-73.58055"><ele>64</ele></trkpt><trkpt lat="45.51577" lon="-73.58050"><ele>64</ele></trkpt><trkpt lat="45.51574" lon="-73.58043"><ele>63</ele></trkpt><trkpt lat="45.51531" lon="-73.57948"><ele>62</ele></trkpt><trkpt lat="45.51530" lon="-73.57946"><ele>61</ele></trkpt><trkpt lat="45.51527" lon="-73.57940"><ele>61</ele></trkpt><trkpt lat="45.51526" lon="-73.57938"><ele>60</ele></trkpt><trkpt lat="45.51513" lon="-73.57909"><ele>60</ele></trkpt><trkpt lat="45.51503" lon="-73.57885"><ele>59</ele></trkpt><trkpt lat="45.51483" lon="-73.57842"><ele>58</ele></trkpt><trkpt lat="45.51480" lon="-73.57836"><ele>58</ele></trkpt><trkpt lat="45.51477" lon="-73.57829"><ele>57</ele></trkpt><trkpt lat="45.51473" lon="-73.57820"><ele>57</ele></trkpt><trkpt lat="45.51466" lon="-73.57806"><ele>56</ele></trkpt><trkpt lat="45.51459" lon="-73.57790"><ele>56</ele></trkpt><trkpt lat="45.51445" lon="-73.57760"><ele>56</ele></trkpt><trkpt lat="45.51422" lon="-73.57706"><ele>55</ele></trkpt><trkpt lat="45.51386" lon="-73.57627"><ele>54</ele></trkpt><trkpt lat="45.51385" lon="-73.57624"><ele>53</ele></trkpt><trkpt lat="45.51384" lon="-73.57621"><ele>52</ele></trkpt><trkpt lat="45.51381" lon="-73.57615"><ele>51</ele></trkpt><trkpt lat="45.51374" lon="-73.57621"><ele>51</ele></trkpt><trkpt lat="45.51372" lon="-73.57623"><ele>51</ele></trkpt><trkpt lat="45.51360" lon="-73.57634"><ele>51</ele></trkpt><trkpt lat="45.51324" lon="-73.57666"><ele>51</ele></trkpt><trkpt lat="45.51293" lon="-73.57695"><ele>52</ele></trkpt><trkpt lat="45.51287" lon="-73.57699"><ele>52</ele></trkpt><trkpt lat="45.51281" lon="-73.57705"><ele>52</ele></trkpt><trkpt lat="45.51275" lon="-73.57710"><ele>52</ele></trkpt><trkpt lat="45.51275" lon="-73.57710"><ele>52</ele></trkpt><trkpt lat="45.51214" lon="-73.57765"><ele>53</ele></trkpt><trkpt lat="45.51203" lon="-73.57775"><ele>53</ele></trkpt><trkpt lat="45.51189" lon="-73.57788"><ele>53</ele></trkpt><trkpt lat="45.51174" lon="-73.57801"><ele>53</ele></trkpt><trkpt lat="45.51168" lon="-73.57807"><ele>54</ele></trkpt><trkpt lat="45.51156" lon="-73.57819"><ele>54</ele></trkpt><trkpt lat="45.51159" lon="-73.57827"><ele>54</ele></trkpt><trkpt lat="45.51161" lon="-73.57830"><ele>54</ele></trkpt><trkpt lat="45.51163" lon="-73.57834"><ele>54</ele></trkpt><trkpt lat="45.51176" lon="-73.57863"><ele>54</ele></trkpt><trkpt lat="45.51195" lon="-73.57904"><ele>54</ele></trkpt><trkpt lat="45.51200" lon="-73.57914"><ele>54</ele></trkpt><trkpt lat="45.51202" lon="-73.57919"><ele>54</ele></trkpt><trkpt lat="45.51208" lon="-73.57931"><ele>54</ele></trkpt><trkpt lat="45.51218" lon="-73.57954"><ele>54</ele></trkpt><trkpt lat="45.51253" lon="-73.58029"><ele>56</ele></trkpt><trkpt lat="45.51340" lon="-73.58219"><ele>61</ele></trkpt><trkpt lat="45.51344" lon="-73.58227"><ele>64</ele></trkpt><trkpt lat="45.51348" lon="-73.58235"><ele>66</ele></trkpt><trkpt lat="45.51464" lon="-73.58483"><ele>69</ele></trkpt><trkpt lat="45.51466" lon="-73.58487"><ele>71</ele></trkpt><trkpt lat="45.51466" lon="-73.58487"><ele>73</ele></trkpt><trkpt lat="45.51466" lon="-73.58487"><ele>74</ele></trkpt><trkpt lat="45.51469" lon="-73.58494"><ele>74</ele></trkpt><trkpt lat="45.51483" lon="-73.58524"><ele>75</ele></trkpt><trkpt lat="45.51612" lon="-73.58803"><ele>75</ele></trkpt><trkpt lat="45.51614" lon="-73.58815"><ele>76</ele></trkpt><trkpt lat="45.51614" lon="-73.58823"><ele>76</ele></trkpt><trkpt lat="45.51613" lon="-73.58830"><ele>77</ele></trkpt><trkpt lat="45.51612" lon="-73.58835"><ele>77</ele></trkpt><trkpt lat="45.51610" lon="-73.58839"><ele>77</ele></trkpt><trkpt lat="45.51605" lon="-73.58859"><ele>78</ele></trkpt><trkpt lat="45.51590" lon="-73.58906"><ele>79</ele></trkpt><trkpt lat="45.51576" lon="-73.58954"><ele>81</ele></trkpt><trkpt lat="45.51573" lon="-73.58964"><ele>82</ele></trkpt><trkpt lat="45.51573" lon="-73.58974"><ele>83</ele></trkpt><trkpt lat="45.51570" lon="-73.58993"><ele>83</ele></trkpt><trkpt lat="45.51570" lon="-73.59006"><ele>84</ele></trkpt><trkpt lat="45.51572" lon="-73.59015"><ele>85</ele></trkpt><trkpt lat="45.51573" lon="-73.59019"><ele>85</ele></trkpt><trkpt lat="45.51579" lon="-73.59027"><ele>86</ele></trkpt><trkpt lat="45.51570" lon="-73.59031"><ele>86</ele></trkpt><trkpt lat="45.51568" lon="-73.59033"><ele>87</ele></trkpt><trkpt lat="45.51558" lon="-73.59039"><ele>87</ele></trkpt><trkpt lat="45.51523" lon="-73.59067"><ele>88</ele></trkpt><trkpt lat="45.51507" lon="-73.59069"><ele>89</ele></trkpt><trkpt lat="45.51504" lon="-73.59069"><ele>90</ele></trkpt><trkpt lat="45.51499" lon="-73.59070"><ele>91</ele></trkpt><trkpt lat="45.51494" lon="-73.59069"><ele>91</ele></trkpt><trkpt lat="45.51489" lon="-73.59069"><ele>92</ele></trkpt><trkpt lat="45.51484" lon="-73.59067"><ele>92</ele></trkpt><trkpt lat="45.51480" lon="-73.59064"><ele>92</ele></trkpt><trkpt lat="45.51473" lon="-73.59060"><ele>93</ele></trkpt><trkpt lat="45.51465" lon="-73.59052"><ele>93</ele></trkpt><trkpt lat="45.51456" lon="-73.59041"><ele>94</ele></trkpt><trkpt lat="45.51442" lon="-73.59023"><ele>94</ele></trkpt><trkpt lat="45.51397" lon="-73.58953"><ele>96</ele></trkpt><trkpt lat="45.51387" lon="-73.58939"><ele>98</ele></trkpt><trkpt lat="45.51378" lon="-73.58925"><ele>99</ele></trkpt><trkpt lat="45.51373" lon="-73.58918"><ele>100</ele></trkpt><trkpt lat="45.51368" lon="-73.58914"><ele>101</ele></trkpt><trkpt lat="45.51364" lon="-73.58911"><ele>102</ele></trkpt><trkpt lat="45.51360" lon="-73.58908"><ele>102</ele></trkpt><trkpt lat="45.51355" lon="-73.58905"><ele>103</ele></trkpt><trkpt lat="45.51351" lon="-73.58904"><ele>103</ele></trkpt><trkpt lat="45.51346" lon="-73.58903"><ele>104</ele></trkpt><trkpt lat="45.51342" lon="-73.58903"><ele>104</ele></trkpt><trkpt lat="45.51336" lon="-73.58903"><ele>105</ele></trkpt><trkpt lat="45.51331" lon="-73.58905"><ele>105</ele></trkpt><trkpt lat="45.51326" lon="-73.58907"><ele>106</ele></trkpt><trkpt lat="45.51322" lon="-73.58909"><ele>106</ele></trkpt><trkpt lat="45.51319" lon="-73.58911"><ele>107</ele></trkpt><trkpt lat="45.51316" lon="-73.58913"><ele>107</ele></trkpt><trkpt lat="45.51314" lon="-73.58915"><ele>107</ele></trkpt><trkpt lat="45.51311" lon="-73.58918"><ele>107</ele></trkpt><trkpt lat="45.51309" lon="-73.58921"><ele>108</ele></trkpt><trkpt lat="45.51305" lon="-73.58926"><ele>108</ele></trkpt><trkpt lat="45.51303" lon="-73.58931"><ele>108</ele></trkpt><trkpt lat="45.51300" lon="-73.58937"><ele>109</ele></trkpt><trkpt lat="45.51298" lon="-73.58943"><ele>109</ele></trkpt><trkpt lat="45.51296" lon="-73.58950"><ele>110</ele></trkpt><trkpt lat="45.51295" lon="-73.58954"><ele>110</ele></trkpt><trkpt lat="45.51294" lon="-73.58959"><ele>110</ele></trkpt><trkpt lat="45.51294" lon="-73.58963"><ele>111</ele></trkpt><trkpt lat="45.51293" lon="-73.58967"><ele>111</ele></trkpt><trkpt lat="45.51293" lon="-73.58971"><ele>111</ele></trkpt><trkpt lat="45.51293" lon="-73.58976"><ele>111</ele></trkpt><trkpt lat="45.51294" lon="-73.58980"><ele>112</ele></trkpt><trkpt lat="45.51294" lon="-73.58985"><ele>112</ele></trkpt><trkpt lat="45.51295" lon="-73.58989"><ele>112</ele></trkpt><trkpt lat="45.51296" lon="-73.58996"><ele>113</ele></trkpt><trkpt lat="45.51307" lon="-73.59050"><ele>114</ele></trkpt><trkpt lat="45.51313" lon="-73.59080"><ele>115</ele></trkpt><trkpt lat="45.51327" lon="-73.59163"><ele>118</ele></trkpt><trkpt lat="45.51331" lon="-73.59186"><ele>120</ele></trkpt><trkpt lat="45.51331" lon="-73.59186"><ele>122</ele></trkpt><trkpt lat="45.51336" lon="-73.59220"><ele>123</ele></trkpt><trkpt lat="45.51339" lon="-73.59237"><ele>125</ele></trkpt><trkpt lat="45.51343" lon="-73.59260"><ele>126</ele></trkpt><trkpt lat="45.51344" lon="-73.59267"><ele>127</ele></trkpt><trkpt lat="45.51344" lon="-73.59273"><ele>128</ele></trkpt><trkpt lat="45.51345" lon="-73.59279"><ele>128</ele></trkpt><trkpt lat="45.51345" lon="-73.59288"><ele>129</ele></trkpt><trkpt lat="45.51346" lon="-73.59309"><ele>130</ele></trkpt><trkpt lat="45.51346" lon="-73.59324"><ele>131</ele></trkpt><trkpt lat="45.51345" lon="-73.59339"><ele>131</ele></trkpt><trkpt lat="45.51344" lon="-73.59349"><ele>132</ele></trkpt><trkpt lat="45.51344" lon="-73.59359"><ele>133</ele></trkpt><trkpt lat="45.51342" lon="-73.59371"><ele>133</ele></trkpt><trkpt lat="45.51340" lon="-73.59385"><ele>134</ele></trkpt><trkpt lat="45.51338" lon="-73.59400"><ele>135</ele></trkpt><trkpt lat="45.51335" lon="-73.59414"><ele>135</ele></trkpt><trkpt lat="45.51333" lon="-73.59423"><ele>136</ele></trkpt><trkpt lat="45.51331" lon="-73.59432"><ele>137</ele></trkpt><trkpt lat="45.51328" lon="-73.59441"><ele>137</ele></trkpt><trkpt lat="45.51326" lon="-73.59447"><ele>138</ele></trkpt><trkpt lat="45.51323" lon="-73.59458"><ele>138</ele></trkpt><trkpt lat="45.51319" lon="-73.59469"><ele>139</ele></trkpt><trkpt lat="45.51314" lon="-73.59479"><ele>139</ele></trkpt><trkpt lat="45.51308" lon="-73.59494"><ele>140</ele></trkpt><trkpt lat="45.51303" lon="-73.59506"><ele>140</ele></trkpt><trkpt lat="45.51295" lon="-73.59524"><ele>141</ele></trkpt><trkpt lat="45.51285" lon="-73.59543"><ele>142</ele></trkpt><trkpt lat="45.51281" lon="-73.59552"><ele>143</ele></trkpt><trkpt lat="45.51273" lon="-73.59569"><ele>144</ele></trkpt><trkpt lat="45.51272" lon="-73.59571"><ele>145</ele></trkpt><trkpt lat="45.51263" lon="-73.59591"><ele>146</ele></trkpt><trkpt lat="45.51255" lon="-73.59608"><ele>147</ele></trkpt><trkpt lat="45.51244" lon="-73.59631"><ele>148</ele></trkpt><trkpt lat="45.51239" lon="-73.59640"><ele>150</ele></trkpt><trkpt lat="45.51235" lon="-73.59647"><ele>151</ele></trkpt><trkpt lat="45.51230" lon="-73.59654"><ele>151</ele></trkpt><trkpt lat="45.51223" lon="-73.59660"><ele>152</ele></trkpt><trkpt lat="45.51214" lon="-73.59665"><ele>153</ele></trkpt><trkpt lat="45.51211" lon="-73.59666"><ele>154</ele></trkpt><trkpt lat="45.51205" lon="-73.59667"><ele>155</ele></trkpt><trkpt lat="45.51202" lon="-73.59667"><ele>155</ele></trkpt><trkpt lat="45.51196" lon="-73.59667"><ele>156</ele></trkpt><trkpt lat="45.51190" lon="-73.59665"><ele>156</ele></trkpt><trkpt lat="45.51184" lon="-73.59663"><ele>157</ele></trkpt><trkpt lat="45.51179" lon="-73.59661"><ele>157</ele></trkpt><trkpt lat="45.51174" lon="-73.59656"><ele>158</ele></trkpt><trkpt lat="45.51166" lon="-73.59647"><ele>159</ele></trkpt><trkpt lat="45.51162" lon="-73.59641"><ele>159</ele></trkpt><trkpt lat="45.51158" lon="-73.59634"><ele>160</ele></trkpt><trkpt lat="45.51155" lon="-73.59626"><ele>161</ele></trkpt><trkpt lat="45.51147" lon="-73.59609"><ele>162</ele></trkpt><trkpt lat="45.51141" lon="-73.59591"><ele>163</ele></trkpt><trkpt lat="45.51134" lon="-73.59574"><ele>163</ele></trkpt><trkpt lat="45.51130" lon="-73.59560"><ele>164</ele></trkpt><trkpt lat="45.51127" lon="-73.59551"><ele>165</ele></trkpt><trkpt lat="45.51124" lon="-73.59541"><ele>165</ele></trkpt><trkpt lat="45.51121" lon="-73.59531"><ele>166</ele></trkpt><trkpt lat="45.51119" lon="-73.59521"><ele>166</ele></trkpt><trkpt lat="45.51117" lon="-73.59511"><ele>167</ele></trkpt><trkpt lat="45.51115" lon="-73.59501"><ele>167</ele></trkpt><trkpt lat="45.51114" lon="-73.59492"><ele>168</ele></trkpt><trkpt lat="45.51113" lon="-73.59479"><ele>168</ele></trkpt><trkpt lat="45.51112" lon="-73.59468"><ele>169</ele></trkpt><trkpt lat="45.51110" lon="-73.59451"><ele>169</ele></trkpt><trkpt lat="45.51107" lon="-73.59433"><ele>170</ele></trkpt><trkpt lat="45.51105" lon="-73.59419"><ele>170</ele></trkpt><trkpt lat="45.51102" lon="-73.59407"><ele>171</ele></trkpt><trkpt lat="45.51098" lon="-73.59397"><ele>171</ele></trkpt><trkpt lat="45.51095" lon="-73.59388"><ele>172</ele></trkpt><trkpt lat="45.51079" lon="-73.59358"><ele>173</ele></trkpt><trkpt lat="45.51077" lon="-73.59352"><ele>174</ele></trkpt><trkpt lat="45.51071" lon="-73.59339"><ele>175</ele></trkpt><trkpt lat="45.51063" lon="-73.59325"><ele>176</ele></trkpt><trkpt lat="45.51053" lon="-73.59306"><ele>178</ele></trkpt><trkpt lat="45.51050" lon="-73.59303"><ele>179</ele></trkpt><trkpt lat="45.51018" lon="-73.59242"><ele>183</ele></trkpt><trkpt lat="45.51003" lon="-73.59212"><ele>187</ele></trkpt><trkpt lat="45.50992" lon="-73.59188"><ele>191</ele></trkpt><trkpt lat="45.50986" lon="-73.59175"><ele>194</ele></trkpt><trkpt lat="45.50982" lon="-73.59167"><ele>196</ele></trkpt><trkpt lat="45.50973" lon="-73.59150"><ele>199</ele></trkpt><trkpt lat="45.50969" lon="-73.59142"><ele>200</ele></trkpt><trkpt lat="45.50964" lon="-73.59136"><ele>202</ele></trkpt><trkpt lat="45.50961" lon="-73.59131"><ele>203</ele></trkpt><trkpt lat="45.50956" lon="-73.59126"><ele>203</ele></trkpt><trkpt lat="45.50951" lon="-73.59122"><ele>204</ele></trkpt><trkpt lat="45.50946" lon="-73.59118"><ele>204</ele></trkpt><trkpt lat="45.50939" lon="-73.59114"><ele>205</ele></trkpt><trkpt lat="45.50932" lon="-73.59112"><ele>205</ele></trkpt><trkpt lat="45.50923" lon="-73.59110"><ele>205</ele></trkpt><trkpt lat="45.50915" lon="-73.59108"><ele>206</ele></trkpt><trkpt lat="45.50905" lon="-73.59107"><ele>206</ele></trkpt><trkpt lat="45.50894" lon="-73.59106"><ele>207</ele></trkpt><trkpt lat="45.50887" lon="-73.59105"><ele>207</ele></trkpt><trkpt lat="45.50879" lon="-73.59105"><ele>208</ele></trkpt><trkpt lat="45.50871" lon="-73.59105"><ele>208</ele></trkpt><trkpt lat="45.50863" lon="-73.59106"><ele>208</ele></trkpt><trkpt lat="45.50852" lon="-73.59107"><ele>209</ele></trkpt><trkpt lat="45.50840" lon="-73.59110"><ele>209</ele></trkpt><trkpt lat="45.50826" lon="-73.59116"><ele>210</ele></trkpt><trkpt lat="45.50821" lon="-73.59118"><ele>210</ele></trkpt><trkpt lat="45.50820" lon="-73.59118"><ele>211</ele></trkpt><trkpt lat="45.50813" lon="-73.59121"><ele>211</ele></trkpt><trkpt lat="45.50806" lon="-73.59125"><ele>211</ele></trkpt><trkpt lat="45.50795" lon="-73.59131"><ele>212</ele></trkpt><trkpt lat="45.50781" lon="-73.59142"><ele>212</ele></trkpt><trkpt lat="45.50773" lon="-73.59148"><ele>212</ele></trkpt><trkpt lat="45.50750" lon="-73.59168"><ele>211</ele></trkpt><trkpt lat="45.50746" lon="-73.59172"><ele>211</ele></trkpt><trkpt lat="45.50636" lon="-73.59274"><ele>208</ele></trkpt><trkpt lat="45.50625" lon="-73.59284"><ele>206</ele></trkpt><trkpt lat="45.50618" lon="-73.59291"><ele>205</ele></trkpt><trkpt lat="45.50605" lon="-73.59301"><ele>204</ele></trkpt><trkpt lat="45.50597" lon="-73.59306"><ele>203</ele></trkpt><trkpt lat="45.50588" lon="-73.59311"><ele>202</ele></trkpt><trkpt lat="45.50577" lon="-73.59318"><ele>201</ele></trkpt><trkpt lat="45.50570" lon="-73.59322"><ele>201</ele></trkpt><trkpt lat="45.50564" lon="-73.59326"><ele>200</ele></trkpt><trkpt lat="45.50558" lon="-73.59329"><ele>200</ele></trkpt><trkpt lat="45.50547" lon="-73.59333"><ele>199</ele></trkpt><trkpt lat="45.50539" lon="-73.59336"><ele>199</ele></trkpt><trkpt lat="45.50533" lon="-73.59338"><ele>198</ele></trkpt><trkpt lat="45.50524" lon="-73.59341"><ele>198</ele></trkpt><trkpt lat="45.50517" lon="-73.59343"><ele>197</ele></trkpt><trkpt lat="45.50505" lon="-73.59346"><ele>197</ele></trkpt><trkpt lat="45.50494" lon="-73.59348"><ele>196</ele></trkpt><trkpt lat="45.50482" lon="-73.59349"><ele>196</ele></trkpt><trkpt lat="45.50471" lon="-73.59350"><ele>195</ele></trkpt><trkpt lat="45.50448" lon="-73.59351"><ele>194</ele></trkpt><trkpt lat="45.50438" lon="-73.59352"><ele>193</ele></trkpt><trkpt lat="45.50430" lon="-73.59353"><ele>193</ele></trkpt><trkpt lat="45.50423" lon="-73.59355"><ele>192</ele></trkpt><trkpt lat="45.50415" lon="-73.59357"><ele>192</ele></trkpt><trkpt lat="45.50401" lon="-73.59362"><ele>191</ele></trkpt><trkpt lat="45.50400" lon="-73.59363"><ele>191</ele></trkpt><trkpt lat="45.50394" lon="-73.59365"><ele>190</ele></trkpt><trkpt lat="45.50386" lon="-73.59369"><ele>190</ele></trkpt><trkpt lat="45.50382" lon="-73.59371"><ele>190</ele></trkpt><trkpt lat="45.50378" lon="-73.59373"><ele>189</ele></trkpt><trkpt lat="45.50375" lon="-73.59374"><ele>189</ele></trkpt><trkpt lat="45.50370" lon="-73.59378"><ele>189</ele></trkpt><trkpt lat="45.50363" lon="-73.59386"><ele>189</ele></trkpt><trkpt lat="45.50359" lon="-73.59389"><ele>188</ele></trkpt><trkpt lat="45.50353" lon="-73.59393"><ele>188</ele></trkpt><trkpt lat="45.50344" lon="-73.59401"><ele>188</ele></trkpt><trkpt lat="45.50335" lon="-73.59409"><ele>187</ele></trkpt><trkpt lat="45.50329" lon="-73.59415"><ele>187</ele></trkpt><trkpt lat="45.50324" lon="-73.59419"><ele>186</ele></trkpt><trkpt lat="45.50321" lon="-73.59424"><ele>186</ele></trkpt><trkpt lat="45.50313" lon="-73.59434"><ele>186</ele></trkpt><trkpt lat="45.50296" lon="-73.59454"><ele>185</ele></trkpt><trkpt lat="45.50281" lon="-73.59479"><ele>184</ele></trkpt><trkpt lat="45.50269" lon="-73.59503"><ele>183</ele></trkpt><trkpt lat="45.50261" lon="-73.59525"><ele>183</ele></trkpt><trkpt lat="45.50256" lon="-73.59535"><ele>183</ele></trkpt><trkpt lat="45.50252" lon="-73.59549"><ele>182</ele></trkpt><trkpt lat="45.50246" lon="-73.59570"><ele>182</ele></trkpt><trkpt lat="45.50234" lon="-73.59609"><ele>182</ele></trkpt><trkpt lat="45.50232" lon="-73.59615"><ele>181</ele></trkpt><trkpt lat="45.50231" lon="-73.59617"><ele>181</ele></trkpt><trkpt lat="45.50226" lon="-73.59632"><ele>181</ele></trkpt><trkpt lat="45.50221" lon="-73.59647"><ele>181</ele></trkpt><trkpt lat="45.50203" lon="-73.59695"><ele>181</ele></trkpt><trkpt lat="45.50187" lon="-73.59730"><ele>180</ele></trkpt><trkpt lat="45.50164" lon="-73.59775"><ele>179</ele></trkpt><trkpt lat="45.50155" lon="-73.59791"><ele>178</ele></trkpt><trkpt lat="45.50145" lon="-73.59808"><ele>178</ele></trkpt><trkpt lat="45.50140" lon="-73.59815"><ele>177</ele></trkpt><trkpt lat="45.50126" lon="-73.59837"><ele>176</ele></trkpt><trkpt lat="45.50122" lon="-73.59843"><ele>176</ele></trkpt><trkpt lat="45.50122" lon="-73.59843"><ele>175</ele></trkpt><trkpt lat="45.50106" lon="-73.59865"><ele>175</ele></trkpt><trkpt lat="45.50048" lon="-73.59937"><ele>173</ele></trkpt><trkpt lat="45.50034" lon="-73.59954"><ele>172</ele></trkpt><trkpt lat="45.50020" lon="-73.59971"><ele>170</ele></trkpt><trkpt lat="45.49956" lon="-73.60044"><ele>169</ele></trkpt><trkpt lat="45.49952" lon="-73.60048"><ele>167</ele></trkpt><trkpt lat="45.49927" lon="-73.60078"><ele>166</ele></trkpt><trkpt lat="45.49880" lon="-73.60128"><ele>165</ele></trkpt><trkpt lat="45.49853" lon="-73.60159"><ele>163</ele></trkpt><trkpt lat="45.49848" lon="-73.60165"><ele>162</ele></trkpt><trkpt lat="45.49837" lon="-73.60177"><ele>160</ele></trkpt><trkpt lat="45.49781" lon="-73.60238"><ele>158</ele></trkpt><trkpt lat="45.49563" lon="-73.60460"><ele>152</ele></trkpt><trkpt lat="45.49541" lon="-73.60483"><ele>147</ele></trkpt><trkpt lat="45.49535" lon="-73.60489"><ele>143</ele></trkpt><trkpt lat="45.49528" lon="-73.60495"><ele>141</ele></trkpt><trkpt lat="45.49522" lon="-73.60501"><ele>139</ele></trkpt><trkpt lat="45.49520" lon="-73.60504"><ele>138</ele></trkpt><trkpt lat="45.49516" lon="-73.60507"><ele>137</ele></trkpt><trkpt lat="45.49510" lon="-73.60513"><ele>136</ele></trkpt><trkpt lat="45.49512" lon="-73.60524"><ele>136</ele></trkpt><trkpt lat="45.49517" lon="-73.60551"><ele>135</ele></trkpt><trkpt lat="45.49520" lon="-73.60566"><ele>134</ele></trkpt><trkpt lat="45.49525" lon="-73.60586"><ele>134</ele></trkpt><trkpt lat="45.49529" lon="-73.60605"><ele>134</ele></trkpt><trkpt lat="45.49532" lon="-73.60618"><ele>133</ele></trkpt><trkpt lat="45.49534" lon="-73.60628"><ele>133</ele></trkpt><trkpt lat="45.49536" lon="-73.60635"><ele>133</ele></trkpt><trkpt lat="45.49540" lon="-73.60653"><ele>133</ele></trkpt><trkpt lat="45.49542" lon="-73.60658"><ele>133</ele></trkpt><trkpt lat="45.49547" lon="-73.60677"><ele>133</ele></trkpt><trkpt lat="45.49550" lon="-73.60688"><ele>133</ele></trkpt><trkpt lat="45.49556" lon="-73.60713"><ele>133</ele></trkpt><trkpt lat="45.49557" lon="-73.60716"><ele>134</ele></trkpt><trkpt lat="45.49560" lon="-73.60728"><ele>134</ele></trkpt><trkpt lat="45.49571" lon="-73.60764"><ele>134</ele></trkpt><trkpt lat="45.49576" lon="-73.60785"><ele>135</ele></trkpt><trkpt lat="45.49582" lon="-73.60805"><ele>135</ele></trkpt><trkpt lat="45.49586" lon="-73.60819"><ele>136</ele></trkpt><trkpt lat="45.49588" lon="-73.60827"><ele>136</ele></trkpt><trkpt lat="45.49590" lon="-73.60834"><ele>136</ele></trkpt><trkpt lat="45.49594" lon="-73.60848"><ele>136</ele></trkpt><trkpt lat="45.49596" lon="-73.60857"><ele>136</ele></trkpt><trkpt lat="45.49596" lon="-73.60860"><ele>136</ele></trkpt><trkpt lat="45.49597" lon="-73.60864"><ele>136</ele></trkpt><trkpt lat="45.49598" lon="-73.60868"><ele>136</ele></trkpt><trkpt lat="45.49598" lon="-73.60872"><ele>136</ele></trkpt><trkpt lat="45.49599" lon="-73.60880"><ele>135</ele></trkpt><trkpt lat="45.49600" lon="-73.60888"><ele>135</ele></trkpt><trkpt lat="45.49600" lon="-73.60895"><ele>135</ele></trkpt><trkpt lat="45.49600" lon="-73.60903"><ele>135</ele></trkpt><trkpt lat="45.49600" lon="-73.60910"><ele>135</ele></trkpt><trkpt lat="45.49600" lon="-73.60919"><ele>135</ele></trkpt><trkpt lat="45.49599" lon="-73.60928"><ele>135</ele></trkpt><trkpt lat="45.49599" lon="-73.60937"><ele>135</ele></trkpt><trkpt lat="45.49598" lon="-73.60944"><ele>135</ele></trkpt><trkpt lat="45.49598" lon="-73.60950"><ele>134</ele></trkpt><trkpt lat="45.49598" lon="-73.60957"><ele>134</ele></trkpt><trkpt lat="45.49597" lon="-73.60963"><ele>134</ele></trkpt><trkpt lat="45.49596" lon="-73.60970"><ele>134</ele></trkpt><trkpt lat="45.49595" lon="-73.60979"><ele>134</ele></trkpt><trkpt lat="45.49595" lon="-73.60985"><ele>134</ele></trkpt><trkpt lat="45.49594" lon="-73.60992"><ele>133</ele></trkpt><trkpt lat="45.49593" lon="-73.61000"><ele>133</ele></trkpt><trkpt lat="45.49592" lon="-73.61005"><ele>133</ele></trkpt><trkpt lat="45.49592" lon="-73.61005"><ele>133</ele></trkpt><trkpt lat="45.49591" lon="-73.61009"><ele>133</ele></trkpt><trkpt lat="45.49590" lon="-73.61020"><ele>133</ele></trkpt><trkpt lat="45.49589" lon="-73.61024"><ele>132</ele></trkpt><trkpt lat="45.49587" lon="-73.61036"><ele>132</ele></trkpt><trkpt lat="45.49585" lon="-73.61045"><ele>132</ele></trkpt><trkpt lat="45.49579" lon="-73.61079"><ele>131</ele></trkpt><trkpt lat="45.49573" lon="-73.61115"><ele>131</ele></trkpt><trkpt lat="45.49563" lon="-73.61171"><ele>130</ele></trkpt><trkpt lat="45.49558" lon="-73.61198"><ele>130</ele></trkpt><trkpt lat="45.49556" lon="-73.61209"><ele>129</ele></trkpt><trkpt lat="45.49555" lon="-73.61216"><ele>129</ele></trkpt><trkpt lat="45.49554" lon="-73.61225"><ele>128</ele></trkpt><trkpt lat="45.49552" lon="-73.61234"><ele>128</ele></trkpt><trkpt lat="45.49551" lon="-73.61241"><ele>127</ele></trkpt><trkpt lat="45.49550" lon="-73.61250"><ele>127</ele></trkpt><trkpt lat="45.49549" lon="-73.61258"><ele>126</ele></trkpt><trkpt lat="45.49549" lon="-73.61267"><ele>126</ele></trkpt><trkpt lat="45.49548" lon="-73.61276"><ele>126</ele></trkpt><trkpt lat="45.49548" lon="-73.61285"><ele>125</ele></trkpt><trkpt lat="45.49547" lon="-73.61294"><ele>125</ele></trkpt><trkpt lat="45.49546" lon="-73.61351"><ele>124</ele></trkpt><trkpt lat="45.49545" lon="-73.61388"><ele>123</ele></trkpt><trkpt lat="45.49545" lon="-73.61401"><ele>123</ele></trkpt><trkpt lat="45.49545" lon="-73.61414"><ele>122</ele></trkpt><trkpt lat="45.49545" lon="-73.61427"><ele>122</ele></trkpt><trkpt lat="45.49545" lon="-73.61456"><ele>122</ele></trkpt><trkpt lat="45.49546" lon="-73.61495"><ele>122</ele></trkpt><trkpt lat="45.49546" lon="-73.61508"><ele>121</ele></trkpt><trkpt lat="45.49546" lon="-73.61552"><ele>121</ele></trkpt><trkpt lat="45.49546" lon="-73.61559"><ele>121</ele></trkpt><trkpt lat="45.49546" lon="-73.61566"><ele>121</ele></trkpt><trkpt lat="45.49546" lon="-73.61572"><ele>120</ele></trkpt><trkpt lat="45.49546" lon="-73.61580"><ele>120</ele></trkpt><trkpt lat="45.49545" lon="-73.61593"><ele>120</ele></trkpt><trkpt lat="45.49544" lon="-73.61603"><ele>120</ele></trkpt><trkpt lat="45.49542" lon="-73.61613"><ele>120</ele></trkpt><trkpt lat="45.49541" lon="-73.61623"><ele>120</ele></trkpt><trkpt lat="45.49540" lon="-73.61633"><ele>119</ele></trkpt><trkpt lat="45.49539" lon="-73.61641"><ele>119</ele></trkpt><trkpt lat="45.49537" lon="-73.61649"><ele>119</ele></trkpt><trkpt lat="45.49535" lon="-73.61658"><ele>119</ele></trkpt><trkpt lat="45.49531" lon="-73.61680"><ele>119</ele></trkpt><trkpt lat="45.49527" lon="-73.61695"><ele>119</ele></trkpt><trkpt lat="45.49519" lon="-73.61734"><ele>118</ele></trkpt><trkpt lat="45.49518" lon="-73.61741"><ele>118</ele></trkpt><trkpt lat="45.49521" lon="-73.61748"><ele>118</ele></trkpt><trkpt lat="45.49524" lon="-73.61753"><ele>117</ele></trkpt><trkpt lat="45.49528" lon="-73.61763"><ele>117</ele></trkpt><trkpt lat="45.49530" lon="-73.61767"><ele>117</ele></trkpt><trkpt lat="45.49541" lon="-73.61792"><ele>117</ele></trkpt><trkpt lat="45.49544" lon="-73.61800"><ele>116</ele></trkpt><trkpt lat="45.49548" lon="-73.61808"><ele>116</ele></trkpt><trkpt lat="45.49558" lon="-73.61829"><ele>116</ele></trkpt><trkpt lat="45.49559" lon="-73.61832"><ele>116</ele></trkpt><trkpt lat="45.49563" lon="-73.61840"><ele>115</ele></trkpt><trkpt lat="45.49568" lon="-73.61853"><ele>115</ele></trkpt><trkpt lat="45.49572" lon="-73.61863"><ele>115</ele></trkpt><trkpt lat="45.49591" lon="-73.61905"><ele>114</ele></trkpt><trkpt lat="45.49608" lon="-73.61942"><ele>113</ele></trkpt><trkpt lat="45.49612" lon="-73.61950"><ele>113</ele></trkpt><trkpt lat="45.49615" lon="-73.61956"><ele>112</ele></trkpt><trkpt lat="45.49677" lon="-73.62095"><ele>111</ele></trkpt><trkpt lat="45.49679" lon="-73.62098"><ele>110</ele></trkpt><trkpt lat="45.49683" lon="-73.62108"><ele>110</ele></trkpt><trkpt lat="45.49687" lon="-73.62117"><ele>110</ele></trkpt><trkpt lat="45.49713" lon="-73.62175"><ele>110</ele></trkpt><trkpt lat="45.49719" lon="-73.62187"><ele>110</ele></trkpt><trkpt lat="45.49721" lon="-73.62193"><ele>110</ele></trkpt><trkpt lat="45.49726" lon="-73.62189"><ele>111</ele></trkpt><trkpt lat="45.49746" lon="-73.62170"><ele>111</ele></trkpt><trkpt lat="45.49750" lon="-73.62166"><ele>111</ele></trkpt><trkpt lat="45.49753" lon="-73.62163"><ele>111</ele></trkpt><trkpt lat="45.49764" lon="-73.62155"><ele>111</ele></trkpt><trkpt lat="45.49780" lon="-73.62140"><ele>112</ele></trkpt><trkpt lat="45.49780" lon="-73.62140"><ele>112</ele></trkpt><trkpt lat="45.49831" lon="-73.62093"><ele>112</ele></trkpt><trkpt lat="45.49837" lon="-73.62088"><ele>113</ele></trkpt><trkpt lat="45.49830" lon="-73.62075"><ele>113</ele></trkpt><trkpt lat="45.49810" lon="-73.62040"><ele>113</ele></trkpt><trkpt lat="45.49810" lon="-73.62040"><ele>113</ele></trkpt><trkpt lat="45.49795" lon="-73.62014"><ele>113</ele></trkpt><trkpt lat="45.49786" lon="-73.61997"><ele>113</ele></trkpt><trkpt lat="45.49784" lon="-73.61995"><ele>114</ele></trkpt><trkpt lat="45.49780" lon="-73.61986"><ele>114</ele></trkpt><trkpt lat="45.49777" lon="-73.61979"><ele>114</ele></trkpt><trkpt lat="45.49775" lon="-73.61975"><ele>114</ele></trkpt><trkpt lat="45.49753" lon="-73.61933"><ele>114</ele></trkpt><trkpt lat="45.49718" lon="-73.61862"><ele>115</ele></trkpt><trkpt lat="45.49717" lon="-73.61859"><ele>115</ele></trkpt><trkpt lat="45.49713" lon="-73.61852"><ele>115</ele></trkpt><trkpt lat="45.49710" lon="-73.61845"><ele>116</ele></trkpt><trkpt lat="45.49708" lon="-73.61842"><ele>116</ele></trkpt><trkpt lat="45.49693" lon="-73.61811"><ele>116</ele></trkpt><trkpt lat="45.49677" lon="-73.61779"><ele>116</ele></trkpt><trkpt lat="45.49676" lon="-73.61776"><ele>116</ele></trkpt><trkpt lat="45.49669" lon="-73.61763"><ele>116</ele></trkpt><trkpt lat="45.49669" lon="-73.61764"><ele>116</ele></trkpt><trkpt lat="45.49669" lon="-73.61764"><ele>116</ele></trkpt><trkpt lat="45.49669" lon="-73.61763"><ele>116</ele></trkpt><trkpt lat="45.49679" lon="-73.61760"><ele>116</ele></trkpt><trkpt lat="45.49681" lon="-73.61759"><ele>116</ele></trkpt><trkpt lat="45.49710" lon="-73.61748"><ele>116</ele></trkpt><trkpt lat="45.49719" lon="-73.61744"><ele>117</ele></trkpt><trkpt lat="45.49719" lon="-73.61744"><ele>117</ele></trkpt><trkpt lat="45.49722" lon="-73.61743"><ele>117</ele></trkpt><trkpt lat="45.49731" lon="-73.61739"><ele>117</ele></trkpt><trkpt lat="45.49740" lon="-73.61734"><ele>117</ele></trkpt><trkpt lat="45.49755" lon="-73.61724"><ele>118</ele></trkpt><trkpt lat="45.49765" lon="-73.61716"><ele>118</ele></trkpt><trkpt lat="45.49776" lon="-73.61705"><ele>118</ele></trkpt><trkpt lat="45.49786" lon="-73.61695"><ele>119</ele></trkpt><trkpt lat="45.49802" lon="-73.61677"><ele>120</ele></trkpt><trkpt lat="45.49814" lon="-73.61663"><ele>121</ele></trkpt><trkpt lat="45.49827" lon="-73.61647"><ele>123</ele></trkpt><trkpt lat="45.49834" lon="-73.61640"><ele>124</ele></trkpt><trkpt lat="45.49839" lon="-73.61636"><ele>125</ele></trkpt><trkpt lat="45.49847" lon="-73.61631"><ele>126</ele></trkpt><trkpt lat="45.49855" lon="-73.61628"><ele>127</ele></trkpt><trkpt lat="45.49864" lon="-73.61626"><ele>127</ele></trkpt><trkpt lat="45.49875" lon="-73.61626"><ele>128</ele></trkpt><trkpt lat="45.49892" lon="-73.61630"><ele>130</ele></trkpt><trkpt lat="45.49903" lon="-73.61636"><ele>131</ele></trkpt><trkpt lat="45.49907" lon="-73.61624"><ele>132</ele></trkpt><trkpt lat="45.49912" lon="-73.61612"><ele>133</ele></trkpt><trkpt lat="45.49923" lon="-73.61589"><ele>134</ele></trkpt><trkpt lat="45.49928" lon="-73.61579"><ele>135</ele></trkpt><trkpt lat="45.49934" lon="-73.61562"><ele>136</ele></trkpt><trkpt lat="45.49938" lon="-73.61552"><ele>137</ele></trkpt><trkpt lat="45.49943" lon="-73.61541"><ele>138</ele></trkpt><trkpt lat="45.49949" lon="-73.61532"><ele>138</ele></trkpt><trkpt lat="45.49953" lon="-73.61526"><ele>139</ele></trkpt><trkpt lat="45.49962" lon="-73.61516"><ele>139</ele></trkpt><trkpt lat="45.49972" lon="-73.61507"><ele>140</ele></trkpt><trkpt lat="45.49993" lon="-73.61488"><ele>141</ele></trkpt><trkpt lat="45.50005" lon="-73.61477"><ele>142</ele></trkpt><trkpt lat="45.50020" lon="-73.61464"><ele>143</ele></trkpt><trkpt lat="45.50025" lon="-73.61460"><ele>144</ele></trkpt><trkpt lat="45.50085" lon="-73.61412"><ele>147</ele></trkpt><trkpt lat="45.50109" lon="-73.61393"><ele>148</ele></trkpt><trkpt lat="45.50119" lon="-73.61384"><ele>149</ele></trkpt><trkpt lat="45.50121" lon="-73.61382"><ele>150</ele></trkpt><trkpt lat="45.50244" lon="-73.61272"><ele>152</ele></trkpt><trkpt lat="45.50251" lon="-73.61267"><ele>152</ele></trkpt><trkpt lat="45.50253" lon="-73.61272"><ele>153</ele></trkpt><trkpt lat="45.50254" lon="-73.61276"><ele>153</ele></trkpt><trkpt lat="45.50265" lon="-73.61307"><ele>153</ele></trkpt><trkpt lat="45.50265" lon="-73.61307"><ele>153</ele></trkpt><trkpt lat="45.50270" lon="-73.61323"><ele>153</ele></trkpt><trkpt lat="45.50275" lon="-73.61329"><ele>153</ele></trkpt><trkpt lat="45.50286" lon="-73.61357"><ele>154</ele></trkpt><trkpt lat="45.50294" lon="-73.61372"><ele>154</ele></trkpt><trkpt lat="45.50301" lon="-73.61380"><ele>154</ele></trkpt><trkpt lat="45.50308" lon="-73.61386"><ele>154</ele></trkpt><trkpt lat="45.50324" lon="-73.61396"><ele>154</ele></trkpt><trkpt lat="45.50350" lon="-73.61405"><ele>154</ele></trkpt><trkpt lat="45.50369" lon="-73.61411"><ele>154</ele></trkpt><trkpt lat="45.50378" lon="-73.61415"><ele>154</ele></trkpt><trkpt lat="45.50388" lon="-73.61421"><ele>154</ele></trkpt><trkpt lat="45.50400" lon="-73.61430"><ele>153</ele></trkpt><trkpt lat="45.50411" lon="-73.61442"><ele>151</ele></trkpt><trkpt lat="45.50417" lon="-73.61451"><ele>149</ele></trkpt><trkpt lat="45.50424" lon="-73.61462"><ele>148</ele></trkpt><trkpt lat="45.50432" lon="-73.61477"><ele>146</ele></trkpt><trkpt lat="45.50439" lon="-73.61493"><ele>144</ele></trkpt><trkpt lat="45.50460" lon="-73.61537"><ele>141</ele></trkpt><trkpt lat="45.50464" lon="-73.61545"><ele>139</ele></trkpt><trkpt lat="45.50469" lon="-73.61557"><ele>138</ele></trkpt><trkpt lat="45.50471" lon="-73.61563"><ele>136</ele></trkpt><trkpt lat="45.50472" lon="-73.61569"><ele>135</ele></trkpt><trkpt lat="45.50472" lon="-73.61574"><ele>134</ele></trkpt><trkpt lat="45.50473" lon="-73.61579"><ele>133</ele></trkpt><trkpt lat="45.50472" lon="-73.61585"><ele>133</ele></trkpt><trkpt lat="45.50471" lon="-73.61593"><ele>132</ele></trkpt><trkpt lat="45.50469" lon="-73.61601"><ele>131</ele></trkpt><trkpt lat="45.50467" lon="-73.61606"><ele>131</ele></trkpt><trkpt lat="45.50463" lon="-73.61612"><ele>130</ele></trkpt><trkpt lat="45.50460" lon="-73.61616"><ele>129</ele></trkpt><trkpt lat="45.50448" lon="-73.61627"><ele>129</ele></trkpt><trkpt lat="45.50414" lon="-73.61655"><ele>127</ele></trkpt><trkpt lat="45.50385" lon="-73.61679"><ele>124</ele></trkpt><trkpt lat="45.50375" lon="-73.61687"><ele>122</ele></trkpt><trkpt lat="45.50359" lon="-73.61701"><ele>120</ele></trkpt><trkpt lat="45.50350" lon="-73.61709"><ele>119</ele></trkpt><trkpt lat="45.50343" lon="-73.61718"><ele>117</ele></trkpt><trkpt lat="45.50339" lon="-73.61725"><ele>116</ele></trkpt><trkpt lat="45.50335" lon="-73.61733"><ele>115</ele></trkpt><trkpt lat="45.50330" lon="-73.61749"><ele>114</ele></trkpt><trkpt lat="45.50327" lon="-73.61759"><ele>113</ele></trkpt><trkpt lat="45.50320" lon="-73.61782"><ele>112</ele></trkpt><trkpt lat="45.50315" lon="-73.61804"><ele>111</ele></trkpt><trkpt lat="45.50314" lon="-73.61808"><ele>110</ele></trkpt><trkpt lat="45.50311" lon="-73.61818"><ele>110</ele></trkpt><trkpt lat="45.50311" lon="-73.61824"><ele>110</ele></trkpt><trkpt lat="45.50311" lon="-73.61829"><ele>109</ele></trkpt><trkpt lat="45.50312" lon="-73.61833"><ele>109</ele></trkpt><trkpt lat="45.50312" lon="-73.61839"><ele>109</ele></trkpt><trkpt lat="45.50314" lon="-73.61845"><ele>109</ele></trkpt><trkpt lat="45.50320" lon="-73.61860"><ele>109</ele></trkpt><trkpt lat="45.50324" lon="-73.61869"><ele>109</ele></trkpt><trkpt lat="45.50325" lon="-73.61874"><ele>109</ele></trkpt><trkpt lat="45.50326" lon="-73.61887"><ele>109</ele></trkpt><trkpt lat="45.50334" lon="-73.61880"><ele>109</ele></trkpt><trkpt lat="45.50336" lon="-73.61878"><ele>109</ele></trkpt><trkpt lat="45.50418" lon="-73.61802"><ele>109</ele></trkpt><trkpt lat="45.50425" lon="-73.61795"><ele>109</ele></trkpt><trkpt lat="45.50444" lon="-73.61778"><ele>109</ele></trkpt><trkpt lat="45.50495" lon="-73.61732"><ele>109</ele></trkpt><trkpt lat="45.50495" lon="-73.61732"><ele>109</ele></trkpt><trkpt lat="45.50527" lon="-73.61704"><ele>109</ele></trkpt><trkpt lat="45.50614" lon="-73.61626"><ele>110</ele></trkpt><trkpt lat="45.50659" lon="-73.61585"><ele>110</ele></trkpt><trkpt lat="45.50696" lon="-73.61551"><ele>110</ele></trkpt><trkpt lat="45.50718" lon="-73.61531"><ele>110</ele></trkpt><trkpt lat="45.50723" lon="-73.61527"><ele>110</ele></trkpt><trkpt lat="45.50728" lon="-73.61523"><ele>110</ele></trkpt><trkpt lat="45.50732" lon="-73.61519"><ele>110</ele></trkpt><trkpt lat="45.50738" lon="-73.61513"><ele>110</ele></trkpt><trkpt lat="45.50765" lon="-73.61489"><ele>110</ele></trkpt><trkpt lat="45.50809" lon="-73.61450"><ele>110</ele></trkpt><trkpt lat="45.50906" lon="-73.61362"><ele>111</ele></trkpt><trkpt lat="45.50935" lon="-73.61336"><ele>112</ele></trkpt><trkpt lat="45.50942" lon="-73.61329"><ele>113</ele></trkpt><trkpt lat="45.50960" lon="-73.61313"><ele>114</ele></trkpt><trkpt lat="45.50973" lon="-73.61293"><ele>115</ele></trkpt><trkpt lat="45.50979" lon="-73.61285"><ele>115</ele></trkpt><trkpt lat="45.50983" lon="-73.61278"><ele>116</ele></trkpt><trkpt lat="45.50988" lon="-73.61265"><ele>116</ele></trkpt><trkpt lat="45.50994" lon="-73.61250"><ele>115</ele></trkpt><trkpt lat="45.51000" lon="-73.61238"><ele>115</ele></trkpt><trkpt lat="45.51004" lon="-73.61232"><ele>115</ele></trkpt><trkpt lat="45.51010" lon="-73.61225"><ele>115</ele></trkpt><trkpt lat="45.51013" lon="-73.61223"><ele>114</ele></trkpt><trkpt lat="45.51019" lon="-73.61222"><ele>114</ele></trkpt><trkpt lat="45.51026" lon="-73.61237"><ele>114</ele></trkpt><trkpt lat="45.51037" lon="-73.61260"><ele>113</ele></trkpt><trkpt lat="45.51049" lon="-73.61288"><ele>113</ele></trkpt><trkpt lat="45.51053" lon="-73.61296"><ele>113</ele></trkpt><trkpt lat="45.51056" lon="-73.61302"><ele>112</ele></trkpt><trkpt lat="45.51067" lon="-73.61324"><ele>112</ele></trkpt><trkpt lat="45.51071" lon="-73.61328"><ele>112</ele></trkpt><trkpt lat="45.51075" lon="-73.61336"><ele>112</ele></trkpt><trkpt lat="45.51076" lon="-73.61340"><ele>111</ele></trkpt><trkpt lat="45.51080" lon="-73.61349"><ele>111</ele></trkpt><trkpt lat="45.51091" lon="-73.61374"><ele>111</ele></trkpt><trkpt lat="45.51093" lon="-73.61382"><ele>111</ele></trkpt><trkpt lat="45.51098" lon="-73.61393"><ele>111</ele></trkpt><trkpt lat="45.51098" lon="-73.61393"><ele>110</ele></trkpt><trkpt lat="45.51099" lon="-73.61395"><ele>110</ele></trkpt><trkpt lat="45.51123" lon="-73.61449"><ele>110</ele></trkpt><trkpt lat="45.51136" lon="-73.61478"><ele>109</ele></trkpt><trkpt lat="45.51139" lon="-73.61486"><ele>109</ele></trkpt><trkpt lat="45.51147" lon="-73.61504"><ele>108</ele></trkpt><trkpt lat="45.51161" lon="-73.61534"><ele>108</ele></trkpt><trkpt lat="45.51166" lon="-73.61543"><ele>107</ele></trkpt><trkpt lat="45.51167" lon="-73.61546"><ele>107</ele></trkpt><trkpt lat="45.51172" lon="-73.61553"><ele>106</ele></trkpt><trkpt lat="45.51180" lon="-73.61539"><ele>106</ele></trkpt><trkpt lat="45.51182" lon="-73.61535"><ele>105</ele></trkpt><trkpt lat="45.51193" lon="-73.61515"><ele>105</ele></trkpt><trkpt lat="45.51212" lon="-73.61478"><ele>104</ele></trkpt><trkpt lat="45.51241" lon="-73.61421"><ele>104</ele></trkpt><trkpt lat="45.51241" lon="-73.61421"><ele>103</ele></trkpt><trkpt lat="45.51243" lon="-73.61417"><ele>103</ele></trkpt><trkpt lat="45.51275" lon="-73.61355"><ele>102</ele></trkpt><trkpt lat="45.51294" lon="-73.61321"><ele>100</ele></trkpt><trkpt lat="45.51296" lon="-73.61317"><ele>99</ele></trkpt><trkpt lat="45.51300" lon="-73.61311"><ele>99</ele></trkpt><trkpt lat="45.51305" lon="-73.61302"><ele>98</ele></trkpt><trkpt lat="45.51307" lon="-73.61298"><ele>97</ele></trkpt><trkpt lat="45.51332" lon="-73.61253"><ele>97</ele></trkpt><trkpt lat="45.51355" lon="-73.61213"><ele>96</ele></trkpt><trkpt lat="45.51396" lon="-73.61140"><ele>94</ele></trkpt><trkpt lat="45.51399" lon="-73.61135"><ele>93</ele></trkpt><trkpt lat="45.51402" lon="-73.61129"><ele>92</ele></trkpt><trkpt lat="45.51404" lon="-73.61125"><ele>91</ele></trkpt><trkpt lat="45.51405" lon="-73.61122"><ele>91</ele></trkpt><trkpt lat="45.51406" lon="-73.61119"><ele>90</ele></trkpt><trkpt lat="45.51407" lon="-73.61116"><ele>90</ele></trkpt><trkpt lat="45.51408" lon="-73.61114"><ele>90</ele></trkpt><trkpt lat="45.51409" lon="-73.61109"><ele>90</ele></trkpt><trkpt lat="45.51411" lon="-73.61101"><ele>89</ele></trkpt><trkpt lat="45.51415" lon="-73.61088"><ele>89</ele></trkpt><trkpt lat="45.51416" lon="-73.61084"><ele>89</ele></trkpt><trkpt lat="45.51420" lon="-73.61071"><ele>89</ele></trkpt><trkpt lat="45.51425" lon="-73.61053"><ele>89</ele></trkpt><trkpt lat="45.51429" lon="-73.61038"><ele>88</ele></trkpt><trkpt lat="45.51434" lon="-73.61020"><ele>88</ele></trkpt><trkpt lat="45.51445" lon="-73.60981"><ele>88</ele></trkpt><trkpt lat="45.51455" lon="-73.60944"><ele>88</ele></trkpt><trkpt lat="45.51456" lon="-73.60939"><ele>88</ele></trkpt><trkpt lat="45.51458" lon="-73.60932"><ele>88</ele></trkpt><trkpt lat="45.51451" lon="-73.60928"><ele>88</ele></trkpt><trkpt lat="45.51448" lon="-73.60927"><ele>88</ele></trkpt><trkpt lat="45.51443" lon="-73.60925"><ele>88</ele></trkpt><trkpt lat="45.51435" lon="-73.60920"><ele>88</ele></trkpt><trkpt lat="45.51431" lon="-73.60918"><ele>89</ele></trkpt><trkpt lat="45.51427" lon="-73.60914"><ele>89</ele></trkpt><trkpt lat="45.51423" lon="-73.60909"><ele>89</ele></trkpt><trkpt lat="45.51409" lon="-73.60878"><ele>89</ele></trkpt><trkpt lat="45.51384" lon="-73.60821"><ele>91</ele></trkpt><trkpt lat="45.51382" lon="-73.60816"><ele>93</ele></trkpt><trkpt lat="45.51357" lon="-73.60761"><ele>96</ele></trkpt><trkpt lat="45.51357" lon="-73.60761"><ele>98</ele></trkpt><trkpt lat="45.51333" lon="-73.60708"><ele>101</ele></trkpt><trkpt lat="45.51330" lon="-73.60702"><ele>103</ele></trkpt><trkpt lat="45.51327" lon="-73.60696"><ele>104</ele></trkpt><trkpt lat="45.51282" lon="-73.60597"><ele>108</ele></trkpt><trkpt lat="45.51279" lon="-73.60589"><ele>111</ele></trkpt><trkpt lat="45.51276" lon="-73.60583"><ele>112</ele></trkpt><trkpt lat="45.51185" lon="-73.60381"><ele>117</ele></trkpt><trkpt lat="45.51183" lon="-73.60379"><ele>120</ele></trkpt><trkpt lat="45.51176" lon="-73.60375"><ele>122</ele></trkpt><trkpt lat="45.51179" lon="-73.60365"><ele>123</ele></trkpt><trkpt lat="45.51195" lon="-73.60302"><ele>124</ele></trkpt><trkpt lat="45.51195" lon="-73.60302"><ele>124</ele></trkpt><trkpt lat="45.51207" lon="-73.60255"><ele>124</ele></trkpt><trkpt lat="45.51214" lon="-73.60228"><ele>124</ele></trkpt><trkpt lat="45.51219" lon="-73.60212"><ele>124</ele></trkpt><trkpt lat="45.51222" lon="-73.60198"><ele>124</ele></trkpt><trkpt lat="45.51247" lon="-73.60112"><ele>124</ele></trkpt><trkpt lat="45.51248" lon="-73.60108"><ele>124</ele></trkpt><trkpt lat="45.51251" lon="-73.60102"><ele>124</ele></trkpt><trkpt lat="45.51250" lon="-73.60096"><ele>124</ele></trkpt><trkpt lat="45.51249" lon="-73.60084"><ele>123</ele></trkpt><trkpt lat="45.51220" lon="-73.60014"><ele>123</ele></trkpt><trkpt lat="45.51218" lon="-73.60007"><ele>123</ele></trkpt><trkpt lat="45.51216" lon="-73.60001"><ele>123</ele></trkpt><trkpt lat="45.51223" lon="-73.59994"><ele>122</ele></trkpt><trkpt lat="45.51225" lon="-73.59993"><ele>122</ele></trkpt><trkpt lat="45.51247" lon="-73.59972"><ele>122</ele></trkpt><trkpt lat="45.51308" lon="-73.59912"><ele>122</ele></trkpt><trkpt lat="45.51360" lon="-73.59861"><ele>120</ele></trkpt><trkpt lat="45.51366" lon="-73.59856"><ele>119</ele></trkpt><trkpt lat="45.51413" lon="-73.59808"><ele>118</ele></trkpt><trkpt lat="45.51440" lon="-73.59770"><ele>116</ele></trkpt><trkpt lat="45.51451" lon="-73.59751"><ele>115</ele></trkpt><trkpt lat="45.51457" lon="-73.59737"><ele>114</ele></trkpt><trkpt lat="45.51463" lon="-73.59713"><ele>113</ele></trkpt><trkpt lat="45.51466" lon="-73.59694"><ele>113</ele></trkpt><trkpt lat="45.51467" lon="-73.59681"><ele>112</ele></trkpt><trkpt lat="45.51468" lon="-73.59656"><ele>111</ele></trkpt><trkpt lat="45.51469" lon="-73.59633"><ele>111</ele></trkpt><trkpt lat="45.51469" lon="-73.59599"><ele>110</ele></trkpt><trkpt lat="45.51470" lon="-73.59564"><ele>109</ele></trkpt><trkpt lat="45.51470" lon="-73.59534"><ele>109</ele></trkpt><trkpt lat="45.51470" lon="-73.59505"><ele>108</ele></trkpt><trkpt lat="45.51469" lon="-73.59498"><ele>108</ele></trkpt><trkpt lat="45.51465" lon="-73.59397"><ele>107</ele></trkpt><trkpt lat="45.51464" lon="-73.59367"><ele>106</ele></trkpt><trkpt lat="45.51462" lon="-73.59309"><ele>105</ele></trkpt><trkpt lat="45.51460" lon="-73.59239"><ele>104</ele></trkpt><trkpt lat="45.51459" lon="-73.59229"><ele>103</ele></trkpt><trkpt lat="45.51458" lon="-73.59194"><ele>102</ele></trkpt><trkpt lat="45.51458" lon="-73.59186"><ele>101</ele></trkpt><trkpt lat="45.51459" lon="-73.59177"><ele>100</ele></trkpt><trkpt lat="45.51461" lon="-73.59170"><ele>99</ele></trkpt><trkpt lat="45.51461" lon="-73.59168"><ele>99</ele></trkpt><trkpt lat="45.51461" lon="-73.59168"><ele>99</ele></trkpt><trkpt lat="45.51463" lon="-73.59163"><ele>98</ele></trkpt><trkpt lat="45.51465" lon="-73.59157"><ele>98</ele></trkpt><trkpt lat="45.51467" lon="-73.59150"><ele>98</ele></trkpt><trkpt lat="45.51471" lon="-73.59144"><ele>98</ele></trkpt><trkpt lat="45.51474" lon="-73.59138"><ele>97</ele></trkpt><trkpt lat="45.51482" lon="-73.59128"><ele>97</ele></trkpt><trkpt lat="45.51509" lon="-73.59107"><ele>96</ele></trkpt><trkpt lat="45.51541" lon="-73.59076"><ele>94</ele></trkpt><trkpt lat="45.51574" lon="-73.59044"><ele>92</ele></trkpt><trkpt lat="45.51574" lon="-73.59042"><ele>91</ele></trkpt><trkpt lat="45.51579" lon="-73.59027"><ele>90</ele></trkpt><trkpt lat="45.51586" lon="-73.59020"><ele>89</ele></trkpt><trkpt lat="45.51588" lon="-73.59018"><ele>88</ele></trkpt><trkpt lat="45.51591" lon="-73.59015"><ele>87</ele></trkpt><trkpt lat="45.51616" lon="-73.58991"><ele>86</ele></trkpt><trkpt lat="45.51626" lon="-73.58982"><ele>85</ele></trkpt><trkpt lat="45.51666" lon="-73.58944"><ele>82</ele></trkpt><trkpt lat="45.51667" lon="-73.58942"><ele>81</ele></trkpt><trkpt lat="45.51679" lon="-73.58932"><ele>79</ele></trkpt><trkpt lat="45.51689" lon="-73.58923"><ele>78</ele></trkpt><trkpt lat="45.51690" lon="-73.58921"><ele>77</ele></trkpt><trkpt lat="45.51747" lon="-73.58871"><ele>74</ele></trkpt><trkpt lat="45.51749" lon="-73.58869"><ele>72</ele></trkpt><trkpt lat="45.51753" lon="-73.58866"><ele>71</ele></trkpt><trkpt lat="45.51758" lon="-73.58862"><ele>70</ele></trkpt><trkpt lat="45.51760" lon="-73.58861"><ele>70</ele></trkpt><trkpt lat="45.51791" lon="-73.58834"><ele>69</ele></trkpt><trkpt lat="45.51812" lon="-73.58814"><ele>69</ele></trkpt><trkpt lat="45.51820" lon="-73.58807"><ele>69</ele></trkpt><trkpt lat="45.51826" lon="-73.58802"><ele>69</ele></trkpt><trkpt lat="45.51837" lon="-73.58793"><ele>69</ele></trkpt><trkpt lat="45.51862" lon="-73.58772"><ele>69</ele></trkpt><trkpt lat="45.51862" lon="-73.58772"><ele>69</ele></trkpt><trkpt lat="45.51883" lon="-73.58753"><ele>69</ele></trkpt><trkpt lat="45.51885" lon="-73.58751"><ele>69</ele></trkpt><trkpt lat="45.51889" lon="-73.58748"><ele>69</ele></trkpt><trkpt lat="45.51893" lon="-73.58744"><ele>69</ele></trkpt><trkpt lat="45.51889" lon="-73.58736"><ele>69</ele></trkpt><trkpt lat="45.51865" lon="-73.58683"><ele>68</ele></trkpt><trkpt lat="45.51861" lon="-73.58673"><ele>67</ele></trkpt><trkpt lat="45.51820" lon="-73.58585"><ele>67</ele></trkpt><trkpt lat="45.51820" lon="-73.58585"><ele>67</ele></trkpt><trkpt lat="45.51806" lon="-73.58554"><ele>67</ele></trkpt><trkpt lat="45.51793" lon="-73.58525"><ele>68</ele></trkpt><trkpt lat="45.51791" lon="-73.58522"><ele>68</ele></trkpt><trkpt lat="45.51789" lon="-73.58516"><ele>68</ele></trkpt><trkpt lat="45.51787" lon="-73.58512"><ele>68</ele></trkpt><trkpt lat="45.51706" lon="-73.58333"><ele>68</ele></trkpt><trkpt lat="45.51702" lon="-73.58324"><ele>68</ele></trkpt><trkpt lat="45.51688" lon="-73.58293"><ele>68</ele></trkpt><trkpt lat="45.51687" lon="-73.58290"><ele>68</ele></trkpt><trkpt lat="45.51685" lon="-73.58286"><ele>68</ele></trkpt><trkpt lat="45.51683" lon="-73.58281"><ele>67</ele></trkpt><trkpt lat="45.51679" lon="-73.58275"><ele>67</ele></trkpt><trkpt lat="45.51660" lon="-73.58233"><ele>67</ele></trkpt><trkpt lat="45.51602" lon="-73.58106"><ele>66</ele></trkpt><trkpt lat="45.51581" lon="-73.58059"><ele>65</ele></trkpt><trkpt lat="45.51579" lon="-73.58055"><ele>64</ele></trkpt><trkpt lat="45.51577" lon="-73.58050"><ele>64</ele></trkpt><trkpt lat="45.51574" lon="-73.58043"><ele>63</ele></trkpt><trkpt lat="45.51531" lon="-73.57948"><ele>62</ele></trkpt><trkpt lat="45.51530" lon="-73.57946"><ele>61</ele></trkpt><trkpt lat="45.51527" lon="-73.57940"><ele>61</ele></trkpt><trkpt lat="45.51526" lon="-73.57938"><ele>60</ele></trkpt><trkpt lat="45.51513" lon="-73.57909"><ele>60</ele></trkpt><trkpt lat="45.51503" lon="-73.57885"><ele>59</ele></trkpt><trkpt lat="45.51483" lon="-73.57842"><ele>58</ele></trkpt><trkpt lat="45.51480" lon="-73.57836"><ele>58</ele></trkpt><trkpt lat="45.51477" lon="-73.57829"><ele>57</ele></trkpt><trkpt lat="45.51473" lon="-73.57820"><ele>57</ele></trkpt><trkpt lat="45.51466" lon="-73.57806"><ele>56</ele></trkpt><trkpt lat="45.51459" lon="-73.57790"><ele>56</ele></trkpt><trkpt lat="45.51445" lon="-73.57760"><ele>56</ele></trkpt><trkpt lat="45.51422" lon="-73.57706"><ele>55</ele></trkpt><trkpt lat="45.51386" lon="-73.57627"><ele>54</ele></trkpt><trkpt lat="45.51385" lon="-73.57624"><ele>53</ele></trkpt><trkpt lat="45.51384" lon="-73.57621"><ele>52</ele></trkpt><trkpt lat="45.51381" lon="-73.57615"><ele>51</ele></trkpt><trkpt lat="45.51374" lon="-73.57621"><ele>51</ele></trkpt><trkpt lat="45.51372" lon="-73.57623"><ele>51</ele></trkpt><trkpt lat="45.51360" lon="-73.57634"><ele>51</ele></trkpt><trkpt lat="45.51324" lon="-73.57666"><ele>51</ele></trkpt><trkpt lat="45.51293" lon="-73.57695"><ele>52</ele></trkpt><trkpt lat="45.51287" lon="-73.57699"><ele>52</ele></trkpt><trkpt lat="45.51281" lon="-73.57705"><ele>52</ele></trkpt><trkpt lat="45.51266" lon="-73.57718"><ele>52</ele></trkpt><trkpt lat="45.51266" lon="-73.57718"><ele>52</ele></trkpt><trkpt lat="45.51214" lon="-73.57765"><ele>53</ele></trkpt><trkpt lat="45.51203" lon="-73.57775"><ele>53</ele></trkpt><trkpt lat="45.51189" lon="-73.57788"><ele>53</ele></trkpt><trkpt lat="45.51174" lon="-73.57801"><ele>53</ele></trkpt><trkpt lat="45.51168" lon="-73.57807"><ele>54</ele></trkpt><trkpt lat="45.51156" lon="-73.57819"><ele>54</ele></trkpt><trkpt lat="45.51159" lon="-73.57827"><ele>54</ele></trkpt><trkpt lat="45.51161" lon="-73.57830"><ele>54</ele></trkpt><trkpt lat="45.51163" lon="-73.57834"><ele>54</ele></trkpt><trkpt lat="45.51176" lon="-73.57863"><ele>54</ele></trkpt><trkpt lat="45.51195" lon="-73.57904"><ele>54</ele></trkpt><trkpt lat="45.51200" lon="-73.57914"><ele>54</ele></trkpt><trkpt lat="45.51202" lon="-73.57919"><ele>54</ele></trkpt><trkpt lat="45.51208" lon="-73.57931"><ele>54</ele></trkpt><trkpt lat="45.51218" lon="-73.57954"><ele>54</ele></trkpt><trkpt lat="45.51253" lon="-73.58029"><ele>56</ele></trkpt><trkpt lat="45.51340" lon="-73.58219"><ele>61</ele></trkpt><trkpt lat="45.51344" lon="-73.58227"><ele>64</ele></trkpt><trkpt lat="45.51348" lon="-73.58235"><ele>66</ele></trkpt><trkpt lat="45.51464" lon="-73.58483"><ele>69</ele></trkpt><trkpt lat="45.51466" lon="-73.58487"><ele>71</ele></trkpt><trkpt lat="45.51467" lon="-73.58489"><ele>73</ele></trkpt><trkpt lat="45.51467" lon="-73.58489"><ele>74</ele></trkpt><trkpt lat="45.51469" lon="-73.58494"><ele>74</ele></trkpt><trkpt lat="45.51483" lon="-73.58524"><ele>75</ele></trkpt><trkpt lat="45.51612" lon="-73.58803"><ele>75</ele></trkpt><trkpt lat="45.51614" lon="-73.58815"><ele>76</ele></trkpt><trkpt lat="45.51614" lon="-73.58823"><ele>76</ele></trkpt><trkpt lat="45.51613" lon="-73.58830"><ele>77</ele></trkpt><trkpt lat="45.51612" lon="-73.58835"><ele>77</ele></trkpt><trkpt lat="45.51610" lon="-73.58839"><ele>77</ele></trkpt><trkpt lat="45.51605" lon="-73.58859"><ele>78</ele></trkpt><trkpt lat="45.51590" lon="-73.58906"><ele>79</ele></trkpt><trkpt lat="45.51576" lon="-73.58954"><ele>81</ele></trkpt><trkpt lat="45.51573" lon="-73.58964"><ele>82</ele></trkpt><trkpt lat="45.51573" lon="-73.58974"><ele>83</ele></trkpt><trkpt lat="45.51570" lon="-73.58993"><ele>83</ele></trkpt><trkpt lat="45.51570" lon="-73.59006"><ele>84</ele></trkpt><trkpt lat="45.51572" lon="-73.59015"><ele>85</ele></trkpt><trkpt lat="45.51573" lon="-73.59019"><ele>85</ele></trkpt><trkpt lat="45.51579" lon="-73.59027"><ele>86</ele></trkpt><trkpt lat="45.51570" lon="-73.59031"><ele>86</ele></trkpt><trkpt lat="45.51568" lon="-73.59033"><ele>87</ele></trkpt><trkpt lat="45.51558" lon="-73.59039"><ele>87</ele></trkpt><trkpt lat="45.51523" lon="-73.59067"><ele>88</ele></trkpt><trkpt lat="45.51507" lon="-73.59069"><ele>89</ele></trkpt><trkpt lat="45.51504" lon="-73.59069"><ele>90</ele></trkpt><trkpt lat="45.51499" lon="-73.59070"><ele>91</ele></trkpt><trkpt lat="45.51494" lon="-73.59069"><ele>91</ele></trkpt><trkpt lat="45.51489" lon="-73.59069"><ele>92</ele></trkpt><trkpt lat="45.51484" lon="-73.59067"><ele>92</ele></trkpt><trkpt lat="45.51480" lon="-73.59064"><ele>92</ele></trkpt><trkpt lat="45.51473" lon="-73.59060"><ele>93</ele></trkpt><trkpt lat="45.51465" lon="-73.59052"><ele>93</ele></trkpt><trkpt lat="45.51456" lon="-73.59041"><ele>94</ele></trkpt><trkpt lat="45.51442" lon="-73.59023"><ele>94</ele></trkpt><trkpt lat="45.51397" lon="-73.58953"><ele>96</ele></trkpt><trkpt lat="45.51387" lon="-73.58939"><ele>98</ele></trkpt><trkpt lat="45.51378" lon="-73.58925"><ele>99</ele></trkpt><trkpt lat="45.51373" lon="-73.58918"><ele>100</ele></trkpt><trkpt lat="45.51368" lon="-73.58914"><ele>101</ele></trkpt><trkpt lat="45.51364" lon="-73.58911"><ele>102</ele></trkpt><trkpt lat="45.51360" lon="-73.58908"><ele>102</ele></trkpt><trkpt lat="45.51355" lon="-73.58905"><ele>103</ele></trkpt><trkpt lat="45.51351" lon="-73.58904"><ele>103</ele></trkpt><trkpt lat="45.51346" lon="-73.58903"><ele>104</ele></trkpt><trkpt lat="45.51342" lon="-73.58903"><ele>104</ele></trkpt><trkpt lat="45.51336" lon="-73.58903"><ele>105</ele></trkpt><trkpt lat="45.51331" lon="-73.58905"><ele>105</ele></trkpt><trkpt lat="45.51326" lon="-73.58907"><ele>106</ele></trkpt><trkpt lat="45.51322" lon="-73.58909"><ele>106</ele></trkpt><trkpt lat="45.51319" lon="-73.58911"><ele>107</ele></trkpt><trkpt lat="45.51316" lon="-73.58913"><ele>107</ele></trkpt><trkpt lat="45.51314" lon="-73.58915"><ele>107</ele></trkpt><trkpt lat="45.51311" lon="-73.58918"><ele>107</ele></trkpt><trkpt lat="45.51309" lon="-73.58921"><ele>108</ele></trkpt><trkpt lat="45.51305" lon="-73.58926"><ele>108</ele></trkpt><trkpt lat="45.51303" lon="-73.58931"><ele>108</ele></trkpt><trkpt lat="45.51300" lon="-73.58937"><ele>109</ele></trkpt><trkpt lat="45.51298" lon="-73.58943"><ele>109</ele></trkpt><trkpt lat="45.51296" lon="-73.58950"><ele>110</ele></trkpt><trkpt lat="45.51295" lon="-73.58954"><ele>110</ele></trkpt><trkpt lat="45.51294" lon="-73.58959"><ele>110</ele></trkpt><trkpt lat="45.51294" lon="-73.58963"><ele>111</ele></trkpt><trkpt lat="45.51293" lon="-73.58967"><ele>111</ele></trkpt><trkpt lat="45.51293" lon="-73.58971"><ele>111</ele></trkpt><trkpt lat="45.51293" lon="-73.58976"><ele>111</ele></trkpt><trkpt lat="45.51294" lon="-73.58980"><ele>112</ele></trkpt><trkpt lat="45.51294" lon="-73.58985"><ele>112</ele></trkpt><trkpt lat="45.51295" lon="-73.58989"><ele>112</ele></trkpt><trkpt lat="45.51296" lon="-73.58996"><ele>113</ele></trkpt><trkpt lat="45.51307" lon="-73.59050"><ele>114</ele></trkpt><trkpt lat="45.51313" lon="-73.59080"><ele>115</ele></trkpt><trkpt lat="45.51323" lon="-73.59142"><ele>118</ele></trkpt><trkpt lat="45.51323" lon="-73.59142"><ele>119</ele></trkpt><trkpt lat="45.51327" lon="-73.59163"><ele>120</ele></trkpt><trkpt lat="45.51336" lon="-73.59220"><ele>122</ele></trkpt><trkpt lat="45.51339" lon="-73.59237"><ele>124</ele></trkpt><trkpt lat="45.51343" lon="-73.59260"><ele>126</ele></trkpt><trkpt lat="45.51344" lon="-73.59267"><ele>127</ele></trkpt><trkpt lat="45.51344" lon="-73.59273"><ele>128</ele></trkpt><trkpt lat="45.51345" lon="-73.59279"><ele>128</ele></trkpt><trkpt lat="45.51345" lon="-73.59288"><ele>129</ele></trkpt><trkpt lat="45.51346" lon="-73.59309"><ele>130</ele></trkpt><trkpt lat="45.51346" lon="-73.59324"><ele>131</ele></trkpt><trkpt lat="45.51345" lon="-73.59339"><ele>131</ele></trkpt><trkpt lat="45.51344" lon="-73.59349"><ele>132</ele></trkpt><trkpt lat="45.51344" lon="-73.59359"><ele>133</ele></trkpt><trkpt lat="45.51342" lon="-73.59371"><ele>133</ele></trkpt><trkpt lat="45.51340" lon="-73.59385"><ele>134</ele></trkpt><trkpt lat="45.51338" lon="-73.59400"><ele>135</ele></trkpt><trkpt lat="45.51335" lon="-73.59414"><ele>135</ele></trkpt><trkpt lat="45.51333" lon="-73.59423"><ele>136</ele></trkpt><trkpt lat="45.51331" lon="-73.59432"><ele>137</ele></trkpt><trkpt lat="45.51328" lon="-73.59441"><ele>137</ele></trkpt><trkpt lat="45.51326" lon="-73.59447"><ele>138</ele></trkpt><trkpt lat="45.51323" lon="-73.59458"><ele>138</ele></trkpt><trkpt lat="45.51319" lon="-73.59469"><ele>139</ele></trkpt><trkpt lat="45.51314" lon="-73.59479"><ele>139</ele></trkpt><trkpt lat="45.51308" lon="-73.59494"><ele>140</ele></trkpt><trkpt lat="45.51303" lon="-73.59506"><ele>140</ele></trkpt><trkpt lat="45.51295" lon="-73.59524"><ele>141</ele></trkpt><trkpt lat="45.51285" lon="-73.59543"><ele>142</ele></trkpt><trkpt lat="45.51281" lon="-73.59552"><ele>143</ele></trkpt><trkpt lat="45.51273" lon="-73.59569"><ele>144</ele></trkpt><trkpt lat="45.51272" lon="-73.59571"><ele>145</ele></trkpt><trkpt lat="45.51263" lon="-73.59591"><ele>146</ele></trkpt><trkpt lat="45.51255" lon="-73.59608"><ele>147</ele></trkpt><trkpt lat="45.51244" lon="-73.59631"><ele>148</ele></trkpt><trkpt lat="45.51239" lon="-73.59640"><ele>150</ele></trkpt><trkpt lat="45.51235" lon="-73.59647"><ele>151</ele></trkpt><trkpt lat="45.51230" lon="-73.59654"><ele>151</ele></trkpt><trkpt lat="45.51223" lon="-73.59660"><ele>152</ele></trkpt><trkpt lat="45.51214" lon="-73.59665"><ele>153</ele></trkpt><trkpt lat="45.51211" lon="-73.59666"><ele>154</ele></trkpt><trkpt lat="45.51205" lon="-73.59667"><ele>155</ele></trkpt><trkpt lat="45.51202" lon="-73.59667"><ele>155</ele></trkpt><trkpt lat="45.51196" lon="-73.59667"><ele>156</ele></trkpt><trkpt lat="45.51190" lon="-73.59665"><ele>156</ele></trkpt><trkpt lat="45.51184" lon="-73.59663"><ele>157</ele></trkpt><trkpt lat="45.51179" lon="-73.59661"><ele>157</ele></trkpt><trkpt lat="45.51174" lon="-73.59656"><ele>158</ele></trkpt><trkpt lat="45.51166" lon="-73.59647"><ele>159</ele></trkpt><trkpt lat="45.51162" lon="-73.59641"><ele>159</ele></trkpt><trkpt lat="45.51158" lon="-73.59634"><ele>160</ele></trkpt><trkpt lat="45.51155" lon="-73.59626"><ele>161</ele></trkpt><trkpt lat="45.51147" lon="-73.59609"><ele>162</ele></trkpt><trkpt lat="45.51141" lon="-73.59591"><ele>163</ele></trkpt><trkpt lat="45.51134" lon="-73.59574"><ele>163</ele></trkpt><trkpt lat="45.51130" lon="-73.59560"><ele>164</ele></trkpt><trkpt lat="45.51127" lon="-73.59551"><ele>165</ele></trkpt><trkpt lat="45.51124" lon="-73.59541"><ele>165</ele></trkpt><trkpt lat="45.51121" lon="-73.59531"><ele>166</ele></trkpt><trkpt lat="45.51119" lon="-73.59521"><ele>166</ele></trkpt><trkpt lat="45.51117" lon="-73.59511"><ele>167</ele></trkpt><trkpt lat="45.51115" lon="-73.59501"><ele>167</ele></trkpt><trkpt lat="45.51114" lon="-73.59492"><ele>168</ele></trkpt><trkpt lat="45.51113" lon="-73.59479"><ele>168</ele></trkpt><trkpt lat="45.51112" lon="-73.59468"><ele>169</ele></trkpt><trkpt lat="45.51110" lon="-73.59451"><ele>169</ele></trkpt><trkpt lat="45.51107" lon="-73.59433"><ele>170</ele></trkpt><trkpt lat="45.51105" lon="-73.59419"><ele>170</ele></trkpt><trkpt lat="45.51102" lon="-73.59407"><ele>171</ele></trkpt><trkpt lat="45.51098" lon="-73.59397"><ele>171</ele></trkpt><trkpt lat="45.51095" lon="-73.59388"><ele>172</ele></trkpt><trkpt lat="45.51079" lon="-73.59358"><ele>173</ele></trkpt><trkpt lat="45.51077" lon="-73.59352"><ele>174</ele></trkpt><trkpt lat="45.51071" lon="-73.59339"><ele>175</ele></trkpt><trkpt lat="45.51063" lon="-73.59325"><ele>176</ele></trkpt><trkpt lat="45.51053" lon="-73.59306"><ele>178</ele></trkpt><trkpt lat="45.51050" lon="-73.59303"><ele>179</ele></trkpt><trkpt lat="45.51018" lon="-73.59242"><ele>183</ele></trkpt><trkpt lat="45.51003" lon="-73.59212"><ele>187</ele></trkpt><trkpt lat="45.50992" lon="-73.59188"><ele>191</ele></trkpt><trkpt lat="45.50986" lon="-73.59175"><ele>194</ele></trkpt><trkpt lat="45.50982" lon="-73.59167"><ele>196</ele></trkpt><trkpt lat="45.50973" lon="-73.59150"><ele>199</ele></trkpt><trkpt lat="45.50969" lon="-73.59142"><ele>200</ele></trkpt><trkpt lat="45.50964" lon="-73.59136"><ele>202</ele></trkpt><trkpt lat="45.50961" lon="-73.59131"><ele>203</ele></trkpt><trkpt lat="45.50956" lon="-73.59126"><ele>203</ele></trkpt><trkpt lat="45.50951" lon="-73.59122"><ele>204</ele></trkpt><trkpt lat="45.50946" lon="-73.59118"><ele>204</ele></trkpt><trkpt lat="45.50939" lon="-73.59114"><ele>205</ele></trkpt><trkpt lat="45.50932" lon="-73.59112"><ele>205</ele></trkpt><trkpt lat="45.50923" lon="-73.59110"><ele>205</ele></trkpt><trkpt lat="45.50915" lon="-73.59108"><ele>206</ele></trkpt><trkpt lat="45.50905" lon="-73.59107"><ele>206</ele></trkpt><trkpt lat="45.50894" lon="-73.59106"><ele>207</ele></trkpt><trkpt lat="45.50887" lon="-73.59105"><ele>207</ele></trkpt><trkpt lat="45.50879" lon="-73.59105"><ele>208</ele></trkpt><trkpt lat="45.50871" lon="-73.59105"><ele>208</ele></trkpt><trkpt lat="45.50863" lon="-73.59106"><ele>208</ele></trkpt><trkpt lat="45.50852" lon="-73.59107"><ele>209</ele></trkpt><trkpt lat="45.50840" lon="-73.59110"><ele>209</ele></trkpt><trkpt lat="45.50826" lon="-73.59116"><ele>210</ele></trkpt><trkpt lat="45.50821" lon="-73.59118"><ele>210</ele></trkpt><trkpt lat="45.50820" lon="-73.59118"><ele>211</ele></trkpt><trkpt lat="45.50813" lon="-73.59121"><ele>211</ele></trkpt><trkpt lat="45.50806" lon="-73.59125"><ele>211</ele></trkpt><trkpt lat="45.50795" lon="-73.59131"><ele>212</ele></trkpt><trkpt lat="45.50781" lon="-73.59142"><ele>212</ele></trkpt><trkpt lat="45.50773" lon="-73.59148"><ele>212</ele></trkpt><trkpt lat="45.50750" lon="-73.59168"><ele>211</ele></trkpt><trkpt lat="45.50746" lon="-73.59172"><ele>211</ele></trkpt><trkpt lat="45.50636" lon="-73.59274"><ele>208</ele></trkpt><trkpt lat="45.50625" lon="-73.59284"><ele>206</ele></trkpt><trkpt lat="45.50618" lon="-73.59291"><ele>205</ele></trkpt><trkpt lat="45.50605" lon="-73.59301"><ele>204</ele></trkpt><trkpt lat="45.50597" lon="-73.59306"><ele>203</ele></trkpt><trkpt lat="45.50588" lon="-73.59311"><ele>202</ele></trkpt><trkpt lat="45.50577" lon="-73.59318"><ele>201</ele></trkpt><trkpt lat="45.50570" lon="-73.59322"><ele>201</ele></trkpt><trkpt lat="45.50564" lon="-73.59326"><ele>200</ele></trkpt><trkpt lat="45.50558" lon="-73.59329"><ele>200</ele></trkpt><trkpt lat="45.50547" lon="-73.59333"><ele>199</ele></trkpt><trkpt lat="45.50539" lon="-73.59336"><ele>199</ele></trkpt><trkpt lat="45.50533" lon="-73.59338"><ele>198</ele></trkpt><trkpt lat="45.50524" lon="-73.59341"><ele>198</ele></trkpt><trkpt lat="45.50517" lon="-73.59343"><ele>197</ele></trkpt><trkpt lat="45.50505" lon="-73.59346"><ele>197</ele></trkpt><trkpt lat="45.50494" lon="-73.59348"><ele>196</ele></trkpt><trkpt lat="45.50482" lon="-73.59349"><ele>196</ele></trkpt><trkpt lat="45.50471" lon="-73.59350"><ele>195</ele></trkpt><trkpt lat="45.50448" lon="-73.59351"><ele>194</ele></trkpt><trkpt lat="45.50438" lon="-73.59352"><ele>193</ele></trkpt><trkpt lat="45.50430" lon="-73.59353"><ele>193</ele></trkpt><trkpt lat="45.50423" lon="-73.59355"><ele>192</ele></trkpt><trkpt lat="45.50415" lon="-73.59357"><ele>192</ele></trkpt><trkpt lat="45.50401" lon="-73.59362"><ele>191</ele></trkpt><trkpt lat="45.50400" lon="-73.59363"><ele>191</ele></trkpt><trkpt lat="45.50394" lon="-73.59365"><ele>190</ele></trkpt><trkpt lat="45.50386" lon="-73.59369"><ele>190</ele></trkpt><trkpt lat="45.50382" lon="-73.59371"><ele>190</ele></trkpt><trkpt lat="45.50378" lon="-73.59373"><ele>189</ele></trkpt><trkpt lat="45.50375" lon="-73.59374"><ele>189</ele></trkpt><trkpt lat="45.50370" lon="-73.59378"><ele>189</ele></trkpt><trkpt lat="45.50363" lon="-73.59386"><ele>189</ele></trkpt><trkpt lat="45.50359" lon="-73.59389"><ele>188</ele></trkpt><trkpt lat="45.50353" lon="-73.59393"><ele>188</ele></trkpt><trkpt lat="45.50344" lon="-73.59401"><ele>188</ele></trkpt><trkpt lat="45.50335" lon="-73.59409"><ele>187</ele></trkpt><trkpt lat="45.50329" lon="-73.59415"><ele>187</ele></trkpt><trkpt lat="45.50324" lon="-73.59419"><ele>186</ele></trkpt><trkpt lat="45.50321" lon="-73.59424"><ele>186</ele></trkpt><trkpt lat="45.50313" lon="-73.59434"><ele>186</ele></trkpt><trkpt lat="45.50296" lon="-73.59454"><ele>185</ele></trkpt><trkpt lat="45.50281" lon="-73.59479"><ele>184</ele></trkpt><trkpt lat="45.50269" lon="-73.59503"><ele>183</ele></trkpt><trkpt lat="45.50261" lon="-73.59525"><ele>183</ele></trkpt><trkpt lat="45.50256" lon="-73.59535"><ele>183</ele></trkpt><trkpt lat="45.50252" lon="-73.59549"><ele>182</ele></trkpt><trkpt lat="45.50246" lon="-73.59570"><ele>182</ele></trkpt><trkpt lat="45.50234" lon="-73.59609"><ele>182</ele></trkpt><trkpt lat="45.50232" lon="-73.59615"><ele>181</ele></trkpt><trkpt lat="45.50231" lon="-73.59617"><ele>181</ele></trkpt><trkpt lat="45.50226" lon="-73.59632"><ele>181</ele></trkpt><trkpt lat="45.50221" lon="-73.59647"><ele>181</ele></trkpt><trkpt lat="45.50203" lon="-73.59695"><ele>181</ele></trkpt><trkpt lat="45.50187" lon="-73.59730"><ele>180</ele></trkpt><trkpt lat="45.50164" lon="-73.59775"><ele>179</ele></trkpt><trkpt lat="45.50155" lon="-73.59791"><ele>178</ele></trkpt><trkpt lat="45.50145" lon="-73.59808"><ele>178</ele></trkpt><trkpt lat="45.50140" lon="-73.59815"><ele>177</ele></trkpt><trkpt lat="45.50126" lon="-73.59837"><ele>176</ele></trkpt><trkpt lat="45.50106" lon="-73.59865"><ele>175</ele></trkpt><trkpt lat="45.50083" lon="-73.59893"><ele>174</ele></trkpt><trkpt lat="45.50083" lon="-73.59893"><ele>173</ele></trkpt><trkpt lat="45.50048" lon="-73.59937"><ele>172</ele></trkpt><trkpt lat="45.50034" lon="-73.59954"><ele>171</ele></trkpt><trkpt lat="45.50020" lon="-73.59971"><ele>170</ele></trkpt><trkpt lat="45.49956" lon="-73.60044"><ele>168</ele></trkpt><trkpt lat="45.49952" lon="-73.60048"><ele>167</ele></trkpt><trkpt lat="45.49927" lon="-73.60078"><ele>166</ele></trkpt><trkpt lat="45.49880" lon="-73.60128"><ele>165</ele></trkpt><trkpt lat="45.49853" lon="-73.60159"><ele>163</ele></trkpt><trkpt lat="45.49848" lon="-73.60165"><ele>162</ele></trkpt><trkpt lat="45.49837" lon="-73.60177"><ele>160</ele></trkpt><trkpt lat="45.49781" lon="-73.60238"><ele>158</ele></trkpt><trkpt lat="45.49563" lon="-73.60460"><ele>152</ele></trkpt><trkpt lat="45.49541" lon="-73.60483"><ele>147</ele></trkpt><trkpt lat="45.49535" lon="-73.60489"><ele>143</ele></trkpt><trkpt lat="45.49528" lon="-73.60495"><ele>141</ele></trkpt><trkpt lat="45.49522" lon="-73.60501"><ele>139</ele></trkpt><trkpt lat="45.49520" lon="-73.60504"><ele>138</ele></trkpt><trkpt lat="45.49516" lon="-73.60507"><ele>137</ele></trkpt><trkpt lat="45.49510" lon="-73.60513"><ele>136</ele></trkpt><trkpt lat="45.49512" lon="-73.60524"><ele>136</ele></trkpt><trkpt lat="45.49517" lon="-73.60551"><ele>135</ele></trkpt><trkpt lat="45.49520" lon="-73.60566"><ele>134</ele></trkpt><trkpt lat="45.49525" lon="-73.60586"><ele>134</ele></trkpt><trkpt lat="45.49529" lon="-73.60605"><ele>134</ele></trkpt><trkpt lat="45.49532" lon="-73.60618"><ele>133</ele></trkpt><trkpt lat="45.49534" lon="-73.60628"><ele>133</ele></trkpt><trkpt lat="45.49536" lon="-73.60635"><ele>133</ele></trkpt><trkpt lat="45.49540" lon="-73.60653"><ele>133</ele></trkpt><trkpt lat="45.49542" lon="-73.60658"><ele>133</ele></trkpt><trkpt lat="45.49547" lon="-73.60677"><ele>133</ele></trkpt><trkpt lat="45.49550" lon="-73.60688"><ele>133</ele></trkpt><trkpt lat="45.49556" lon="-73.60713"><ele>133</ele></trkpt><trkpt lat="45.49557" lon="-73.60716"><ele>134</ele></trkpt><trkpt lat="45.49560" lon="-73.60728"><ele>134</ele></trkpt><trkpt lat="45.49571" lon="-73.60764"><ele>134</ele></trkpt><trkpt lat="45.49576" lon="-73.60785"><ele>135</ele></trkpt><trkpt lat="45.49582" lon="-73.60805"><ele>135</ele></trkpt><trkpt lat="45.49586" lon="-73.60819"><ele>136</ele></trkpt><trkpt lat="45.49588" lon="-73.60827"><ele>136</ele></trkpt><trkpt lat="45.49590" lon="-73.60834"><ele>136</ele></trkpt><trkpt lat="45.49594" lon="-73.60848"><ele>136</ele></trkpt><trkpt lat="45.49596" lon="-73.60857"><ele>136</ele></trkpt><trkpt lat="45.49596" lon="-73.60860"><ele>136</ele></trkpt><trkpt lat="45.49597" lon="-73.60864"><ele>136</ele></trkpt><trkpt lat="45.49598" lon="-73.60868"><ele>136</ele></trkpt><trkpt lat="45.49598" lon="-73.60872"><ele>136</ele></trkpt><trkpt lat="45.49599" lon="-73.60880"><ele>135</ele></trkpt><trkpt lat="45.49600" lon="-73.60888"><ele>135</ele></trkpt><trkpt lat="45.49600" lon="-73.60895"><ele>135</ele></trkpt><trkpt lat="45.49600" lon="-73.60903"><ele>135</ele></trkpt><trkpt lat="45.49600" lon="-73.60910"><ele>135</ele></trkpt><trkpt lat="45.49600" lon="-73.60919"><ele>135</ele></trkpt><trkpt lat="45.49599" lon="-73.60928"><ele>135</ele></trkpt><trkpt lat="45.49599" lon="-73.60937"><ele>135</ele></trkpt><trkpt lat="45.49598" lon="-73.60944"><ele>135</ele></trkpt><trkpt lat="45.49598" lon="-73.60950"><ele>134</ele></trkpt><trkpt lat="45.49598" lon="-73.60957"><ele>134</ele></trkpt><trkpt lat="45.49597" lon="-73.60963"><ele>134</ele></trkpt><trkpt lat="45.49596" lon="-73.60970"><ele>134</ele></trkpt><trkpt lat="45.49595" lon="-73.60979"><ele>134</ele></trkpt><trkpt lat="45.49595" lon="-73.60985"><ele>134</ele></trkpt><trkpt lat="45.49594" lon="-73.60992"><ele>133</ele></trkpt><trkpt lat="45.49593" lon="-73.61000"><ele>133</ele></trkpt><trkpt lat="45.49591" lon="-73.61009"><ele>133</ele></trkpt><trkpt lat="45.49590" lon="-73.61020"><ele>133</ele></trkpt><trkpt lat="45.49589" lon="-73.61024"><ele>132</ele></trkpt><trkpt lat="45.49587" lon="-73.61036"><ele>132</ele></trkpt><trkpt lat="45.49585" lon="-73.61045"><ele>132</ele></trkpt><trkpt lat="45.49579" lon="-73.61079"><ele>131</ele></trkpt><trkpt lat="45.49578" lon="-73.61086"><ele>131</ele></trkpt><trkpt lat="45.49578" lon="-73.61086"><ele>131</ele></trkpt><trkpt lat="45.49573" lon="-73.61115"><ele>131</ele></trkpt><trkpt lat="45.49563" lon="-73.61171"><ele>130</ele></trkpt><trkpt lat="45.49558" lon="-73.61198"><ele>130</ele></trkpt><trkpt lat="45.49556" lon="-73.61209"><ele>129</ele></trkpt><trkpt lat="45.49555" lon="-73.61216"><ele>129</ele></trkpt><trkpt lat="45.49554" lon="-73.61225"><ele>128</ele></trkpt><trkpt lat="45.49552" lon="-73.61234"><ele>128</ele></trkpt><trkpt lat="45.49551" lon="-73.61241"><ele>127</ele></trkpt><trkpt lat="45.49550" lon="-73.61250"><ele>127</ele></trkpt><trkpt lat="45.49549" lon="-73.61258"><ele>126</ele></trkpt><trkpt lat="45.49549" lon="-73.61267"><ele>126</ele></trkpt><trkpt lat="45.49548" lon="-73.61276"><ele>126</ele></trkpt><trkpt lat="45.49548" lon="-73.61285"><ele>125</ele></trkpt><trkpt lat="45.49547" lon="-73.61294"><ele>125</ele></trkpt><trkpt lat="45.49546" lon="-73.61351"><ele>124</ele></trkpt><trkpt lat="45.49545" lon="-73.61388"><ele>123</ele></trkpt><trkpt lat="45.49545" lon="-73.61401"><ele>123</ele></trkpt><trkpt lat="45.49545" lon="-73.61414"><ele>122</ele></trkpt><trkpt lat="45.49545" lon="-73.61427"><ele>122</ele></trkpt><trkpt lat="45.49545" lon="-73.61456"><ele>122</ele></trkpt><trkpt lat="45.49546" lon="-73.61495"><ele>122</ele></trkpt><trkpt lat="45.49546" lon="-73.61508"><ele>121</ele></trkpt><trkpt lat="45.49546" lon="-73.61552"><ele>121</ele></trkpt><trkpt lat="45.49546" lon="-73.61559"><ele>121</ele></trkpt><trkpt lat="45.49546" lon="-73.61566"><ele>121</ele></trkpt><trkpt lat="45.49546" lon="-73.61572"><ele>120</ele></trkpt><trkpt lat="45.49546" lon="-73.61580"><ele>120</ele></trkpt><trkpt lat="45.49545" lon="-73.61593"><ele>120</ele></trkpt><trkpt lat="45.49544" lon="-73.61603"><ele>120</ele></trkpt><trkpt lat="45.49542" lon="-73.61613"><ele>120</ele></trkpt><trkpt lat="45.49541" lon="-73.61623"><ele>120</ele></trkpt><trkpt lat="45.49540" lon="-73.61633"><ele>119</ele></trkpt><trkpt lat="45.49539" lon="-73.61641"><ele>119</ele></trkpt><trkpt lat="45.49537" lon="-73.61649"><ele>119</ele></trkpt><trkpt lat="45.49535" lon="-73.61658"><ele>119</ele></trkpt><trkpt lat="45.49531" lon="-73.61680"><ele>119</ele></trkpt><trkpt lat="45.49527" lon="-73.61695"><ele>119</ele></trkpt><trkpt lat="45.49519" lon="-73.61734"><ele>118</ele></trkpt><trkpt lat="45.49518" lon="-73.61741"><ele>118</ele></trkpt><trkpt lat="45.49521" lon="-73.61748"><ele>118</ele></trkpt><trkpt lat="45.49524" lon="-73.61753"><ele>117</ele></trkpt><trkpt lat="45.49528" lon="-73.61763"><ele>117</ele></trkpt><trkpt lat="45.49530" lon="-73.61767"><ele>117</ele></trkpt><trkpt lat="45.49541" lon="-73.61792"><ele>117</ele></trkpt><trkpt lat="45.49544" lon="-73.61800"><ele>116</ele></trkpt><trkpt lat="45.49548" lon="-73.61808"><ele>116</ele></trkpt><trkpt lat="45.49558" lon="-73.61829"><ele>116</ele></trkpt><trkpt lat="45.49559" lon="-73.61832"><ele>116</ele></trkpt><trkpt lat="45.49563" lon="-73.61840"><ele>115</ele></trkpt><trkpt lat="45.49568" lon="-73.61853"><ele>115</ele></trkpt><trkpt lat="45.49572" lon="-73.61863"><ele>115</ele></trkpt><trkpt lat="45.49591" lon="-73.61905"><ele>114</ele></trkpt><trkpt lat="45.49608" lon="-73.61942"><ele>113</ele></trkpt><trkpt lat="45.49612" lon="-73.61950"><ele>113</ele></trkpt><trkpt lat="45.49615" lon="-73.61956"><ele>112</ele></trkpt><trkpt lat="45.49677" lon="-73.62095"><ele>111</ele></trkpt><trkpt lat="45.49679" lon="-73.62098"><ele>110</ele></trkpt><trkpt lat="45.49683" lon="-73.62108"><ele>110</ele></trkpt><trkpt lat="45.49687" lon="-73.62117"><ele>110</ele></trkpt><trkpt lat="45.49713" lon="-73.62175"><ele>110</ele></trkpt><trkpt lat="45.49719" lon="-73.62187"><ele>110</ele></trkpt><trkpt lat="45.49721" lon="-73.62193"><ele>110</ele></trkpt><trkpt lat="45.49726" lon="-73.62189"><ele>111</ele></trkpt><trkpt lat="45.49746" lon="-73.62170"><ele>111</ele></trkpt><trkpt lat="45.49750" lon="-73.62166"><ele>111</ele></trkpt><trkpt lat="45.49753" lon="-73.62163"><ele>111</ele></trkpt><trkpt lat="45.49764" lon="-73.62155"><ele>111</ele></trkpt><trkpt lat="45.49766" lon="-73.62152"><ele>112</ele></trkpt><trkpt lat="45.49766" lon="-73.62152"><ele>112</ele></trkpt><trkpt lat="45.49831" lon="-73.62093"><ele>112</ele></trkpt><trkpt lat="45.49837" lon="-73.62088"><ele>113</ele></trkpt><trkpt lat="45.49830" lon="-73.62075"><ele>113</ele></trkpt><trkpt lat="45.49795" lon="-73.62014"><ele>113</ele></trkpt><trkpt lat="45.49786" lon="-73.61997"><ele>113</ele></trkpt><trkpt lat="45.49784" lon="-73.61995"><ele>113</ele></trkpt><trkpt lat="45.49780" lon="-73.61986"><ele>114</ele></trkpt><trkpt lat="45.49777" lon="-73.61979"><ele>114</ele></trkpt><trkpt lat="45.49775" lon="-73.61975"><ele>114</ele></trkpt><trkpt lat="45.49753" lon="-73.61933"><ele>114</ele></trkpt><trkpt lat="45.49748" lon="-73.61922"><ele>114</ele></trkpt><trkpt lat="45.49748" lon="-73.61922"><ele>114</ele></trkpt><trkpt lat="45.49718" lon="-73.61862"><ele>115</ele></trkpt><trkpt lat="45.49717" lon="-73.61859"><ele>115</ele></trkpt><trkpt lat="45.49713" lon="-73.61852"><ele>115</ele></trkpt><trkpt lat="45.49710" lon="-73.61845"><ele>116</ele></trkpt><trkpt lat="45.49708" lon="-73.61842"><ele>116</ele></trkpt><trkpt lat="45.49693" lon="-73.61811"><ele>116</ele></trkpt><trkpt lat="45.49677" lon="-73.61779"><ele>116</ele></trkpt><trkpt lat="45.49676" lon="-73.61776"><ele>116</ele></trkpt><trkpt lat="45.49669" lon="-73.61763"><ele>116</ele></trkpt><trkpt lat="45.49669" lon="-73.61763"><ele>116</ele></trkpt><trkpt lat="45.49669" lon="-73.61763"><ele>116</ele></trkpt><trkpt lat="45.49669" lon="-73.61763"><ele>116</ele></trkpt><trkpt lat="45.49679" lon="-73.61760"><ele>116</ele></trkpt><trkpt lat="45.49681" lon="-73.61759"><ele>116</ele></trkpt><trkpt lat="45.49710" lon="-73.61748"><ele>116</ele></trkpt><trkpt lat="45.49718" lon="-73.61745"><ele>117</ele></trkpt><trkpt lat="45.49718" lon="-73.61745"><ele>117</ele></trkpt><trkpt lat="45.49722" lon="-73.61743"><ele>117</ele></trkpt><trkpt lat="45.49731" lon="-73.61739"><ele>117</ele></trkpt><trkpt lat="45.49740" lon="-73.61734"><ele>117</ele></trkpt><trkpt lat="45.49755" lon="-73.61724"><ele>118</ele></trkpt><trkpt lat="45.49765" lon="-73.61716"><ele>118</ele></trkpt><trkpt lat="45.49776" lon="-73.61705"><ele>118</ele></trkpt><trkpt lat="45.49786" lon="-73.61695"><ele>119</ele></trkpt><trkpt lat="45.49802" lon="-73.61677"><ele>120</ele></trkpt><trkpt lat="45.49814" lon="-73.61663"><ele>121</ele></trkpt><trkpt lat="45.49827" lon="-73.61647"><ele>123</ele></trkpt><trkpt lat="45.49834" lon="-73.61640"><ele>124</ele></trkpt><trkpt lat="45.49839" lon="-73.61636"><ele>125</ele></trkpt><trkpt lat="45.49847" lon="-73.61631"><ele>126</ele></trkpt><trkpt lat="45.49855" lon="-73.61628"><ele>127</ele></trkpt><trkpt lat="45.49864" lon="-73.61626"><ele>127</ele></trkpt><trkpt lat="45.49875" lon="-73.61626"><ele>128</ele></trkpt><trkpt lat="45.49892" lon="-73.61630"><ele>130</ele></trkpt><trkpt lat="45.49903" lon="-73.61636"><ele>131</ele></trkpt><trkpt lat="45.49907" lon="-73.61624"><ele>132</ele></trkpt><trkpt lat="45.49912" lon="-73.61612"><ele>133</ele></trkpt><trkpt lat="45.49923" lon="-73.61589"><ele>134</ele></trkpt><trkpt lat="45.49928" lon="-73.61579"><ele>135</ele></trkpt><trkpt lat="45.49934" lon="-73.61562"><ele>136</ele></trkpt><trkpt lat="45.49938" lon="-73.61552"><ele>137</ele></trkpt><trkpt lat="45.49943" lon="-73.61541"><ele>138</ele></trkpt><trkpt lat="45.49949" lon="-73.61532"><ele>138</ele></trkpt><trkpt lat="45.49953" lon="-73.61526"><ele>139</ele></trkpt><trkpt lat="45.49962" lon="-73.61516"><ele>139</ele></trkpt><trkpt lat="45.49972" lon="-73.61507"><ele>140</ele></trkpt><trkpt lat="45.49993" lon="-73.61488"><ele>141</ele></trkpt><trkpt lat="45.50005" lon="-73.61477"><ele>142</ele></trkpt><trkpt lat="45.50020" lon="-73.61464"><ele>143</ele></trkpt><trkpt lat="45.50025" lon="-73.61460"><ele>144</ele></trkpt><trkpt lat="45.50085" lon="-73.61412"><ele>147</ele></trkpt><trkpt lat="45.50109" lon="-73.61393"><ele>148</ele></trkpt><trkpt lat="45.50119" lon="-73.61384"><ele>149</ele></trkpt><trkpt lat="45.50121" lon="-73.61382"><ele>150</ele></trkpt><trkpt lat="45.50244" lon="-73.61272"><ele>152</ele></trkpt><trkpt lat="45.50251" lon="-73.61267"><ele>153</ele></trkpt><trkpt lat="45.50253" lon="-73.61272"><ele>153</ele></trkpt><trkpt lat="45.50254" lon="-73.61276"><ele>154</ele></trkpt><trkpt lat="45.50261" lon="-73.61298"><ele>154</ele></trkpt><trkpt lat="45.50261" lon="-73.61298"><ele>154</ele></trkpt><trkpt lat="45.50270" lon="-73.61323"><ele>154</ele></trkpt><trkpt lat="45.50275" lon="-73.61329"><ele>154</ele></trkpt><trkpt lat="45.50286" lon="-73.61357"><ele>154</ele></trkpt><trkpt lat="45.50294" lon="-73.61372"><ele>154</ele></trkpt><trkpt lat="45.50301" lon="-73.61380"><ele>154</ele></trkpt><trkpt lat="45.50308" lon="-73.61386"><ele>154</ele></trkpt><trkpt lat="45.50324" lon="-73.61396"><ele>154</ele></trkpt><trkpt lat="45.50350" lon="-73.61405"><ele>154</ele></trkpt><trkpt lat="45.50369" lon="-73.61411"><ele>154</ele></trkpt><trkpt lat="45.50378" lon="-73.61415"><ele>154</ele></trkpt><trkpt lat="45.50388" lon="-73.61421"><ele>154</ele></trkpt><trkpt lat="45.50400" lon="-73.61430"><ele>153</ele></trkpt><trkpt lat="45.50411" lon="-73.61442"><ele>151</ele></trkpt><trkpt lat="45.50417" lon="-73.61451"><ele>149</ele></trkpt><trkpt lat="45.50424" lon="-73.61462"><ele>148</ele></trkpt><trkpt lat="45.50432" lon="-73.61477"><ele>146</ele></trkpt><trkpt lat="45.50439" lon="-73.61493"><ele>144</ele></trkpt><trkpt lat="45.50460" lon="-73.61537"><ele>141</ele></trkpt><trkpt lat="45.50464" lon="-73.61545"><ele>139</ele></trkpt><trkpt lat="45.50469" lon="-73.61557"><ele>138</ele></trkpt><trkpt lat="45.50471" lon="-73.61563"><ele>136</ele></trkpt><trkpt lat="45.50472" lon="-73.61569"><ele>135</ele></trkpt><trkpt lat="45.50472" lon="-73.61574"><ele>134</ele></trkpt><trkpt lat="45.50473" lon="-73.61579"><ele>133</ele></trkpt><trkpt lat="45.50472" lon="-73.61585"><ele>133</ele></trkpt><trkpt lat="45.50471" lon="-73.61593"><ele>132</ele></trkpt><trkpt lat="45.50469" lon="-73.61601"><ele>131</ele></trkpt><trkpt lat="45.50467" lon="-73.61606"><ele>131</ele></trkpt><trkpt lat="45.50463" lon="-73.61612"><ele>130</ele></trkpt><trkpt lat="45.50460" lon="-73.61616"><ele>129</ele></trkpt><trkpt lat="45.50448" lon="-73.61627"><ele>129</ele></trkpt><trkpt lat="45.50414" lon="-73.61655"><ele>127</ele></trkpt><trkpt lat="45.50385" lon="-73.61679"><ele>124</ele></trkpt><trkpt lat="45.50375" lon="-73.61687"><ele>122</ele></trkpt><trkpt lat="45.50359" lon="-73.61701"><ele>120</ele></trkpt><trkpt lat="45.50350" lon="-73.61709"><ele>119</ele></trkpt><trkpt lat="45.50343" lon="-73.61718"><ele>117</ele></trkpt><trkpt lat="45.50339" lon="-73.61725"><ele>116</ele></trkpt><trkpt lat="45.50335" lon="-73.61733"><ele>115</ele></trkpt><trkpt lat="45.50330" lon="-73.61749"><ele>114</ele></trkpt><trkpt lat="45.50327" lon="-73.61759"><ele>113</ele></trkpt><trkpt lat="45.50320" lon="-73.61782"><ele>112</ele></trkpt><trkpt lat="45.50315" lon="-73.61804"><ele>111</ele></trkpt><trkpt lat="45.50314" lon="-73.61808"><ele>110</ele></trkpt><trkpt lat="45.50311" lon="-73.61818"><ele>110</ele></trkpt><trkpt lat="45.50311" lon="-73.61824"><ele>110</ele></trkpt><trkpt lat="45.50311" lon="-73.61829"><ele>109</ele></trkpt><trkpt lat="45.50312" lon="-73.61833"><ele>109</ele></trkpt><trkpt lat="45.50312" lon="-73.61839"><ele>109</ele></trkpt><trkpt lat="45.50314" lon="-73.61845"><ele>109</ele></trkpt><trkpt lat="45.50320" lon="-73.61860"><ele>109</ele></trkpt><trkpt lat="45.50324" lon="-73.61869"><ele>109</ele></trkpt><trkpt lat="45.50325" lon="-73.61874"><ele>109</ele></trkpt><trkpt lat="45.50326" lon="-73.61887"><ele>109</ele></trkpt><trkpt lat="45.50334" lon="-73.61880"><ele>109</ele></trkpt><trkpt lat="45.50336" lon="-73.61878"><ele>109</ele></trkpt><trkpt lat="45.50418" lon="-73.61802"><ele>109</ele></trkpt><trkpt lat="45.50425" lon="-73.61795"><ele>109</ele></trkpt><trkpt lat="45.50444" lon="-73.61778"><ele>109</ele></trkpt><trkpt lat="45.50500" lon="-73.61728"><ele>109</ele></trkpt><trkpt lat="45.50500" lon="-73.61728"><ele>110</ele></trkpt><trkpt lat="45.50527" lon="-73.61704"><ele>110</ele></trkpt><trkpt lat="45.50614" lon="-73.61626"><ele>110</ele></trkpt><trkpt lat="45.50659" lon="-73.61585"><ele>110</ele></trkpt><trkpt lat="45.50696" lon="-73.61551"><ele>110</ele></trkpt><trkpt lat="45.50718" lon="-73.61531"><ele>110</ele></trkpt><trkpt lat="45.50723" lon="-73.61527"><ele>110</ele></trkpt><trkpt lat="45.50728" lon="-73.61523"><ele>110</ele></trkpt><trkpt lat="45.50732" lon="-73.61519"><ele>110</ele></trkpt><trkpt lat="45.50738" lon="-73.61513"><ele>110</ele></trkpt><trkpt lat="45.50765" lon="-73.61489"><ele>110</ele></trkpt><trkpt lat="45.50809" lon="-73.61450"><ele>110</ele></trkpt><trkpt lat="45.50906" lon="-73.61362"><ele>111</ele></trkpt><trkpt lat="45.50935" lon="-73.61336"><ele>112</ele></trkpt><trkpt lat="45.50942" lon="-73.61329"><ele>113</ele></trkpt><trkpt lat="45.50960" lon="-73.61313"><ele>114</ele></trkpt><trkpt lat="45.50973" lon="-73.61293"><ele>115</ele></trkpt><trkpt lat="45.50979" lon="-73.61285"><ele>115</ele></trkpt><trkpt lat="45.50983" lon="-73.61278"><ele>116</ele></trkpt><trkpt lat="45.50988" lon="-73.61265"><ele>116</ele></trkpt><trkpt lat="45.50994" lon="-73.61250"><ele>115</ele></trkpt><trkpt lat="45.51000" lon="-73.61238"><ele>115</ele></trkpt><trkpt lat="45.51004" lon="-73.61232"><ele>115</ele></trkpt><trkpt lat="45.51010" lon="-73.61225"><ele>115</ele></trkpt><trkpt lat="45.51013" lon="-73.61223"><ele>114</ele></trkpt><trkpt lat="45.51019" lon="-73.61222"><ele>114</ele></trkpt><trkpt lat="45.51026" lon="-73.61237"><ele>114</ele></trkpt><trkpt lat="45.51037" lon="-73.61260"><ele>113</ele></trkpt><trkpt lat="45.51049" lon="-73.61288"><ele>113</ele></trkpt><trkpt lat="45.51053" lon="-73.61296"><ele>113</ele></trkpt><trkpt lat="45.51056" lon="-73.61302"><ele>112</ele></trkpt><trkpt lat="45.51067" lon="-73.61324"><ele>112</ele></trkpt><trkpt lat="45.51071" lon="-73.61328"><ele>112</ele></trkpt><trkpt lat="45.51075" lon="-73.61336"><ele>112</ele></trkpt><trkpt lat="45.51076" lon="-73.61340"><ele>111</ele></trkpt><trkpt lat="45.51080" lon="-73.61349"><ele>111</ele></trkpt><trkpt lat="45.51091" lon="-73.61374"><ele>111</ele></trkpt><trkpt lat="45.51093" lon="-73.61382"><ele>111</ele></trkpt><trkpt lat="45.51099" lon="-73.61395"><ele>111</ele></trkpt><trkpt lat="45.51111" lon="-73.61421"><ele>110</ele></trkpt><trkpt lat="45.51111" lon="-73.61421"><ele>110</ele></trkpt><trkpt lat="45.51123" lon="-73.61449"><ele>110</ele></trkpt><trkpt lat="45.51136" lon="-73.61478"><ele>109</ele></trkpt><trkpt lat="45.51139" lon="-73.61486"><ele>109</ele></trkpt><trkpt lat="45.51147" lon="-73.61504"><ele>108</ele></trkpt><trkpt lat="45.51161" lon="-73.61534"><ele>108</ele></trkpt><trkpt lat="45.51166" lon="-73.61543"><ele>107</ele></trkpt><trkpt lat="45.51167" lon="-73.61546"><ele>107</ele></trkpt><trkpt lat="45.51172" lon="-73.61553"><ele>106</ele></trkpt><trkpt lat="45.51180" lon="-73.61539"><ele>106</ele></trkpt><trkpt lat="45.51182" lon="-73.61535"><ele>105</ele></trkpt><trkpt lat="45.51193" lon="-73.61515"><ele>105</ele></trkpt><trkpt lat="45.51212" lon="-73.61478"><ele>104</ele></trkpt><trkpt lat="45.51243" lon="-73.61417"><ele>104</ele></trkpt><trkpt lat="45.51243" lon="-73.61417"><ele>103</ele></trkpt><trkpt lat="45.51243" lon="-73.61417"><ele>103</ele></trkpt><trkpt lat="45.51275" lon="-73.61355"><ele>102</ele></trkpt><trkpt lat="45.51294" lon="-73.61321"><ele>100</ele></trkpt><trkpt lat="45.51296" lon="-73.61317"><ele>99</ele></trkpt><trkpt lat="45.51300" lon="-73.61311"><ele>99</ele></trkpt><trkpt lat="45.51305" lon="-73.61302"><ele>98</ele></trkpt><trkpt lat="45.51307" lon="-73.61298"><ele>97</ele></trkpt><trkpt lat="45.51332" lon="-73.61253"><ele>97</ele></trkpt><trkpt lat="45.51355" lon="-73.61213"><ele>96</ele></trkpt><trkpt lat="45.51396" lon="-73.61140"><ele>94</ele></trkpt><trkpt lat="45.51399" lon="-73.61135"><ele>93</ele></trkpt><trkpt lat="45.51402" lon="-73.61129"><ele>92</ele></trkpt><trkpt lat="45.51404" lon="-73.61125"><ele>91</ele></trkpt><trkpt lat="45.51405" lon="-73.61122"><ele>91</ele></trkpt><trkpt lat="45.51406" lon="-73.61119"><ele>90</ele></trkpt><trkpt lat="45.51407" lon="-73.61116"><ele>90</ele></trkpt><trkpt lat="45.51408" lon="-73.61114"><ele>90</ele></trkpt><trkpt lat="45.51409" lon="-73.61109"><ele>90</ele></trkpt><trkpt lat="45.51411" lon="-73.61101"><ele>89</ele></trkpt><trkpt lat="45.51415" lon="-73.61088"><ele>89</ele></trkpt><trkpt lat="45.51416" lon="-73.61084"><ele>89</ele></trkpt><trkpt lat="45.51420" lon="-73.61071"><ele>89</ele></trkpt><trkpt lat="45.51425" lon="-73.61053"><ele>89</ele></trkpt><trkpt lat="45.51429" lon="-73.61038"><ele>88</ele></trkpt><trkpt lat="45.51434" lon="-73.61020"><ele>88</ele></trkpt><trkpt lat="45.51445" lon="-73.60981"><ele>88</ele></trkpt><trkpt lat="45.51455" lon="-73.60944"><ele>88</ele></trkpt><trkpt lat="45.51456" lon="-73.60939"><ele>88</ele></trkpt><trkpt lat="45.51458" lon="-73.60932"><ele>88</ele></trkpt><trkpt lat="45.51451" lon="-73.60928"><ele>88</ele></trkpt><trkpt lat="45.51448" lon="-73.60927"><ele>88</ele></trkpt><trkpt lat="45.51443" lon="-73.60925"><ele>88</ele></trkpt><trkpt lat="45.51435" lon="-73.60920"><ele>88</ele></trkpt><trkpt lat="45.51431" lon="-73.60918"><ele>89</ele></trkpt><trkpt lat="45.51427" lon="-73.60914"><ele>89</ele></trkpt><trkpt lat="45.51423" lon="-73.60909"><ele>89</ele></trkpt><trkpt lat="45.51409" lon="-73.60878"><ele>89</ele></trkpt><trkpt lat="45.51384" lon="-73.60821"><ele>91</ele></trkpt><trkpt lat="45.51382" lon="-73.60816"><ele>93</ele></trkpt><trkpt lat="45.51365" lon="-73.60779"><ele>95</ele></trkpt><trkpt lat="45.51365" lon="-73.60779"><ele>96</ele></trkpt><trkpt lat="45.51333" lon="-73.60708"><ele>100</ele></trkpt><trkpt lat="45.51330" lon="-73.60702"><ele>102</ele></trkpt><trkpt lat="45.51327" lon="-73.60696"><ele>104</ele></trkpt><trkpt lat="45.51282" lon="-73.60597"><ele>108</ele></trkpt><trkpt lat="45.51279" lon="-73.60589"><ele>110</ele></trkpt><trkpt lat="45.51276" lon="-73.60583"><ele>112</ele></trkpt><trkpt lat="45.51185" lon="-73.60381"><ele>117</ele></trkpt><trkpt lat="45.51183" lon="-73.60379"><ele>120</ele></trkpt><trkpt lat="45.51176" lon="-73.60375"><ele>122</ele></trkpt><trkpt lat="45.51179" lon="-73.60365"><ele>123</ele></trkpt><trkpt lat="45.51194" lon="-73.60303"><ele>124</ele></trkpt><trkpt lat="45.51194" lon="-73.60303"><ele>124</ele></trkpt><trkpt lat="45.51207" lon="-73.60255"><ele>124</ele></trkpt><trkpt lat="45.51214" lon="-73.60228"><ele>124</ele></trkpt><trkpt lat="45.51219" lon="-73.60212"><ele>124</ele></trkpt><trkpt lat="45.51222" lon="-73.60198"><ele>124</ele></trkpt><trkpt lat="45.51247" lon="-73.60112"><ele>124</ele></trkpt><trkpt lat="45.51248" lon="-73.60108"><ele>124</ele></trkpt><trkpt lat="45.51251" lon="-73.60102"><ele>124</ele></trkpt><trkpt lat="45.51250" lon="-73.60096"><ele>124</ele></trkpt><trkpt lat="45.51249" lon="-73.60084"><ele>123</ele></trkpt><trkpt lat="45.51220" lon="-73.60014"><ele>123</ele></trkpt><trkpt lat="45.51218" lon="-73.60007"><ele>123</ele></trkpt><trkpt lat="45.51216" lon="-73.60001"><ele>123</ele></trkpt><trkpt lat="45.51223" lon="-73.59994"><ele>122</ele></trkpt><trkpt lat="45.51225" lon="-73.59993"><ele>122</ele></trkpt><trkpt lat="45.51247" lon="-73.59972"><ele>122</ele></trkpt><trkpt lat="45.51308" lon="-73.59912"><ele>122</ele></trkpt><trkpt lat="45.51360" lon="-73.59861"><ele>120</ele></trkpt><trkpt lat="45.51366" lon="-73.59856"><ele>119</ele></trkpt><trkpt lat="45.51413" lon="-73.59808"><ele>118</ele></trkpt><trkpt lat="45.51440" lon="-73.59770"><ele>116</ele></trkpt><trkpt lat="45.51451" lon="-73.59751"><ele>115</ele></trkpt><trkpt lat="45.51457" lon="-73.59737"><ele>114</ele></trkpt><trkpt lat="45.51463" lon="-73.59713"><ele>113</ele></trkpt><trkpt lat="45.51466" lon="-73.59694"><ele>113</ele></trkpt><trkpt lat="45.51467" lon="-73.59681"><ele>112</ele></trkpt><trkpt lat="45.51468" lon="-73.59656"><ele>111</ele></trkpt><trkpt lat="45.51469" lon="-73.59633"><ele>111</ele></trkpt><trkpt lat="45.51469" lon="-73.59599"><ele>110</ele></trkpt><trkpt lat="45.51470" lon="-73.59564"><ele>109</ele></trkpt><trkpt lat="45.51470" lon="-73.59534"><ele>109</ele></trkpt><trkpt lat="45.51470" lon="-73.59505"><ele>108</ele></trkpt><trkpt lat="45.51469" lon="-73.59498"><ele>108</ele></trkpt><trkpt lat="45.51465" lon="-73.59397"><ele>107</ele></trkpt><trkpt lat="45.51464" lon="-73.59367"><ele>106</ele></trkpt><trkpt lat="45.51462" lon="-73.59309"><ele>105</ele></trkpt><trkpt lat="45.51460" lon="-73.59239"><ele>104</ele></trkpt><trkpt lat="45.51459" lon="-73.59229"><ele>103</ele></trkpt><trkpt lat="45.51458" lon="-73.59194"><ele>102</ele></trkpt><trkpt lat="45.51458" lon="-73.59186"><ele>101</ele></trkpt><trkpt lat="45.51459" lon="-73.59177"><ele>100</ele></trkpt><trkpt lat="45.51461" lon="-73.59170"><ele>99</ele></trkpt><trkpt lat="45.51462" lon="-73.59165"><ele>99</ele></trkpt><trkpt lat="45.51462" lon="-73.59165"><ele>99</ele></trkpt><trkpt lat="45.51463" lon="-73.59163"><ele>98</ele></trkpt><trkpt lat="45.51465" lon="-73.59157"><ele>98</ele></trkpt><trkpt lat="45.51467" lon="-73.59150"><ele>98</ele></trkpt><trkpt lat="45.51471" lon="-73.59144"><ele>97</ele></trkpt><trkpt lat="45.51474" lon="-73.59138"><ele>97</ele></trkpt><trkpt lat="45.51482" lon="-73.59128"><ele>97</ele></trkpt><trkpt lat="45.51509" lon="-73.59107"><ele>96</ele></trkpt><trkpt lat="45.51541" lon="-73.59076"><ele>94</ele></trkpt><trkpt lat="45.51574" lon="-73.59044"><ele>92</ele></trkpt><trkpt lat="45.51574" lon="-73.59042"><ele>91</ele></trkpt><trkpt lat="45.51579" lon="-73.59027"><ele>90</ele></trkpt><trkpt lat="45.51586" lon="-73.59020"><ele>89</ele></trkpt><trkpt lat="45.51588" lon="-73.59018"><ele>88</ele></trkpt><trkpt lat="45.51591" lon="-73.59015"><ele>87</ele></trkpt><trkpt lat="45.51616" lon="-73.58991"><ele>86</ele></trkpt><trkpt lat="45.51626" lon="-73.58982"><ele>85</ele></trkpt><trkpt lat="45.51666" lon="-73.58944"><ele>82</ele></trkpt><trkpt lat="45.51667" lon="-73.58942"><ele>81</ele></trkpt><trkpt lat="45.51679" lon="-73.58932"><ele>79</ele></trkpt><trkpt lat="45.51689" lon="-73.58923"><ele>78</ele></trkpt><trkpt lat="45.51690" lon="-73.58921"><ele>77</ele></trkpt><trkpt lat="45.51747" lon="-73.58871"><ele>74</ele></trkpt><trkpt lat="45.51749" lon="-73.58869"><ele>72</ele></trkpt><trkpt lat="45.51753" lon="-73.58866"><ele>71</ele></trkpt><trkpt lat="45.51758" lon="-73.58862"><ele>70</ele></trkpt><trkpt lat="45.51760" lon="-73.58861"><ele>70</ele></trkpt><trkpt lat="45.51791" lon="-73.58834"><ele>69</ele></trkpt><trkpt lat="45.51812" lon="-73.58814"><ele>69</ele></trkpt><trkpt lat="45.51820" lon="-73.58807"><ele>69</ele></trkpt><trkpt lat="45.51826" lon="-73.58802"><ele>69</ele></trkpt><trkpt lat="45.51837" lon="-73.58793"><ele>69</ele></trkpt><trkpt lat="45.51859" lon="-73.58775"><ele>69</ele></trkpt><trkpt lat="45.51859" lon="-73.58775"><ele>69</ele></trkpt><trkpt lat="45.51883" lon="-73.58753"><ele>69</ele></trkpt><trkpt lat="45.51885" lon="-73.58751"><ele>69</ele></trkpt><trkpt lat="45.51889" lon="-73.58748"><ele>69</ele></trkpt><trkpt lat="45.51893" lon="-73.58744"><ele>69</ele></trkpt><trkpt lat="45.51889" lon="-73.58736"><ele>69</ele></trkpt><trkpt lat="45.51865" lon="-73.58683"><ele>68</ele></trkpt><trkpt lat="45.51861" lon="-73.58673"><ele>67</ele></trkpt><trkpt lat="45.51817" lon="-73.58579"><ele>67</ele></trkpt><trkpt lat="45.51817" lon="-73.58579"><ele>67</ele></trkpt><trkpt lat="45.51806" lon="-73.58554"><ele>67</ele></trkpt><trkpt lat="45.51793" lon="-73.58525"><ele>68</ele></trkpt><trkpt lat="45.51791" lon="-73.58522"><ele>68</ele></trkpt><trkpt lat="45.51789" lon="-73.58516"><ele>68</ele></trkpt><trkpt lat="45.51787" lon="-73.58512"><ele>68</ele></trkpt><trkpt lat="45.51706" lon="-73.58333"><ele>68</ele></trkpt><trkpt lat="45.51702" lon="-73.58324"><ele>68</ele></trkpt><trkpt lat="45.51688" lon="-73.58293"><ele>68</ele></trkpt><trkpt lat="45.51687" lon="-73.58290"><ele>68</ele></trkpt><trkpt lat="45.51685" lon="-73.58286"><ele>68</ele></trkpt><trkpt lat="45.51683" lon="-73.58281"><ele>67</ele></trkpt><trkpt lat="45.51679" lon="-73.58275"><ele>67</ele></trkpt><trkpt lat="45.51660" lon="-73.58233"><ele>67</ele></trkpt><trkpt lat="45.51602" lon="-73.58106"><ele>66</ele></trkpt><trkpt lat="45.51581" lon="-73.58059"><ele>65</ele></trkpt><trkpt lat="45.51579" lon="-73.58055"><ele>64</ele></trkpt><trkpt lat="45.51577" lon="-73.58050"><ele>64</ele></trkpt><trkpt lat="45.51574" lon="-73.58043"><ele>63</ele></trkpt><trkpt lat="45.51531" lon="-73.57948"><ele>62</ele></trkpt><trkpt lat="45.51530" lon="-73.57946"><ele>61</ele></trkpt><trkpt lat="45.51527" lon="-73.57940"><ele>61</ele></trkpt><trkpt lat="45.51526" lon="-73.57938"><ele>60</ele></trkpt><trkpt lat="45.51513" lon="-73.57909"><ele>60</ele></trkpt><trkpt lat="45.51503" lon="-73.57885"><ele>59</ele></trkpt><trkpt lat="45.51483" lon="-73.57842"><ele>58</ele></trkpt><trkpt lat="45.51480" lon="-73.57836"><ele>58</ele></trkpt><trkpt lat="45.51477" lon="-73.57829"><ele>57</ele></trkpt><trkpt lat="45.51473" lon="-73.57820"><ele>57</ele></trkpt><trkpt lat="45.51466" lon="-73.57806"><ele>56</ele></trkpt><trkpt lat="45.51459" lon="-73.57790"><ele>56</ele></trkpt><trkpt lat="45.51445" lon="-73.57760"><ele>56</ele></trkpt><trkpt lat="45.51422" lon="-73.57706"><ele>55</ele></trkpt><trkpt lat="45.51386" lon="-73.57627"><ele>54</ele></trkpt><trkpt lat="45.51385" lon="-73.57624"><ele>53</ele></trkpt><trkpt lat="45.51384" lon="-73.57621"><ele>52</ele></trkpt><trkpt lat="45.51381" lon="-73.57615"><ele>51</ele></trkpt><trkpt lat="45.51374" lon="-73.57621"><ele>51</ele></trkpt><trkpt lat="45.51372" lon="-73.57623"><ele>51</ele></trkpt><trkpt lat="45.51360" lon="-73.57634"><ele>51</ele></trkpt><trkpt lat="45.51324" lon="-73.57666"><ele>51</ele></trkpt><trkpt lat="45.51293" lon="-73.57695"><ele>52</ele></trkpt><trkpt lat="45.51287" lon="-73.57699"><ele>52</ele></trkpt><trkpt lat="45.51281" lon="-73.57705"><ele>52</ele></trkpt><trkpt lat="45.51274" lon="-73.57711"><ele>52</ele></trkpt><trkpt lat="45.51274" lon="-73.57711"><ele>52</ele></trkpt><trkpt lat="45.51214" lon="-73.57765"><ele>53</ele></trkpt><trkpt lat="45.51203" lon="-73.57775"><ele>53</ele></trkpt><trkpt lat="45.51189" lon="-73.57788"><ele>53</ele></trkpt><trkpt lat="45.51174" lon="-73.57801"><ele>53</ele></trkpt><trkpt lat="45.51168" lon="-73.57807"><ele>54</ele></trkpt><trkpt lat="45.51156" lon="-73.57819"><ele>54</ele></trkpt><trkpt lat="45.51159" lon="-73.57827"><ele>54</ele></trkpt><trkpt lat="45.51161" lon="-73.57830"><ele>54</ele></trkpt><trkpt lat="45.51163" lon="-73.57834"><ele>54</ele></trkpt><trkpt lat="45.51176" lon="-73.57863"><ele>54</ele></trkpt><trkpt lat="45.51195" lon="-73.57904"><ele>54</ele></trkpt><trkpt lat="45.51200" lon="-73.57914"><ele>54</ele></trkpt><trkpt lat="45.51202" lon="-73.57919"><ele>54</ele></trkpt><trkpt lat="45.51208" lon="-73.57931"><ele>54</ele></trkpt><trkpt lat="45.51218" lon="-73.57954"><ele>54</ele></trkpt><trkpt lat="45.51253" lon="-73.58029"><ele>56</ele></trkpt><trkpt lat="45.51340" lon="-73.58219"><ele>61</ele></trkpt><trkpt lat="45.51344" lon="-73.58227"><ele>64</ele></trkpt><trkpt lat="45.51348" lon="-73.58235"><ele>66</ele></trkpt><trkpt lat="45.51464" lon="-73.58483"><ele>69</ele></trkpt><trkpt lat="45.51466" lon="-73.58487"><ele>71</ele></trkpt><trkpt lat="45.51467" lon="-73.58488"><ele>73</ele></trkpt><trkpt lat="45.51467" lon="-73.58488"><ele>74</ele></trkpt><trkpt lat="45.51469" lon="-73.58494"><ele>74</ele></trkpt><trkpt lat="45.51483" lon="-73.58524"><ele>75</ele></trkpt><trkpt lat="45.51612" lon="-73.58803"><ele>75</ele></trkpt><trkpt lat="45.51614" lon="-73.58815"><ele>76</ele></trkpt><trkpt lat="45.51614" lon="-73.58823"><ele>76</ele></trkpt><trkpt lat="45.51613" lon="-73.58830"><ele>77</ele></trkpt><trkpt lat="45.51612" lon="-73.58835"><ele>77</ele></trkpt><trkpt lat="45.51610" lon="-73.58839"><ele>77</ele></trkpt><trkpt lat="45.51605" lon="-73.58859"><ele>78</ele></trkpt><trkpt lat="45.51590" lon="-73.58906"><ele>79</ele></trkpt><trkpt lat="45.51576" lon="-73.58954"><ele>81</ele></trkpt><trkpt lat="45.51573" lon="-73.58964"><ele>82</ele></trkpt><trkpt lat="45.51573" lon="-73.58974"><ele>83</ele></trkpt><trkpt lat="45.51570" lon="-73.58993"><ele>83</ele></trkpt><trkpt lat="45.51570" lon="-73.59006"><ele>84</ele></trkpt><trkpt lat="45.51572" lon="-73.59015"><ele>85</ele></trkpt><trkpt lat="45.51573" lon="-73.59019"><ele>85</ele></trkpt><trkpt lat="45.51579" lon="-73.59027"><ele>86</ele></trkpt><trkpt lat="45.51570" lon="-73.59031"><ele>86</ele></trkpt><trkpt lat="45.51568" lon="-73.59033"><ele>87</ele></trkpt><trkpt lat="45.51558" lon="-73.59039"><ele>87</ele></trkpt><trkpt lat="45.51523" lon="-73.59067"><ele>88</ele></trkpt><trkpt lat="45.51507" lon="-73.59069"><ele>89</ele></trkpt><trkpt lat="45.51504" lon="-73.59069"><ele>90</ele></trkpt><trkpt lat="45.51499" lon="-73.59070"><ele>91</ele></trkpt><trkpt lat="45.51494" lon="-73.59069"><ele>91</ele></trkpt><trkpt lat="45.51489" lon="-73.59069"><ele>92</ele></trkpt><trkpt lat="45.51484" lon="-73.59067"><ele>92</ele></trkpt><trkpt lat="45.51480" lon="-73.59064"><ele>92</ele></trkpt><trkpt lat="45.51473" lon="-73.59060"><ele>93</ele></trkpt><trkpt lat="45.51465" lon="-73.59052"><ele>93</ele></trkpt><trkpt lat="45.51456" lon="-73.59041"><ele>94</ele></trkpt><trkpt lat="45.51442" lon="-73.59023"><ele>94</ele></trkpt><trkpt lat="45.51397" lon="-73.58953"><ele>96</ele></trkpt><trkpt lat="45.51387" lon="-73.58939"><ele>98</ele></trkpt><trkpt lat="45.51378" lon="-73.58925"><ele>99</ele></trkpt><trkpt lat="45.51373" lon="-73.58918"><ele>100</ele></trkpt><trkpt lat="45.51368" lon="-73.58914"><ele>101</ele></trkpt><trkpt lat="45.51364" lon="-73.58911"><ele>102</ele></trkpt><trkpt lat="45.51360" lon="-73.58908"><ele>102</ele></trkpt><trkpt lat="45.51355" lon="-73.58905"><ele>103</ele></trkpt><trkpt lat="45.51351" lon="-73.58904"><ele>103</ele></trkpt><trkpt lat="45.51346" lon="-73.58903"><ele>104</ele></trkpt><trkpt lat="45.51342" lon="-73.58903"><ele>104</ele></trkpt><trkpt lat="45.51336" lon="-73.58903"><ele>105</ele></trkpt><trkpt lat="45.51331" lon="-73.58905"><ele>105</ele></trkpt><trkpt lat="45.51326" lon="-73.58907"><ele>106</ele></trkpt><trkpt lat="45.51322" lon="-73.58909"><ele>106</ele></trkpt><trkpt lat="45.51319" lon="-73.58911"><ele>107</ele></trkpt><trkpt lat="45.51316" lon="-73.58913"><ele>107</ele></trkpt><trkpt lat="45.51314" lon="-73.58915"><ele>107</ele></trkpt><trkpt lat="45.51311" lon="-73.58918"><ele>107</ele></trkpt><trkpt lat="45.51309" lon="-73.58921"><ele>108</ele></trkpt><trkpt lat="45.51305" lon="-73.58926"><ele>108</ele></trkpt><trkpt lat="45.51303" lon="-73.58931"><ele>108</ele></trkpt><trkpt lat="45.51300" lon="-73.58937"><ele>109</ele></trkpt><trkpt lat="45.51298" lon="-73.58943"><ele>109</ele></trkpt><trkpt lat="45.51296" lon="-73.58950"><ele>110</ele></trkpt><trkpt lat="45.51295" lon="-73.58954"><ele>110</ele></trkpt><trkpt lat="45.51294" lon="-73.58959"><ele>110</ele></trkpt><trkpt lat="45.51294" lon="-73.58963"><ele>111</ele></trkpt><trkpt lat="45.51293" lon="-73.58967"><ele>111</ele></trkpt><trkpt lat="45.51293" lon="-73.58971"><ele>111</ele></trkpt><trkpt lat="45.51293" lon="-73.58976"><ele>111</ele></trkpt><trkpt lat="45.51294" lon="-73.58980"><ele>112</ele></trkpt><trkpt lat="45.51294" lon="-73.58985"><ele>112</ele></trkpt><trkpt lat="45.51295" lon="-73.58989"><ele>112</ele></trkpt><trkpt lat="45.51296" lon="-73.58996"><ele>113</ele></trkpt><trkpt lat="45.51307" lon="-73.59050"><ele>114</ele></trkpt><trkpt lat="45.51313" lon="-73.59080"><ele>115</ele></trkpt><trkpt lat="45.51327" lon="-73.59163"><ele>118</ele></trkpt><trkpt lat="45.51327" lon="-73.59163"><ele>120</ele></trkpt><trkpt lat="45.51327" lon="-73.59163"><ele>121</ele></trkpt><trkpt lat="45.51336" lon="-73.59220"><ele>123</ele></trkpt><trkpt lat="45.51339" lon="-73.59237"><ele>124</ele></trkpt><trkpt lat="45.51343" lon="-73.59260"><ele>126</ele></trkpt><trkpt lat="45.51344" lon="-73.59267"><ele>127</ele></trkpt><trkpt lat="45.51344" lon="-73.59273"><ele>128</ele></trkpt><trkpt lat="45.51345" lon="-73.59279"><ele>128</ele></trkpt><trkpt lat="45.51345" lon="-73.59288"><ele>129</ele></trkpt><trkpt lat="45.51346" lon="-73.59309"><ele>130</ele></trkpt><trkpt lat="45.51346" lon="-73.59324"><ele>131</ele></trkpt><trkpt lat="45.51345" lon="-73.59339"><ele>131</ele></trkpt><trkpt lat="45.51344" lon="-73.59349"><ele>132</ele></trkpt><trkpt lat="45.51344" lon="-73.59359"><ele>133</ele></trkpt><trkpt lat="45.51342" lon="-73.59371"><ele>133</ele></trkpt><trkpt lat="45.51340" lon="-73.59385"><ele>134</ele></trkpt><trkpt lat="45.51338" lon="-73.59400"><ele>135</ele></trkpt><trkpt lat="45.51335" lon="-73.59414"><ele>135</ele></trkpt><trkpt lat="45.51333" lon="-73.59423"><ele>136</ele></trkpt><trkpt lat="45.51331" lon="-73.59432"><ele>137</ele></trkpt><trkpt lat="45.51328" lon="-73.59441"><ele>137</ele></trkpt><trkpt lat="45.51326" lon="-73.59447"><ele>138</ele></trkpt><trkpt lat="45.51323" lon="-73.59458"><ele>138</ele></trkpt><trkpt lat="45.51319" lon="-73.59469"><ele>139</ele></trkpt><trkpt lat="45.51314" lon="-73.59479"><ele>139</ele></trkpt><trkpt lat="45.51308" lon="-73.59494"><ele>140</ele></trkpt><trkpt lat="45.51303" lon="-73.59506"><ele>140</ele></trkpt><trkpt lat="45.51295" lon="-73.59524"><ele>141</ele></trkpt><trkpt lat="45.51285" lon="-73.59543"><ele>142</ele></trkpt><trkpt lat="45.51281" lon="-73.59552"><ele>143</ele></trkpt><trkpt lat="45.51273" lon="-73.59569"><ele>144</ele></trkpt><trkpt lat="45.51272" lon="-73.59571"><ele>145</ele></trkpt><trkpt lat="45.51263" lon="-73.59591"><ele>146</ele></trkpt><trkpt lat="45.51255" lon="-73.59608"><ele>147</ele></trkpt><trkpt lat="45.51244" lon="-73.59631"><ele>148</ele></trkpt><trkpt lat="45.51239" lon="-73.59640"><ele>150</ele></trkpt><trkpt lat="45.51235" lon="-73.59647"><ele>151</ele></trkpt><trkpt lat="45.51230" lon="-73.59654"><ele>151</ele></trkpt><trkpt lat="45.51223" lon="-73.59660"><ele>152</ele></trkpt><trkpt lat="45.51214" lon="-73.59665"><ele>153</ele></trkpt><trkpt lat="45.51211" lon="-73.59666"><ele>154</ele></trkpt><trkpt lat="45.51205" lon="-73.59667"><ele>155</ele></trkpt><trkpt lat="45.51202" lon="-73.59667"><ele>155</ele></trkpt><trkpt lat="45.51196" lon="-73.59667"><ele>156</ele></trkpt><trkpt lat="45.51190" lon="-73.59665"><ele>156</ele></trkpt><trkpt lat="45.51184" lon="-73.59663"><ele>157</ele></trkpt><trkpt lat="45.51179" lon="-73.59661"><ele>157</ele></trkpt><trkpt lat="45.51174" lon="-73.59656"><ele>158</ele></trkpt><trkpt lat="45.51166" lon="-73.59647"><ele>159</ele></trkpt><trkpt lat="45.51162" lon="-73.59641"><ele>159</ele></trkpt><trkpt lat="45.51158" lon="-73.59634"><ele>160</ele></trkpt><trkpt lat="45.51155" lon="-73.59626"><ele>161</ele></trkpt><trkpt lat="45.51147" lon="-73.59609"><ele>162</ele></trkpt><trkpt lat="45.51141" lon="-73.59591"><ele>163</ele></trkpt><trkpt lat="45.51134" lon="-73.59574"><ele>163</ele></trkpt><trkpt lat="45.51130" lon="-73.59560"><ele>164</ele></trkpt><trkpt lat="45.51127" lon="-73.59551"><ele>165</ele></trkpt><trkpt lat="45.51124" lon="-73.59541"><ele>165</ele></trkpt><trkpt lat="45.51121" lon="-73.59531"><ele>166</ele></trkpt><trkpt lat="45.51119" lon="-73.59521"><ele>166</ele></trkpt><trkpt lat="45.51117" lon="-73.59511"><ele>167</ele></trkpt><trkpt lat="45.51115" lon="-73.59501"><ele>167</ele></trkpt><trkpt lat="45.51114" lon="-73.59492"><ele>168</ele></trkpt><trkpt lat="45.51113" lon="-73.59479"><ele>168</ele></trkpt><trkpt lat="45.51112" lon="-73.59468"><ele>169</ele></trkpt><trkpt lat="45.51110" lon="-73.59451"><ele>169</ele></trkpt><trkpt lat="45.51107" lon="-73.59433"><ele>170</ele></trkpt><trkpt lat="45.51105" lon="-73.59419"><ele>170</ele></trkpt><trkpt lat="45.51102" lon="-73.59407"><ele>171</ele></trkpt><trkpt lat="45.51098" lon="-73.59397"><ele>171</ele></trkpt><trkpt lat="45.51095" lon="-73.59388"><ele>172</ele></trkpt><trkpt lat="45.51079" lon="-73.59358"><ele>173</ele></trkpt><trkpt lat="45.51077" lon="-73.59352"><ele>174</ele></trkpt><trkpt lat="45.51071" lon="-73.59339"><ele>175</ele></trkpt><trkpt lat="45.51063" lon="-73.59325"><ele>176</ele></trkpt><trkpt lat="45.51053" lon="-73.59306"><ele>178</ele></trkpt><trkpt lat="45.51050" lon="-73.59303"><ele>179</ele></trkpt><trkpt lat="45.51018" lon="-73.59242"><ele>183</ele></trkpt><trkpt lat="45.51003" lon="-73.59212"><ele>187</ele></trkpt><trkpt lat="45.50992" lon="-73.59188"><ele>191</ele></trkpt><trkpt lat="45.50986" lon="-73.59175"><ele>194</ele></trkpt><trkpt lat="45.50982" lon="-73.59167"><ele>196</ele></trkpt><trkpt lat="45.50973" lon="-73.59150"><ele>199</ele></trkpt><trkpt lat="45.50969" lon="-73.59142"><ele>200</ele></trkpt><trkpt lat="45.50964" lon="-73.59136"><ele>202</ele></trkpt><trkpt lat="45.50961" lon="-73.59131"><ele>203</ele></trkpt><trkpt lat="45.50956" lon="-73.59126"><ele>203</ele></trkpt><trkpt lat="45.50951" lon="-73.59122"><ele>204</ele></trkpt><trkpt lat="45.50946" lon="-73.59118"><ele>204</ele></trkpt><trkpt lat="45.50939" lon="-73.59114"><ele>205</ele></trkpt><trkpt lat="45.50932" lon="-73.59112"><ele>205</ele></trkpt><trkpt lat="45.50923" lon="-73.59110"><ele>205</ele></trkpt><trkpt lat="45.50915" lon="-73.59108"><ele>206</ele></trkpt><trkpt lat="45.50905" lon="-73.59107"><ele>206</ele></trkpt><trkpt lat="45.50894" lon="-73.59106"><ele>207</ele></trkpt><trkpt lat="45.50887" lon="-73.59105"><ele>207</ele></trkpt><trkpt lat="45.50879" lon="-73.59105"><ele>208</ele></trkpt><trkpt lat="45.50871" lon="-73.59105"><ele>208</ele></trkpt><trkpt lat="45.50863" lon="-73.59106"><ele>208</ele></trkpt><trkpt lat="45.50852" lon="-73.59107"><ele>209</ele></trkpt><trkpt lat="45.50840" lon="-73.59110"><ele>209</ele></trkpt><trkpt lat="45.50826" lon="-73.59116"><ele>210</ele></trkpt><trkpt lat="45.50821" lon="-73.59118"><ele>210</ele></trkpt><trkpt lat="45.50820" lon="-73.59118"><ele>211</ele></trkpt><trkpt lat="45.50813" lon="-73.59121"><ele>211</ele></trkpt><trkpt lat="45.50806" lon="-73.59125"><ele>211</ele></trkpt><trkpt lat="45.50795" lon="-73.59131"><ele>212</ele></trkpt><trkpt lat="45.50781" lon="-73.59142"><ele>212</ele></trkpt><trkpt lat="45.50773" lon="-73.59148"><ele>212</ele></trkpt><trkpt lat="45.50750" lon="-73.59168"><ele>211</ele></trkpt><trkpt lat="45.50746" lon="-73.59172"><ele>211</ele></trkpt><trkpt lat="45.50636" lon="-73.59274"><ele>208</ele></trkpt><trkpt lat="45.50625" lon="-73.59284"><ele>206</ele></trkpt><trkpt lat="45.50618" lon="-73.59291"><ele>205</ele></trkpt><trkpt lat="45.50605" lon="-73.59301"><ele>204</ele></trkpt><trkpt lat="45.50597" lon="-73.59306"><ele>203</ele></trkpt><trkpt lat="45.50588" lon="-73.59311"><ele>202</ele></trkpt><trkpt lat="45.50577" lon="-73.59318"><ele>201</ele></trkpt><trkpt lat="45.50570" lon="-73.59322"><ele>201</ele></trkpt><trkpt lat="45.50564" lon="-73.59326"><ele>200</ele></trkpt><trkpt lat="45.50558" lon="-73.59329"><ele>200</ele></trkpt><trkpt lat="45.50547" lon="-73.59333"><ele>199</ele></trkpt><trkpt lat="45.50539" lon="-73.59336"><ele>199</ele></trkpt><trkpt lat="45.50533" lon="-73.59338"><ele>198</ele></trkpt><trkpt lat="45.50524" lon="-73.59341"><ele>198</ele></trkpt><trkpt lat="45.50517" lon="-73.59343"><ele>197</ele></trkpt><trkpt lat="45.50505" lon="-73.59346"><ele>197</ele></trkpt><trkpt lat="45.50494" lon="-73.59348"><ele>196</ele></trkpt><trkpt lat="45.50482" lon="-73.59349"><ele>196</ele></trkpt><trkpt lat="45.50471" lon="-73.59350"><ele>195</ele></trkpt><trkpt lat="45.50448" lon="-73.59351"><ele>194</ele></trkpt><trkpt lat="45.50438" lon="-73.59352"><ele>193</ele></trkpt><trkpt lat="45.50430" lon="-73.59353"><ele>193</ele></trkpt><trkpt lat="45.50423" lon="-73.59355"><ele>192</ele></trkpt><trkpt lat="45.50415" lon="-73.59357"><ele>192</ele></trkpt><trkpt lat="45.50401" lon="-73.59362"><ele>191</ele></trkpt><trkpt lat="45.50400" lon="-73.59363"><ele>191</ele></trkpt><trkpt lat="45.50394" lon="-73.59365"><ele>190</ele></trkpt><trkpt lat="45.50386" lon="-73.59369"><ele>190</ele></trkpt><trkpt lat="45.50382" lon="-73.59371"><ele>190</ele></trkpt><trkpt lat="45.50378" lon="-73.59373"><ele>189</ele></trkpt><trkpt lat="45.50375" lon="-73.59374"><ele>189</ele></trkpt><trkpt lat="45.50370" lon="-73.59378"><ele>189</ele></trkpt><trkpt lat="45.50363" lon="-73.59386"><ele>189</ele></trkpt><trkpt lat="45.50359" lon="-73.59389"><ele>188</ele></trkpt><trkpt lat="45.50353" lon="-73.59393"><ele>188</ele></trkpt><trkpt lat="45.50344" lon="-73.59401"><ele>188</ele></trkpt><trkpt lat="45.50335" lon="-73.59409"><ele>187</ele></trkpt><trkpt lat="45.50329" lon="-73.59415"><ele>187</ele></trkpt><trkpt lat="45.50324" lon="-73.59419"><ele>186</ele></trkpt><trkpt lat="45.50321" lon="-73.59424"><ele>186</ele></trkpt><trkpt lat="45.50313" lon="-73.59434"><ele>186</ele></trkpt><trkpt lat="45.50296" lon="-73.59454"><ele>185</ele></trkpt><trkpt lat="45.50281" lon="-73.59479"><ele>184</ele></trkpt><trkpt lat="45.50269" lon="-73.59503"><ele>183</ele></trkpt><trkpt lat="45.50261" lon="-73.59525"><ele>183</ele></trkpt><trkpt lat="45.50256" lon="-73.59535"><ele>183</ele></trkpt><trkpt lat="45.50252" lon="-73.59549"><ele>182</ele></trkpt><trkpt lat="45.50246" lon="-73.59570"><ele>182</ele></trkpt><trkpt lat="45.50234" lon="-73.59609"><ele>182</ele></trkpt><trkpt lat="45.50232" lon="-73.59615"><ele>181</ele></trkpt><trkpt lat="45.50231" lon="-73.59617"><ele>181</ele></trkpt><trkpt lat="45.50226" lon="-73.59632"><ele>181</ele></trkpt><trkpt lat="45.50221" lon="-73.59647"><ele>181</ele></trkpt><trkpt lat="45.50203" lon="-73.59695"><ele>181</ele></trkpt><trkpt lat="45.50187" lon="-73.59730"><ele>180</ele></trkpt><trkpt lat="45.50164" lon="-73.59775"><ele>179</ele></trkpt><trkpt lat="45.50155" lon="-73.59791"><ele>178</ele></trkpt><trkpt lat="45.50145" lon="-73.59808"><ele>178</ele></trkpt><trkpt lat="45.50143" lon="-73.59811"><ele>177</ele></trkpt><trkpt lat="45.50143" lon="-73.59811"><ele>177</ele></trkpt><trkpt lat="45.50140" lon="-73.59815"><ele>176</ele></trkpt><trkpt lat="45.50126" lon="-73.59837"><ele>176</ele></trkpt><trkpt lat="45.50106" lon="-73.59865"><ele>175</ele></trkpt><trkpt lat="45.50048" lon="-73.59937"><ele>173</ele></trkpt><trkpt lat="45.50034" lon="-73.59954"><ele>172</ele></trkpt><trkpt lat="45.50020" lon="-73.59971"><ele>171</ele></trkpt><trkpt lat="45.49956" lon="-73.60044"><ele>169</ele></trkpt><trkpt lat="45.49952" lon="-73.60048"><ele>167</ele></trkpt><trkpt lat="45.49927" lon="-73.60078"><ele>166</ele></trkpt><trkpt lat="45.49880" lon="-73.60128"><ele>165</ele></trkpt><trkpt lat="45.49853" lon="-73.60159"><ele>163</ele></trkpt><trkpt lat="45.49848" lon="-73.60165"><ele>162</ele></trkpt><trkpt lat="45.49837" lon="-73.60177"><ele>161</ele></trkpt><trkpt lat="45.49781" lon="-73.60238"><ele>158</ele></trkpt><trkpt lat="45.49563" lon="-73.60460"><ele>152</ele></trkpt><trkpt lat="45.49541" lon="-73.60483"><ele>147</ele></trkpt><trkpt lat="45.49535" lon="-73.60489"><ele>143</ele></trkpt><trkpt lat="45.49528" lon="-73.60495"><ele>141</ele></trkpt><trkpt lat="45.49522" lon="-73.60501"><ele>139</ele></trkpt><trkpt lat="45.49520" lon="-73.60504"><ele>138</ele></trkpt><trkpt lat="45.49516" lon="-73.60507"><ele>137</ele></trkpt><trkpt lat="45.49510" lon="-73.60513"><ele>136</ele></trkpt><trkpt lat="45.49512" lon="-73.60524"><ele>136</ele></trkpt><trkpt lat="45.49517" lon="-73.60551"><ele>135</ele></trkpt><trkpt lat="45.49520" lon="-73.60566"><ele>134</ele></trkpt><trkpt lat="45.49525" lon="-73.60586"><ele>134</ele></trkpt><trkpt lat="45.49529" lon="-73.60605"><ele>134</ele></trkpt><trkpt lat="45.49532" lon="-73.60618"><ele>133</ele></trkpt><trkpt lat="45.49534" lon="-73.60628"><ele>133</ele></trkpt><trkpt lat="45.49536" lon="-73.60635"><ele>133</ele></trkpt><trkpt lat="45.49540" lon="-73.60653"><ele>133</ele></trkpt><trkpt lat="45.49542" lon="-73.60658"><ele>133</ele></trkpt><trkpt lat="45.49547" lon="-73.60677"><ele>133</ele></trkpt><trkpt lat="45.49550" lon="-73.60688"><ele>133</ele></trkpt><trkpt lat="45.49556" lon="-73.60713"><ele>133</ele></trkpt><trkpt lat="45.49557" lon="-73.60716"><ele>134</ele></trkpt><trkpt lat="45.49560" lon="-73.60728"><ele>134</ele></trkpt><trkpt lat="45.49571" lon="-73.60764"><ele>134</ele></trkpt><trkpt lat="45.49576" lon="-73.60785"><ele>135</ele></trkpt><trkpt lat="45.49582" lon="-73.60805"><ele>135</ele></trkpt><trkpt lat="45.49586" lon="-73.60819"><ele>136</ele></trkpt><trkpt lat="45.49588" lon="-73.60827"><ele>136</ele></trkpt><trkpt lat="45.49590" lon="-73.60834"><ele>136</ele></trkpt><trkpt lat="45.49594" lon="-73.60848"><ele>136</ele></trkpt><trkpt lat="45.49596" lon="-73.60857"><ele>136</ele></trkpt><trkpt lat="45.49596" lon="-73.60860"><ele>136</ele></trkpt><trkpt lat="45.49597" lon="-73.60864"><ele>136</ele></trkpt><trkpt lat="45.49598" lon="-73.60868"><ele>136</ele></trkpt><trkpt lat="45.49598" lon="-73.60872"><ele>136</ele></trkpt><trkpt lat="45.49599" lon="-73.60880"><ele>135</ele></trkpt><trkpt lat="45.49600" lon="-73.60888"><ele>135</ele></trkpt><trkpt lat="45.49600" lon="-73.60895"><ele>135</ele></trkpt><trkpt lat="45.49600" lon="-73.60903"><ele>135</ele></trkpt><trkpt lat="45.49600" lon="-73.60910"><ele>135</ele></trkpt><trkpt lat="45.49600" lon="-73.60919"><ele>135</ele></trkpt><trkpt lat="45.49599" lon="-73.60928"><ele>135</ele></trkpt><trkpt lat="45.49599" lon="-73.60937"><ele>135</ele></trkpt><trkpt lat="45.49598" lon="-73.60944"><ele>135</ele></trkpt><trkpt lat="45.49598" lon="-73.60950"><ele>134</ele></trkpt><trkpt lat="45.49598" lon="-73.60957"><ele>134</ele></trkpt><trkpt lat="45.49597" lon="-73.60963"><ele>134</ele></trkpt><trkpt lat="45.49596" lon="-73.60970"><ele>134</ele></trkpt><trkpt lat="45.49595" lon="-73.60979"><ele>134</ele></trkpt><trkpt lat="45.49595" lon="-73.60985"><ele>134</ele></trkpt><trkpt lat="45.49594" lon="-73.60992"><ele>133</ele></trkpt><trkpt lat="45.49593" lon="-73.61000"><ele>133</ele></trkpt><trkpt lat="45.49591" lon="-73.61009"><ele>133</ele></trkpt><trkpt lat="45.49590" lon="-73.61020"><ele>133</ele></trkpt><trkpt lat="45.49589" lon="-73.61024"><ele>132</ele></trkpt><trkpt lat="45.49587" lon="-73.61036"><ele>132</ele></trkpt><trkpt lat="45.49585" lon="-73.61045"><ele>132</ele></trkpt><trkpt lat="45.49579" lon="-73.61079"><ele>131</ele></trkpt><trkpt lat="45.49575" lon="-73.61105"><ele>131</ele></trkpt><trkpt lat="45.49575" lon="-73.61105"><ele>131</ele></trkpt><trkpt lat="45.49573" lon="-73.61115"><ele>130</ele></trkpt><trkpt lat="45.49563" lon="-73.61171"><ele>130</ele></trkpt><trkpt lat="45.49558" lon="-73.61198"><ele>129</ele></trkpt><trkpt lat="45.49556" lon="-73.61209"><ele>129</ele></trkpt><trkpt lat="45.49555" lon="-73.61216"><ele>129</ele></trkpt><trkpt lat="45.49554" lon="-73.61225"><ele>128</ele></trkpt><trkpt lat="45.49552" lon="-73.61234"><ele>128</ele></trkpt><trkpt lat="45.49551" lon="-73.61241"><ele>127</ele></trkpt><trkpt lat="45.49550" lon="-73.61250"><ele>127</ele></trkpt><trkpt lat="45.49549" lon="-73.61258"><ele>126</ele></trkpt><trkpt lat="45.49549" lon="-73.61267"><ele>126</ele></trkpt><trkpt lat="45.49548" lon="-73.61276"><ele>126</ele></trkpt><trkpt lat="45.49548" lon="-73.61285"><ele>125</ele></trkpt><trkpt lat="45.49547" lon="-73.61294"><ele>125</ele></trkpt><trkpt lat="45.49546" lon="-73.61351"><ele>124</ele></trkpt><trkpt lat="45.49545" lon="-73.61388"><ele>123</ele></trkpt><trkpt lat="45.49545" lon="-73.61401"><ele>123</ele></trkpt><trkpt lat="45.49545" lon="-73.61414"><ele>122</ele></trkpt><trkpt lat="45.49545" lon="-73.61427"><ele>122</ele></trkpt><trkpt lat="45.49545" lon="-73.61456"><ele>122</ele></trkpt><trkpt lat="45.49546" lon="-73.61495"><ele>122</ele></trkpt><trkpt lat="45.49546" lon="-73.61508"><ele>121</ele></trkpt><trkpt lat="45.49546" lon="-73.61552"><ele>121</ele></trkpt><trkpt lat="45.49546" lon="-73.61559"><ele>121</ele></trkpt><trkpt lat="45.49546" lon="-73.61566"><ele>121</ele></trkpt><trkpt lat="45.49546" lon="-73.61572"><ele>120</ele></trkpt><trkpt lat="45.49546" lon="-73.61580"><ele>120</ele></trkpt><trkpt lat="45.49545" lon="-73.61593"><ele>120</ele></trkpt><trkpt lat="45.49544" lon="-73.61603"><ele>120</ele></trkpt><trkpt lat="45.49542" lon="-73.61613"><ele>120</ele></trkpt><trkpt lat="45.49541" lon="-73.61623"><ele>120</ele></trkpt><trkpt lat="45.49540" lon="-73.61633"><ele>119</ele></trkpt><trkpt lat="45.49539" lon="-73.61641"><ele>119</ele></trkpt><trkpt lat="45.49537" lon="-73.61649"><ele>119</ele></trkpt><trkpt lat="45.49535" lon="-73.61658"><ele>119</ele></trkpt><trkpt lat="45.49531" lon="-73.61680"><ele>119</ele></trkpt><trkpt lat="45.49527" lon="-73.61695"><ele>119</ele></trkpt><trkpt lat="45.49519" lon="-73.61734"><ele>118</ele></trkpt><trkpt lat="45.49518" lon="-73.61741"><ele>118</ele></trkpt><trkpt lat="45.49521" lon="-73.61748"><ele>118</ele></trkpt><trkpt lat="45.49524" lon="-73.61753"><ele>117</ele></trkpt><trkpt lat="45.49528" lon="-73.61763"><ele>117</ele></trkpt><trkpt lat="45.49530" lon="-73.61767"><ele>117</ele></trkpt><trkpt lat="45.49541" lon="-73.61792"><ele>117</ele></trkpt><trkpt lat="45.49544" lon="-73.61800"><ele>116</ele></trkpt><trkpt lat="45.49548" lon="-73.61808"><ele>116</ele></trkpt><trkpt lat="45.49558" lon="-73.61829"><ele>116</ele></trkpt><trkpt lat="45.49559" lon="-73.61832"><ele>116</ele></trkpt><trkpt lat="45.49563" lon="-73.61840"><ele>115</ele></trkpt><trkpt lat="45.49568" lon="-73.61853"><ele>115</ele></trkpt><trkpt lat="45.49572" lon="-73.61863"><ele>115</ele></trkpt><trkpt lat="45.49591" lon="-73.61905"><ele>114</ele></trkpt><trkpt lat="45.49608" lon="-73.61942"><ele>113</ele></trkpt><trkpt lat="45.49612" lon="-73.61950"><ele>113</ele></trkpt><trkpt lat="45.49615" lon="-73.61956"><ele>112</ele></trkpt><trkpt lat="45.49677" lon="-73.62095"><ele>111</ele></trkpt><trkpt lat="45.49679" lon="-73.62098"><ele>110</ele></trkpt><trkpt lat="45.49683" lon="-73.62108"><ele>110</ele></trkpt><trkpt lat="45.49687" lon="-73.62117"><ele>110</ele></trkpt><trkpt lat="45.49713" lon="-73.62175"><ele>110</ele></trkpt><trkpt lat="45.49719" lon="-73.62187"><ele>110</ele></trkpt><trkpt lat="45.49721" lon="-73.62193"><ele>110</ele></trkpt><trkpt lat="45.49726" lon="-73.62189"><ele>111</ele></trkpt><trkpt lat="45.49746" lon="-73.62170"><ele>111</ele></trkpt><trkpt lat="45.49750" lon="-73.62166"><ele>111</ele></trkpt><trkpt lat="45.49753" lon="-73.62163"><ele>111</ele></trkpt><trkpt lat="45.49764" lon="-73.62155"><ele>111</ele></trkpt><trkpt lat="45.49777" lon="-73.62142"><ele>112</ele></trkpt><trkpt lat="45.49777" lon="-73.62142"><ele>112</ele></trkpt><trkpt lat="45.49831" lon="-73.62093"><ele>112</ele></trkpt><trkpt lat="45.49837" lon="-73.62088"><ele>113</ele></trkpt><trkpt lat="45.49830" lon="-73.62075"><ele>113</ele></trkpt><trkpt lat="45.49814" lon="-73.62047"><ele>113</ele></trkpt><trkpt lat="45.49814" lon="-73.62047"><ele>113</ele></trkpt><trkpt lat="45.49795" lon="-73.62014"><ele>113</ele></trkpt><trkpt lat="45.49786" lon="-73.61997"><ele>113</ele></trkpt><trkpt lat="45.49784" lon="-73.61995"><ele>114</ele></trkpt><trkpt lat="45.49780" lon="-73.61986"><ele>114</ele></trkpt><trkpt lat="45.49777" lon="-73.61979"><ele>114</ele></trkpt><trkpt lat="45.49775" lon="-73.61975"><ele>114</ele></trkpt><trkpt lat="45.49753" lon="-73.61933"><ele>114</ele></trkpt><trkpt lat="45.49718" lon="-73.61862"><ele>115</ele></trkpt><trkpt lat="45.49717" lon="-73.61859"><ele>115</ele></trkpt><trkpt lat="45.49713" lon="-73.61852"><ele>115</ele></trkpt><trkpt lat="45.49710" lon="-73.61845"><ele>116</ele></trkpt><trkpt lat="45.49708" lon="-73.61842"><ele>116</ele></trkpt><trkpt lat="45.49693" lon="-73.61811"><ele>116</ele></trkpt><trkpt lat="45.49677" lon="-73.61779"><ele>116</ele></trkpt><trkpt lat="45.49676" lon="-73.61776"><ele>116</ele></trkpt><trkpt lat="45.49669" lon="-73.61763"><ele>116</ele></trkpt><trkpt lat="45.49669" lon="-73.61762"><ele>116</ele></trkpt><trkpt lat="45.49669" lon="-73.61762"><ele>116</ele></trkpt><trkpt lat="45.49669" lon="-73.61763"><ele>116</ele></trkpt><trkpt lat="45.49679" lon="-73.61760"><ele>116</ele></trkpt><trkpt lat="45.49681" lon="-73.61759"><ele>116</ele></trkpt><trkpt lat="45.49710" lon="-73.61748"><ele>116</ele></trkpt><trkpt lat="45.49722" lon="-73.61743"><ele>117</ele></trkpt><trkpt lat="45.49726" lon="-73.61741"><ele>117</ele></trkpt><trkpt lat="45.49726" lon="-73.61741"><ele>117</ele></trkpt><trkpt lat="45.49731" lon="-73.61739"><ele>117</ele></trkpt><trkpt lat="45.49740" lon="-73.61734"><ele>117</ele></trkpt><trkpt lat="45.49755" lon="-73.61724"><ele>118</ele></trkpt><trkpt lat="45.49765" lon="-73.61716"><ele>118</ele></trkpt><trkpt lat="45.49776" lon="-73.61705"><ele>118</ele></trkpt><trkpt lat="45.49786" lon="-73.61695"><ele>119</ele></trkpt><trkpt lat="45.49802" lon="-73.61677"><ele>120</ele></trkpt><trkpt lat="45.49814" lon="-73.61663"><ele>121</ele></trkpt><trkpt lat="45.49827" lon="-73.61647"><ele>123</ele></trkpt><trkpt lat="45.49834" lon="-73.61640"><ele>124</ele></trkpt><trkpt lat="45.49839" lon="-73.61636"><ele>125</ele></trkpt><trkpt lat="45.49847" lon="-73.61631"><ele>126</ele></trkpt><trkpt lat="45.49855" lon="-73.61628"><ele>127</ele></trkpt><trkpt lat="45.49864" lon="-73.61626"><ele>127</ele></trkpt><trkpt lat="45.49875" lon="-73.61626"><ele>128</ele></trkpt><trkpt lat="45.49892" lon="-73.61630"><ele>130</ele></trkpt><trkpt lat="45.49903" lon="-73.61636"><ele>131</ele></trkpt><trkpt lat="45.49907" lon="-73.61624"><ele>132</ele></trkpt><trkpt lat="45.49912" lon="-73.61612"><ele>133</ele></trkpt><trkpt lat="45.49923" lon="-73.61589"><ele>134</ele></trkpt><trkpt lat="45.49928" lon="-73.61579"><ele>135</ele></trkpt><trkpt lat="45.49934" lon="-73.61562"><ele>136</ele></trkpt><trkpt lat="45.49938" lon="-73.61552"><ele>137</ele></trkpt><trkpt lat="45.49943" lon="-73.61541"><ele>138</ele></trkpt><trkpt lat="45.49949" lon="-73.61532"><ele>138</ele></trkpt><trkpt lat="45.49953" lon="-73.61526"><ele>139</ele></trkpt><trkpt lat="45.49962" lon="-73.61516"><ele>139</ele></trkpt><trkpt lat="45.49972" lon="-73.61507"><ele>140</ele></trkpt><trkpt lat="45.49993" lon="-73.61488"><ele>141</ele></trkpt><trkpt lat="45.50005" lon="-73.61477"><ele>142</ele></trkpt><trkpt lat="45.50020" lon="-73.61464"><ele>143</ele></trkpt><trkpt lat="45.50025" lon="-73.61460"><ele>144</ele></trkpt><trkpt lat="45.50085" lon="-73.61412"><ele>147</ele></trkpt><trkpt lat="45.50109" lon="-73.61393"><ele>148</ele></trkpt><trkpt lat="45.50119" lon="-73.61384"><ele>149</ele></trkpt><trkpt lat="45.50121" lon="-73.61382"><ele>150</ele></trkpt><trkpt lat="45.50244" lon="-73.61272"><ele>152</ele></trkpt><trkpt lat="45.50251" lon="-73.61267"><ele>152</ele></trkpt><trkpt lat="45.50253" lon="-73.61272"><ele>153</ele></trkpt><trkpt lat="45.50254" lon="-73.61276"><ele>153</ele></trkpt><trkpt lat="45.50264" lon="-73.61306"><ele>153</ele></trkpt><trkpt lat="45.50264" lon="-73.61306"><ele>153</ele></trkpt><trkpt lat="45.50270" lon="-73.61323"><ele>153</ele></trkpt><trkpt lat="45.50275" lon="-73.61329"><ele>153</ele></trkpt><trkpt lat="45.50286" lon="-73.61357"><ele>154</ele></trkpt><trkpt lat="45.50294" lon="-73.61372"><ele>154</ele></trkpt><trkpt lat="45.50301" lon="-73.61380"><ele>154</ele></trkpt><trkpt lat="45.50308" lon="-73.61386"><ele>154</ele></trkpt><trkpt lat="45.50324" lon="-73.61396"><ele>154</ele></trkpt><trkpt lat="45.50350" lon="-73.61405"><ele>154</ele></trkpt><trkpt lat="45.50369" lon="-73.61411"><ele>154</ele></trkpt><trkpt lat="45.50378" lon="-73.61415"><ele>154</ele></trkpt><trkpt lat="45.50388" lon="-73.61421"><ele>154</ele></trkpt><trkpt lat="45.50400" lon="-73.61430"><ele>153</ele></trkpt><trkpt lat="45.50411" lon="-73.61442"><ele>151</ele></trkpt><trkpt lat="45.50417" lon="-73.61451"><ele>149</ele></trkpt><trkpt lat="45.50424" lon="-73.61462"><ele>148</ele></trkpt><trkpt lat="45.50432" lon="-73.61477"><ele>146</ele></trkpt><trkpt lat="45.50439" lon="-73.61493"><ele>144</ele></trkpt><trkpt lat="45.50460" lon="-73.61537"><ele>141</ele></trkpt><trkpt lat="45.50464" lon="-73.61545"><ele>139</ele></trkpt><trkpt lat="45.50469" lon="-73.61557"><ele>138</ele></trkpt><trkpt lat="45.50471" lon="-73.61563"><ele>136</ele></trkpt><trkpt lat="45.50472" lon="-73.61569"><ele>135</ele></trkpt><trkpt lat="45.50472" lon="-73.61574"><ele>134</ele></trkpt><trkpt lat="45.50473" lon="-73.61579"><ele>133</ele></trkpt><trkpt lat="45.50472" lon="-73.61585"><ele>133</ele></trkpt><trkpt lat="45.50471" lon="-73.61593"><ele>132</ele></trkpt><trkpt lat="45.50469" lon="-73.61601"><ele>131</ele></trkpt><trkpt lat="45.50467" lon="-73.61606"><ele>131</ele></trkpt><trkpt lat="45.50463" lon="-73.61612"><ele>130</ele></trkpt><trkpt lat="45.50460" lon="-73.61616"><ele>129</ele></trkpt><trkpt lat="45.50448" lon="-73.61627"><ele>129</ele></trkpt><trkpt lat="45.50414" lon="-73.61655"><ele>127</ele></trkpt><trkpt lat="45.50385" lon="-73.61679"><ele>124</ele></trkpt><trkpt lat="45.50375" lon="-73.61687"><ele>122</ele></trkpt><trkpt lat="45.50359" lon="-73.61701"><ele>120</ele></trkpt><trkpt lat="45.50350" lon="-73.61709"><ele>119</ele></trkpt><trkpt lat="45.50343" lon="-73.61718"><ele>117</ele></trkpt><trkpt lat="45.50339" lon="-73.61725"><ele>116</ele></trkpt><trkpt lat="45.50335" lon="-73.61733"><ele>115</ele></trkpt><trkpt lat="45.50330" lon="-73.61749"><ele>114</ele></trkpt><trkpt lat="45.50327" lon="-73.61759"><ele>113</ele></trkpt><trkpt lat="45.50320" lon="-73.61782"><ele>112</ele></trkpt><trkpt lat="45.50315" lon="-73.61804"><ele>111</ele></trkpt><trkpt lat="45.50314" lon="-73.61808"><ele>110</ele></trkpt><trkpt lat="45.50311" lon="-73.61818"><ele>110</ele></trkpt><trkpt lat="45.50311" lon="-73.61824"><ele>110</ele></trkpt><trkpt lat="45.50311" lon="-73.61829"><ele>109</ele></trkpt><trkpt lat="45.50312" lon="-73.61833"><ele>109</ele></trkpt><trkpt lat="45.50312" lon="-73.61839"><ele>109</ele></trkpt><trkpt lat="45.50314" lon="-73.61845"><ele>109</ele></trkpt><trkpt lat="45.50320" lon="-73.61860"><ele>109</ele></trkpt><trkpt lat="45.50324" lon="-73.61869"><ele>109</ele></trkpt><trkpt lat="45.50325" lon="-73.61874"><ele>109</ele></trkpt><trkpt lat="45.50326" lon="-73.61887"><ele>109</ele></trkpt><trkpt lat="45.50334" lon="-73.61880"><ele>109</ele></trkpt><trkpt lat="45.50336" lon="-73.61878"><ele>109</ele></trkpt><trkpt lat="45.50418" lon="-73.61802"><ele>109</ele></trkpt><trkpt lat="45.50425" lon="-73.61795"><ele>109</ele></trkpt><trkpt lat="45.50444" lon="-73.61778"><ele>109</ele></trkpt><trkpt lat="45.50503" lon="-73.61725"><ele>109</ele></trkpt><trkpt lat="45.50503" lon="-73.61725"><ele>110</ele></trkpt><trkpt lat="45.50527" lon="-73.61704"><ele>110</ele></trkpt><trkpt lat="45.50614" lon="-73.61626"><ele>110</ele></trkpt><trkpt lat="45.50659" lon="-73.61585"><ele>110</ele></trkpt><trkpt lat="45.50696" lon="-73.61551"><ele>110</ele></trkpt><trkpt lat="45.50718" lon="-73.61531"><ele>110</ele></trkpt><trkpt lat="45.50723" lon="-73.61527"><ele>110</ele></trkpt><trkpt lat="45.50728" lon="-73.61523"><ele>110</ele></trkpt><trkpt lat="45.50732" lon="-73.61519"><ele>110</ele></trkpt><trkpt lat="45.50738" lon="-73.61513"><ele>110</ele></trkpt><trkpt lat="45.50765" lon="-73.61489"><ele>110</ele></trkpt><trkpt lat="45.50809" lon="-73.61450"><ele>110</ele></trkpt><trkpt lat="45.50906" lon="-73.61362"><ele>111</ele></trkpt><trkpt lat="45.50935" lon="-73.61336"><ele>112</ele></trkpt><trkpt lat="45.50942" lon="-73.61329"><ele>113</ele></trkpt><trkpt lat="45.50960" lon="-73.61313"><ele>114</ele></trkpt><trkpt lat="45.50973" lon="-73.61293"><ele>115</ele></trkpt><trkpt lat="45.50979" lon="-73.61285"><ele>115</ele></trkpt><trkpt lat="45.50983" lon="-73.61278"><ele>116</ele></trkpt><trkpt lat="45.50988" lon="-73.61265"><ele>116</ele></trkpt><trkpt lat="45.50994" lon="-73.61250"><ele>115</ele></trkpt><trkpt lat="45.51000" lon="-73.61238"><ele>115</ele></trkpt><trkpt lat="45.51004" lon="-73.61232"><ele>115</ele></trkpt><trkpt lat="45.51010" lon="-73.61225"><ele>115</ele></trkpt><trkpt lat="45.51013" lon="-73.61223"><ele>114</ele></trkpt><trkpt lat="45.51019" lon="-73.61222"><ele>114</ele></trkpt><trkpt lat="45.51026" lon="-73.61237"><ele>114</ele></trkpt><trkpt lat="45.51037" lon="-73.61260"><ele>113</ele></trkpt><trkpt lat="45.51049" lon="-73.61288"><ele>113</ele></trkpt><trkpt lat="45.51053" lon="-73.61296"><ele>113</ele></trkpt><trkpt lat="45.51056" lon="-73.61302"><ele>112</ele></trkpt><trkpt lat="45.51067" lon="-73.61324"><ele>112</ele></trkpt><trkpt lat="45.51071" lon="-73.61328"><ele>112</ele></trkpt><trkpt lat="45.51075" lon="-73.61336"><ele>112</ele></trkpt><trkpt lat="45.51076" lon="-73.61340"><ele>111</ele></trkpt><trkpt lat="45.51080" lon="-73.61349"><ele>111</ele></trkpt><trkpt lat="45.51091" lon="-73.61374"><ele>111</ele></trkpt><trkpt lat="45.51093" lon="-73.61382"><ele>111</ele></trkpt><trkpt lat="45.51099" lon="-73.61395"><ele>111</ele></trkpt><trkpt lat="45.51115" lon="-73.61432"><ele>110</ele></trkpt><trkpt lat="45.51115" lon="-73.61432"><ele>110</ele></trkpt><trkpt lat="45.51123" lon="-73.61449"><ele>110</ele></trkpt><trkpt lat="45.51136" lon="-73.61478"><ele>109</ele></trkpt><trkpt lat="45.51139" lon="-73.61486"><ele>109</ele></trkpt><trkpt lat="45.51147" lon="-73.61504"><ele>108</ele></trkpt><trkpt lat="45.51161" lon="-73.61534"><ele>108</ele></trkpt><trkpt lat="45.51166" lon="-73.61543"><ele>107</ele></trkpt><trkpt lat="45.51167" lon="-73.61546"><ele>107</ele></trkpt><trkpt lat="45.51172" lon="-73.61553"><ele>106</ele></trkpt><trkpt lat="45.51180" lon="-73.61539"><ele>106</ele></trkpt><trkpt lat="45.51182" lon="-73.61535"><ele>105</ele></trkpt><trkpt lat="45.51193" lon="-73.61515"><ele>105</ele></trkpt><trkpt lat="45.51212" lon="-73.61478"><ele>104</ele></trkpt><trkpt lat="45.51239" lon="-73.61424"><ele>104</ele></trkpt><trkpt lat="45.51239" lon="-73.61424"><ele>103</ele></trkpt><trkpt lat="45.51243" lon="-73.61417"><ele>103</ele></trkpt><trkpt lat="45.51275" lon="-73.61355"><ele>102</ele></trkpt><trkpt lat="45.51294" lon="-73.61321"><ele>100</ele></trkpt><trkpt lat="45.51296" lon="-73.61317"><ele>99</ele></trkpt><trkpt lat="45.51300" lon="-73.61311"><ele>99</ele></trkpt><trkpt lat="45.51305" lon="-73.61302"><ele>98</ele></trkpt><trkpt lat="45.51307" lon="-73.61298"><ele>97</ele></trkpt><trkpt lat="45.51332" lon="-73.61253"><ele>97</ele></trkpt><trkpt lat="45.51355" lon="-73.61213"><ele>96</ele></trkpt><trkpt lat="45.51396" lon="-73.61140"><ele>94</ele></trkpt><trkpt lat="45.51399" lon="-73.61135"><ele>93</ele></trkpt><trkpt lat="45.51402" lon="-73.61129"><ele>92</ele></trkpt><trkpt lat="45.51404" lon="-73.61125"><ele>91</ele></trkpt><trkpt lat="45.51405" lon="-73.61122"><ele>91</ele></trkpt><trkpt lat="45.51406" lon="-73.61119"><ele>90</ele></trkpt><trkpt lat="45.51407" lon="-73.61116"><ele>90</ele></trkpt><trkpt lat="45.51408" lon="-73.61114"><ele>90</ele></trkpt><trkpt lat="45.51409" lon="-73.61109"><ele>90</ele></trkpt><trkpt lat="45.51411" lon="-73.61101"><ele>89</ele></trkpt><trkpt lat="45.51415" lon="-73.61088"><ele>89</ele></trkpt><trkpt lat="45.51416" lon="-73.61084"><ele>89</ele></trkpt><trkpt lat="45.51420" lon="-73.61071"><ele>89</ele></trkpt><trkpt lat="45.51425" lon="-73.61053"><ele>89</ele></trkpt><trkpt lat="45.51429" lon="-73.61038"><ele>88</ele></trkpt><trkpt lat="45.51434" lon="-73.61020"><ele>88</ele></trkpt><trkpt lat="45.51445" lon="-73.60981"><ele>88</ele></trkpt><trkpt lat="45.51455" lon="-73.60944"><ele>88</ele></trkpt><trkpt lat="45.51456" lon="-73.60939"><ele>88</ele></trkpt><trkpt lat="45.51458" lon="-73.60932"><ele>88</ele></trkpt><trkpt lat="45.51451" lon="-73.60928"><ele>88</ele></trkpt><trkpt lat="45.51448" lon="-73.60927"><ele>88</ele></trkpt><trkpt lat="45.51443" lon="-73.60925"><ele>88</ele></trkpt><trkpt lat="45.51435" lon="-73.60920"><ele>88</ele></trkpt><trkpt lat="45.51431" lon="-73.60918"><ele>89</ele></trkpt><trkpt lat="45.51427" lon="-73.60914"><ele>89</ele></trkpt><trkpt lat="45.51423" lon="-73.60909"><ele>89</ele></trkpt><trkpt lat="45.51409" lon="-73.60878"><ele>89</ele></trkpt><trkpt lat="45.51384" lon="-73.60821"><ele>91</ele></trkpt><trkpt lat="45.51382" lon="-73.60816"><ele>93</ele></trkpt><trkpt lat="45.51370" lon="-73.60791"><ele>94</ele></trkpt><trkpt lat="45.51370" lon="-73.60791"><ele>96</ele></trkpt><trkpt lat="45.51333" lon="-73.60708"><ele>99</ele></trkpt><trkpt lat="45.51330" lon="-73.60702"><ele>102</ele></trkpt><trkpt lat="45.51327" lon="-73.60696"><ele>104</ele></trkpt><trkpt lat="45.51282" lon="-73.60597"><ele>108</ele></trkpt><trkpt lat="45.51279" lon="-73.60589"><ele>110</ele></trkpt><trkpt lat="45.51276" lon="-73.60583"><ele>112</ele></trkpt><trkpt lat="45.51185" lon="-73.60381"><ele>117</ele></trkpt><trkpt lat="45.51183" lon="-73.60379"><ele>120</ele></trkpt><trkpt lat="45.51176" lon="-73.60375"><ele>122</ele></trkpt><trkpt lat="45.51179" lon="-73.60365"><ele>123</ele></trkpt><trkpt lat="45.51202" lon="-73.60275"><ele>123</ele></trkpt><trkpt lat="45.51202" lon="-73.60275"><ele>124</ele></trkpt><trkpt lat="45.51207" lon="-73.60255"><ele>124</ele></trkpt><trkpt lat="45.51214" lon="-73.60228"><ele>124</ele></trkpt><trkpt lat="45.51219" lon="-73.60212"><ele>124</ele></trkpt><trkpt lat="45.51222" lon="-73.60198"><ele>124</ele></trkpt><trkpt lat="45.51247" lon="-73.60112"><ele>124</ele></trkpt><trkpt lat="45.51248" lon="-73.60108"><ele>124</ele></trkpt><trkpt lat="45.51251" lon="-73.60102"><ele>124</ele></trkpt><trkpt lat="45.51250" lon="-73.60096"><ele>124</ele></trkpt><trkpt lat="45.51249" lon="-73.60084"><ele>123</ele></trkpt><trkpt lat="45.51220" lon="-73.60014"><ele>123</ele></trkpt><trkpt lat="45.51218" lon="-73.60007"><ele>123</ele></trkpt><trkpt lat="45.51216" lon="-73.60001"><ele>123</ele></trkpt><trkpt lat="45.51223" lon="-73.59994"><ele>122</ele></trkpt><trkpt lat="45.51225" lon="-73.59993"><ele>122</ele></trkpt><trkpt lat="45.51247" lon="-73.59972"><ele>122</ele></trkpt><trkpt lat="45.51308" lon="-73.59912"><ele>122</ele></trkpt><trkpt lat="45.51360" lon="-73.59861"><ele>120</ele></trkpt><trkpt lat="45.51366" lon="-73.59856"><ele>119</ele></trkpt><trkpt lat="45.51413" lon="-73.59808"><ele>118</ele></trkpt><trkpt lat="45.51440" lon="-73.59770"><ele>116</ele></trkpt><trkpt lat="45.51451" lon="-73.59751"><ele>115</ele></trkpt><trkpt lat="45.51457" lon="-73.59737"><ele>114</ele></trkpt><trkpt lat="45.51463" lon="-73.59713"><ele>113</ele></trkpt><trkpt lat="45.51466" lon="-73.59694"><ele>113</ele></trkpt><trkpt lat="45.51467" lon="-73.59681"><ele>112</ele></trkpt><trkpt lat="45.51468" lon="-73.59656"><ele>111</ele></trkpt><trkpt lat="45.51469" lon="-73.59633"><ele>111</ele></trkpt><trkpt lat="45.51469" lon="-73.59599"><ele>110</ele></trkpt><trkpt lat="45.51470" lon="-73.59564"><ele>109</ele></trkpt><trkpt lat="45.51470" lon="-73.59534"><ele>109</ele></trkpt><trkpt lat="45.51470" lon="-73.59505"><ele>108</ele></trkpt><trkpt lat="45.51469" lon="-73.59498"><ele>108</ele></trkpt><trkpt lat="45.51465" lon="-73.59397"><ele>107</ele></trkpt><trkpt lat="45.51464" lon="-73.59367"><ele>106</ele></trkpt><trkpt lat="45.51462" lon="-73.59309"><ele>105</ele></trkpt><trkpt lat="45.51460" lon="-73.59239"><ele>104</ele></trkpt><trkpt lat="45.51459" lon="-73.59229"><ele>103</ele></trkpt><trkpt lat="45.51458" lon="-73.59194"><ele>102</ele></trkpt><trkpt lat="45.51458" lon="-73.59186"><ele>101</ele></trkpt><trkpt lat="45.51459" lon="-73.59177"><ele>100</ele></trkpt><trkpt lat="45.51461" lon="-73.59170"><ele>99</ele></trkpt><trkpt lat="45.51463" lon="-73.59163"><ele>99</ele></trkpt><trkpt lat="45.51463" lon="-73.59163"><ele>99</ele></trkpt><trkpt lat="45.51463" lon="-73.59163"><ele>98</ele></trkpt><trkpt lat="45.51465" lon="-73.59157"><ele>98</ele></trkpt><trkpt lat="45.51467" lon="-73.59150"><ele>98</ele></trkpt><trkpt lat="45.51471" lon="-73.59144"><ele>97</ele></trkpt><trkpt lat="45.51474" lon="-73.59138"><ele>97</ele></trkpt><trkpt lat="45.51482" lon="-73.59128"><ele>97</ele></trkpt><trkpt lat="45.51509" lon="-73.59107"><ele>96</ele></trkpt><trkpt lat="45.51541" lon="-73.59076"><ele>94</ele></trkpt><trkpt lat="45.51574" lon="-73.59044"><ele>92</ele></trkpt><trkpt lat="45.51574" lon="-73.59042"><ele>91</ele></trkpt><trkpt lat="45.51579" lon="-73.59027"><ele>90</ele></trkpt><trkpt lat="45.51586" lon="-73.59020"><ele>89</ele></trkpt><trkpt lat="45.51588" lon="-73.59018"><ele>88</ele></trkpt><trkpt lat="45.51591" lon="-73.59015"><ele>87</ele></trkpt><trkpt lat="45.51616" lon="-73.58991"><ele>86</ele></trkpt><trkpt lat="45.51626" lon="-73.58982"><ele>85</ele></trkpt><trkpt lat="45.51666" lon="-73.58944"><ele>82</ele></trkpt><trkpt lat="45.51667" lon="-73.58942"><ele>81</ele></trkpt><trkpt lat="45.51679" lon="-73.58932"><ele>79</ele></trkpt><trkpt lat="45.51689" lon="-73.58923"><ele>78</ele></trkpt><trkpt lat="45.51690" lon="-73.58921"><ele>77</ele></trkpt><trkpt lat="45.51747" lon="-73.58871"><ele>74</ele></trkpt><trkpt lat="45.51749" lon="-73.58869"><ele>72</ele></trkpt><trkpt lat="45.51753" lon="-73.58866"><ele>71</ele></trkpt><trkpt lat="45.51758" lon="-73.58862"><ele>70</ele></trkpt><trkpt lat="45.51760" lon="-73.58861"><ele>70</ele></trkpt><trkpt lat="45.51791" lon="-73.58834"><ele>69</ele></trkpt><trkpt lat="45.51812" lon="-73.58814"><ele>69</ele></trkpt><trkpt lat="45.51820" lon="-73.58807"><ele>69</ele></trkpt><trkpt lat="45.51826" lon="-73.58802"><ele>69</ele></trkpt><trkpt lat="45.51837" lon="-73.58793"><ele>69</ele></trkpt><trkpt lat="45.51855" lon="-73.58778"><ele>69</ele></trkpt><trkpt lat="45.51855" lon="-73.58778"><ele>69</ele></trkpt><trkpt lat="45.51883" lon="-73.58753"><ele>69</ele></trkpt><trkpt lat="45.51885" lon="-73.58751"><ele>69</ele></trkpt><trkpt lat="45.51889" lon="-73.58748"><ele>69</ele></trkpt><trkpt lat="45.51893" lon="-73.58744"><ele>69</ele></trkpt><trkpt lat="45.51889" lon="-73.58736"><ele>69</ele></trkpt><trkpt lat="45.51865" lon="-73.58683"><ele>68</ele></trkpt><trkpt lat="45.51861" lon="-73.58673"><ele>67</ele></trkpt><trkpt lat="45.51816" lon="-73.58575"><ele>67</ele></trkpt><trkpt lat="45.51816" lon="-73.58575"><ele>67</ele></trkpt><trkpt lat="45.51806" lon="-73.58554"><ele>67</ele></trkpt><trkpt lat="45.51793" lon="-73.58525"><ele>68</ele></trkpt><trkpt lat="45.51791" lon="-73.58522"><ele>68</ele></trkpt><trkpt lat="45.51789" lon="-73.58516"><ele>68</ele></trkpt><trkpt lat="45.51787" lon="-73.58512"><ele>68</ele></trkpt><trkpt lat="45.51706" lon="-73.58333"><ele>68</ele></trkpt><trkpt lat="45.51702" lon="-73.58324"><ele>68</ele></trkpt><trkpt lat="45.51688" lon="-73.58293"><ele>68</ele></trkpt><trkpt lat="45.51687" lon="-73.58290"><ele>68</ele></trkpt><trkpt lat="45.51685" lon="-73.58286"><ele>68</ele></trkpt><trkpt lat="45.51683" lon="-73.58281"><ele>67</ele></trkpt><trkpt lat="45.51679" lon="-73.58275"><ele>67</ele></trkpt><trkpt lat="45.51660" lon="-73.58233"><ele>67</ele></trkpt><trkpt lat="45.51602" lon="-73.58106"><ele>66</ele></trkpt><trkpt lat="45.51581" lon="-73.58059"><ele>65</ele></trkpt><trkpt lat="45.51579" lon="-73.58055"><ele>64</ele></trkpt><trkpt lat="45.51577" lon="-73.58050"><ele>64</ele></trkpt><trkpt lat="45.51574" lon="-73.58043"><ele>63</ele></trkpt><trkpt lat="45.51531" lon="-73.57948"><ele>62</ele></trkpt><trkpt lat="45.51530" lon="-73.57946"><ele>61</ele></trkpt><trkpt lat="45.51527" lon="-73.57940"><ele>61</ele></trkpt><trkpt lat="45.51526" lon="-73.57938"><ele>60</ele></trkpt><trkpt lat="45.51513" lon="-73.57909"><ele>60</ele></trkpt><trkpt lat="45.51503" lon="-73.57885"><ele>59</ele></trkpt><trkpt lat="45.51483" lon="-73.57842"><ele>58</ele></trkpt><trkpt lat="45.51480" lon="-73.57836"><ele>58</ele></trkpt><trkpt lat="45.51477" lon="-73.57829"><ele>57</ele></trkpt><trkpt lat="45.51473" lon="-73.57820"><ele>57</ele></trkpt><trkpt lat="45.51466" lon="-73.57806"><ele>56</ele></trkpt><trkpt lat="45.51459" lon="-73.57790"><ele>56</ele></trkpt><trkpt lat="45.51445" lon="-73.57760"><ele>56</ele></trkpt><trkpt lat="45.51422" lon="-73.57706"><ele>55</ele></trkpt><trkpt lat="45.51386" lon="-73.57627"><ele>54</ele></trkpt><trkpt lat="45.51385" lon="-73.57624"><ele>53</ele></trkpt><trkpt lat="45.51384" lon="-73.57621"><ele>52</ele></trkpt><trkpt lat="45.51381" lon="-73.57615"><ele>51</ele></trkpt><trkpt lat="45.51374" lon="-73.57621"><ele>51</ele></trkpt><trkpt lat="45.51372" lon="-73.57623"><ele>51</ele></trkpt><trkpt lat="45.51360" lon="-73.57634"><ele>51</ele></trkpt><trkpt lat="45.51324" lon="-73.57666"><ele>51</ele></trkpt><trkpt lat="45.51293" lon="-73.57695"><ele>52</ele></trkpt><trkpt lat="45.51287" lon="-73.57699"><ele>52</ele></trkpt><trkpt lat="45.51281" lon="-73.57705"><ele>52</ele></trkpt><trkpt lat="45.51270" lon="-73.57715"><ele>52</ele></trkpt><trkpt lat="45.51270" lon="-73.57715"><ele>52</ele></trkpt><trkpt lat="45.51214" lon="-73.57765"><ele>53</ele></trkpt><trkpt lat="45.51203" lon="-73.57775"><ele>53</ele></trkpt><trkpt lat="45.51189" lon="-73.57788"><ele>53</ele></trkpt><trkpt lat="45.51174" lon="-73.57801"><ele>53</ele></trkpt><trkpt lat="45.51168" lon="-73.57807"><ele>54</ele></trkpt><trkpt lat="45.51156" lon="-73.57819"><ele>54</ele></trkpt><trkpt lat="45.51159" lon="-73.57827"><ele>54</ele></trkpt><trkpt lat="45.51161" lon="-73.57830"><ele>54</ele></trkpt><trkpt lat="45.51163" lon="-73.57834"><ele>54</ele></trkpt><trkpt lat="45.51176" lon="-73.57863"><ele>54</ele></trkpt><trkpt lat="45.51195" lon="-73.57904"><ele>54</ele></trkpt><trkpt lat="45.51200" lon="-73.57914"><ele>54</ele></trkpt><trkpt lat="45.51202" lon="-73.57919"><ele>54</ele></trkpt><trkpt lat="45.51208" lon="-73.57931"><ele>54</ele></trkpt><trkpt lat="45.51218" lon="-73.57954"><ele>54</ele></trkpt><trkpt lat="45.51253" lon="-73.58029"><ele>56</ele></trkpt><trkpt lat="45.51340" lon="-73.58219"><ele>61</ele></trkpt><trkpt lat="45.51344" lon="-73.58227"><ele>64</ele></trkpt><trkpt lat="45.51348" lon="-73.58235"><ele>66</ele></trkpt><trkpt lat="45.51464" lon="-73.58483"><ele>69</ele></trkpt><trkpt lat="45.51466" lon="-73.58487"><ele>71</ele></trkpt><trkpt lat="45.51466" lon="-73.58487"><ele>73</ele></trkpt><trkpt lat="45.51466" lon="-73.58487"><ele>74</ele></trkpt><trkpt lat="45.51469" lon="-73.58494"><ele>74</ele></trkpt><trkpt lat="45.51483" lon="-73.58524"><ele>75</ele></trkpt><trkpt lat="45.51612" lon="-73.58803"><ele>75</ele></trkpt><trkpt lat="45.51614" lon="-73.58815"><ele>76</ele></trkpt><trkpt lat="45.51614" lon="-73.58823"><ele>76</ele></trkpt><trkpt lat="45.51613" lon="-73.58830"><ele>77</ele></trkpt><trkpt lat="45.51612" lon="-73.58835"><ele>77</ele></trkpt><trkpt lat="45.51610" lon="-73.58839"><ele>77</ele></trkpt><trkpt lat="45.51605" lon="-73.58859"><ele>78</ele></trkpt><trkpt lat="45.51590" lon="-73.58906"><ele>79</ele></trkpt><trkpt lat="45.51576" lon="-73.58954"><ele>81</ele></trkpt><trkpt lat="45.51573" lon="-73.58964"><ele>82</ele></trkpt><trkpt lat="45.51573" lon="-73.58974"><ele>83</ele></trkpt><trkpt lat="45.51570" lon="-73.58993"><ele>83</ele></trkpt><trkpt lat="45.51570" lon="-73.59006"><ele>84</ele></trkpt><trkpt lat="45.51572" lon="-73.59015"><ele>85</ele></trkpt><trkpt lat="45.51573" lon="-73.59019"><ele>85</ele></trkpt><trkpt lat="45.51579" lon="-73.59027"><ele>86</ele></trkpt><trkpt lat="45.51570" lon="-73.59031"><ele>86</ele></trkpt><trkpt lat="45.51568" lon="-73.59033"><ele>87</ele></trkpt><trkpt lat="45.51558" lon="-73.59039"><ele>87</ele></trkpt><trkpt lat="45.51523" lon="-73.59067"><ele>88</ele></trkpt><trkpt lat="45.51507" lon="-73.59069"><ele>89</ele></trkpt><trkpt lat="45.51504" lon="-73.59069"><ele>90</ele></trkpt><trkpt lat="45.51499" lon="-73.59070"><ele>91</ele></trkpt><trkpt lat="45.51494" lon="-73.59069"><ele>91</ele></trkpt><trkpt lat="45.51489" lon="-73.59069"><ele>92</ele></trkpt><trkpt lat="45.51484" lon="-73.59067"><ele>92</ele></trkpt><trkpt lat="45.51480" lon="-73.59064"><ele>92</ele></trkpt><trkpt lat="45.51473" lon="-73.59060"><ele>93</ele></trkpt><trkpt lat="45.51465" lon="-73.59052"><ele>93</ele></trkpt><trkpt lat="45.51456" lon="-73.59041"><ele>94</ele></trkpt><trkpt lat="45.51442" lon="-73.59023"><ele>94</ele></trkpt><trkpt lat="45.51397" lon="-73.58953"><ele>96</ele></trkpt><trkpt lat="45.51387" lon="-73.58939"><ele>98</ele></trkpt><trkpt lat="45.51378" lon="-73.58925"><ele>99</ele></trkpt><trkpt lat="45.51373" lon="-73.58918"><ele>100</ele></trkpt><trkpt lat="45.51368" lon="-73.58914"><ele>101</ele></trkpt><trkpt lat="45.51364" lon="-73.58911"><ele>102</ele></trkpt><trkpt lat="45.51360" lon="-73.58908"><ele>102</ele></trkpt><trkpt lat="45.51355" lon="-73.58905"><ele>103</ele></trkpt><trkpt lat="45.51351" lon="-73.58904"><ele>103</ele></trkpt><trkpt lat="45.51346" lon="-73.58903"><ele>104</ele></trkpt><trkpt lat="45.51342" lon="-73.58903"><ele>104</ele></trkpt><trkpt lat="45.51336" lon="-73.58903"><ele>105</ele></trkpt><trkpt lat="45.51331" lon="-73.58905"><ele>105</ele></trkpt><trkpt lat="45.51326" lon="-73.58907"><ele>106</ele></trkpt><trkpt lat="45.51322" lon="-73.58909"><ele>106</ele></trkpt><trkpt lat="45.51319" lon="-73.58911"><ele>107</ele></trkpt><trkpt lat="45.51316" lon="-73.58913"><ele>107</ele></trkpt><trkpt lat="45.51314" lon="-73.58915"><ele>107</ele></trkpt><trkpt lat="45.51311" lon="-73.58918"><ele>107</ele></trkpt><trkpt lat="45.51309" lon="-73.58921"><ele>108</ele></trkpt><trkpt lat="45.51305" lon="-73.58926"><ele>108</ele></trkpt><trkpt lat="45.51303" lon="-73.58931"><ele>108</ele></trkpt><trkpt lat="45.51300" lon="-73.58937"><ele>109</ele></trkpt><trkpt lat="45.51298" lon="-73.58943"><ele>109</ele></trkpt><trkpt lat="45.51296" lon="-73.58950"><ele>110</ele></trkpt><trkpt lat="45.51295" lon="-73.58954"><ele>110</ele></trkpt><trkpt lat="45.51294" lon="-73.58959"><ele>110</ele></trkpt><trkpt lat="45.51294" lon="-73.58963"><ele>111</ele></trkpt><trkpt lat="45.51293" lon="-73.58967"><ele>111</ele></trkpt><trkpt lat="45.51293" lon="-73.58971"><ele>111</ele></trkpt><trkpt lat="45.51293" lon="-73.58976"><ele>111</ele></trkpt><trkpt lat="45.51294" lon="-73.58980"><ele>112</ele></trkpt><trkpt lat="45.51294" lon="-73.58985"><ele>112</ele></trkpt><trkpt lat="45.51295" lon="-73.58989"><ele>112</ele></trkpt><trkpt lat="45.51296" lon="-73.58996"><ele>113</ele></trkpt><trkpt lat="45.51307" lon="-73.59050"><ele>114</ele></trkpt><trkpt lat="45.51313" lon="-73.59080"><ele>115</ele></trkpt><trkpt lat="45.51327" lon="-73.59163"><ele>118</ele></trkpt><trkpt lat="45.51327" lon="-73.59166"><ele>120</ele></trkpt><trkpt lat="45.51327" lon="-73.59166"><ele>121</ele></trkpt><trkpt lat="45.51336" lon="-73.59220"><ele>123</ele></trkpt><trkpt lat="45.51339" lon="-73.59237"><ele>124</ele></trkpt><trkpt lat="45.51343" lon="-73.59260"><ele>126</ele></trkpt><trkpt lat="45.51344" lon="-73.59267"><ele>127</ele></trkpt><trkpt lat="45.51344" lon="-73.59273"><ele>128</ele></trkpt><trkpt lat="45.51345" lon="-73.59279"><ele>128</ele></trkpt><trkpt lat="45.51345" lon="-73.59288"><ele>129</ele></trkpt><trkpt lat="45.51346" lon="-73.59309"><ele>130</ele></trkpt><trkpt lat="45.51346" lon="-73.59324"><ele>131</ele></trkpt><trkpt lat="45.51345" lon="-73.59339"><ele>131</ele></trkpt><trkpt lat="45.51344" lon="-73.59349"><ele>132</ele></trkpt><trkpt lat="45.51344" lon="-73.59359"><ele>133</ele></trkpt><trkpt lat="45.51342" lon="-73.59371"><ele>133</ele></trkpt><trkpt lat="45.51340" lon="-73.59385"><ele>134</ele></trkpt><trkpt lat="45.51338" lon="-73.59400"><ele>135</ele></trkpt><trkpt lat="45.51335" lon="-73.59414"><ele>135</ele></trkpt><trkpt lat="45.51333" lon="-73.59423"><ele>136</ele></trkpt><trkpt lat="45.51331" lon="-73.59432"><ele>137</ele></trkpt><trkpt lat="45.51328" lon="-73.59441"><ele>137</ele></trkpt><trkpt lat="45.51326" lon="-73.59447"><ele>138</ele></trkpt><trkpt lat="45.51323" lon="-73.59458"><ele>138</ele></trkpt><trkpt lat="45.51319" lon="-73.59469"><ele>139</ele></trkpt><trkpt lat="45.51314" lon="-73.59479"><ele>139</ele></trkpt><trkpt lat="45.51308" lon="-73.59494"><ele>140</ele></trkpt><trkpt lat="45.51303" lon="-73.59506"><ele>140</ele></trkpt><trkpt lat="45.51295" lon="-73.59524"><ele>141</ele></trkpt><trkpt lat="45.51285" lon="-73.59543"><ele>142</ele></trkpt><trkpt lat="45.51281" lon="-73.59552"><ele>143</ele></trkpt><trkpt lat="45.51273" lon="-73.59569"><ele>144</ele></trkpt><trkpt lat="45.51272" lon="-73.59571"><ele>145</ele></trkpt><trkpt lat="45.51263" lon="-73.59591"><ele>146</ele></trkpt><trkpt lat="45.51255" lon="-73.59608"><ele>147</ele></trkpt><trkpt lat="45.51244" lon="-73.59631"><ele>148</ele></trkpt><trkpt lat="45.51239" lon="-73.59640"><ele>150</ele></trkpt><trkpt lat="45.51235" lon="-73.59647"><ele>151</ele></trkpt><trkpt lat="45.51230" lon="-73.59654"><ele>151</ele></trkpt><trkpt lat="45.51223" lon="-73.59660"><ele>152</ele></trkpt><trkpt lat="45.51214" lon="-73.59665"><ele>153</ele></trkpt><trkpt lat="45.51211" lon="-73.59666"><ele>154</ele></trkpt><trkpt lat="45.51205" lon="-73.59667"><ele>155</ele></trkpt><trkpt lat="45.51202" lon="-73.59667"><ele>155</ele></trkpt><trkpt lat="45.51196" lon="-73.59667"><ele>156</ele></trkpt><trkpt lat="45.51190" lon="-73.59665"><ele>156</ele></trkpt><trkpt lat="45.51184" lon="-73.59663"><ele>157</ele></trkpt><trkpt lat="45.51179" lon="-73.59661"><ele>157</ele></trkpt><trkpt lat="45.51174" lon="-73.59656"><ele>158</ele></trkpt><trkpt lat="45.51166" lon="-73.59647"><ele>159</ele></trkpt><trkpt lat="45.51162" lon="-73.59641"><ele>159</ele></trkpt><trkpt lat="45.51158" lon="-73.59634"><ele>160</ele></trkpt><trkpt lat="45.51155" lon="-73.59626"><ele>161</ele></trkpt><trkpt lat="45.51147" lon="-73.59609"><ele>162</ele></trkpt><trkpt lat="45.51141" lon="-73.59591"><ele>163</ele></trkpt><trkpt lat="45.51134" lon="-73.59574"><ele>163</ele></trkpt><trkpt lat="45.51130" lon="-73.59560"><ele>164</ele></trkpt><trkpt lat="45.51127" lon="-73.59551"><ele>165</ele></trkpt><trkpt lat="45.51124" lon="-73.59541"><ele>165</ele></trkpt><trkpt lat="45.51121" lon="-73.59531"><ele>166</ele></trkpt><trkpt lat="45.51119" lon="-73.59521"><ele>166</ele></trkpt><trkpt lat="45.51117" lon="-73.59511"><ele>167</ele></trkpt><trkpt lat="45.51115" lon="-73.59501"><ele>167</ele></trkpt><trkpt lat="45.51114" lon="-73.59492"><ele>168</ele></trkpt><trkpt lat="45.51113" lon="-73.59479"><ele>168</ele></trkpt><trkpt lat="45.51112" lon="-73.59468"><ele>169</ele></trkpt><trkpt lat="45.51110" lon="-73.59451"><ele>169</ele></trkpt><trkpt lat="45.51107" lon="-73.59433"><ele>170</ele></trkpt><trkpt lat="45.51105" lon="-73.59419"><ele>170</ele></trkpt><trkpt lat="45.51102" lon="-73.59407"><ele>171</ele></trkpt><trkpt lat="45.51098" lon="-73.59397"><ele>171</ele></trkpt><trkpt lat="45.51095" lon="-73.59388"><ele>172</ele></trkpt><trkpt lat="45.51079" lon="-73.59358"><ele>173</ele></trkpt><trkpt lat="45.51077" lon="-73.59352"><ele>174</ele></trkpt><trkpt lat="45.51071" lon="-73.59339"><ele>175</ele></trkpt><trkpt lat="45.51063" lon="-73.59325"><ele>176</ele></trkpt><trkpt lat="45.51053" lon="-73.59306"><ele>178</ele></trkpt><trkpt lat="45.51050" lon="-73.59303"><ele>179</ele></trkpt><trkpt lat="45.51018" lon="-73.59242"><ele>183</ele></trkpt><trkpt lat="45.51003" lon="-73.59212"><ele>187</ele></trkpt><trkpt lat="45.50992" lon="-73.59188"><ele>191</ele></trkpt><trkpt lat="45.50986" lon="-73.59175"><ele>194</ele></trkpt><trkpt lat="45.50982" lon="-73.59167"><ele>196</ele></trkpt><trkpt lat="45.50973" lon="-73.59150"><ele>199</ele></trkpt><trkpt lat="45.50969" lon="-73.59142"><ele>200</ele></trkpt><trkpt lat="45.50964" lon="-73.59136"><ele>202</ele></trkpt><trkpt lat="45.50961" lon="-73.59131"><ele>203</ele></trkpt><trkpt lat="45.50956" lon="-73.59126"><ele>203</ele></trkpt><trkpt lat="45.50951" lon="-73.59122"><ele>204</ele></trkpt><trkpt lat="45.50946" lon="-73.59118"><ele>204</ele></trkpt><trkpt lat="45.50939" lon="-73.59114"><ele>205</ele></trkpt><trkpt lat="45.50932" lon="-73.59112"><ele>205</ele></trkpt><trkpt lat="45.50923" lon="-73.59110"><ele>205</ele></trkpt><trkpt lat="45.50915" lon="-73.59108"><ele>206</ele></trkpt><trkpt lat="45.50905" lon="-73.59107"><ele>206</ele></trkpt><trkpt lat="45.50894" lon="-73.59106"><ele>207</ele></trkpt><trkpt lat="45.50887" lon="-73.59105"><ele>207</ele></trkpt><trkpt lat="45.50879" lon="-73.59105"><ele>208</ele></trkpt><trkpt lat="45.50871" lon="-73.59105"><ele>208</ele></trkpt><trkpt lat="45.50863" lon="-73.59106"><ele>208</ele></trkpt><trkpt lat="45.50852" lon="-73.59107"><ele>209</ele></trkpt><trkpt lat="45.50840" lon="-73.59110"><ele>209</ele></trkpt><trkpt lat="45.50826" lon="-73.59116"><ele>210</ele></trkpt><trkpt lat="45.50821" lon="-73.59118"><ele>210</ele></trkpt><trkpt lat="45.50820" lon="-73.59118"><ele>211</ele></trkpt><trkpt lat="45.50813" lon="-73.59121"><ele>211</ele></trkpt><trkpt lat="45.50806" lon="-73.59125"><ele>211</ele></trkpt><trkpt lat="45.50795" lon="-73.59131"><ele>212</ele></trkpt><trkpt lat="45.50781" lon="-73.59142"><ele>212</ele></trkpt><trkpt lat="45.50773" lon="-73.59148"><ele>212</ele></trkpt><trkpt lat="45.50750" lon="-73.59168"><ele>211</ele></trkpt><trkpt lat="45.50746" lon="-73.59172"><ele>211</ele></trkpt><trkpt lat="45.50636" lon="-73.59274"><ele>208</ele></trkpt><trkpt lat="45.50625" lon="-73.59284"><ele>206</ele></trkpt><trkpt lat="45.50618" lon="-73.59291"><ele>205</ele></trkpt><trkpt lat="45.50605" lon="-73.59301"><ele>204</ele></trkpt><trkpt lat="45.50597" lon="-73.59306"><ele>203</ele></trkpt><trkpt lat="45.50588" lon="-73.59311"><ele>202</ele></trkpt><trkpt lat="45.50577" lon="-73.59318"><ele>201</ele></trkpt><trkpt lat="45.50570" lon="-73.59322"><ele>201</ele></trkpt><trkpt lat="45.50564" lon="-73.59326"><ele>200</ele></trkpt><trkpt lat="45.50558" lon="-73.59329"><ele>200</ele></trkpt><trkpt lat="45.50547" lon="-73.59333"><ele>199</ele></trkpt><trkpt lat="45.50539" lon="-73.59336"><ele>199</ele></trkpt><trkpt lat="45.50533" lon="-73.59338"><ele>198</ele></trkpt><trkpt lat="45.50524" lon="-73.59341"><ele>198</ele></trkpt><trkpt lat="45.50517" lon="-73.59343"><ele>197</ele></trkpt><trkpt lat="45.50505" lon="-73.59346"><ele>197</ele></trkpt><trkpt lat="45.50494" lon="-73.59348"><ele>196</ele></trkpt><trkpt lat="45.50482" lon="-73.59349"><ele>196</ele></trkpt><trkpt lat="45.50471" lon="-73.59350"><ele>195</ele></trkpt><trkpt lat="45.50448" lon="-73.59351"><ele>194</ele></trkpt><trkpt lat="45.50438" lon="-73.59352"><ele>193</ele></trkpt><trkpt lat="45.50430" lon="-73.59353"><ele>193</ele></trkpt><trkpt lat="45.50423" lon="-73.59355"><ele>192</ele></trkpt><trkpt lat="45.50415" lon="-73.59357"><ele>192</ele></trkpt><trkpt lat="45.50401" lon="-73.59362"><ele>191</ele></trkpt><trkpt lat="45.50400" lon="-73.59363"><ele>191</ele></trkpt><trkpt lat="45.50394" lon="-73.59365"><ele>190</ele></trkpt><trkpt lat="45.50386" lon="-73.59369"><ele>190</ele></trkpt><trkpt lat="45.50382" lon="-73.59371"><ele>190</ele></trkpt><trkpt lat="45.50378" lon="-73.59373"><ele>189</ele></trkpt><trkpt lat="45.50375" lon="-73.59374"><ele>189</ele></trkpt><trkpt lat="45.50370" lon="-73.59378"><ele>189</ele></trkpt><trkpt lat="45.50363" lon="-73.59386"><ele>189</ele></trkpt><trkpt lat="45.50359" lon="-73.59389"><ele>188</ele></trkpt><trkpt lat="45.50353" lon="-73.59393"><ele>188</ele></trkpt><trkpt lat="45.50344" lon="-73.59401"><ele>188</ele></trkpt><trkpt lat="45.50335" lon="-73.59409"><ele>187</ele></trkpt><trkpt lat="45.50329" lon="-73.59415"><ele>187</ele></trkpt><trkpt lat="45.50324" lon="-73.59419"><ele>186</ele></trkpt><trkpt lat="45.50321" lon="-73.59424"><ele>186</ele></trkpt><trkpt lat="45.50313" lon="-73.59434"><ele>186</ele></trkpt><trkpt lat="45.50296" lon="-73.59454"><ele>185</ele></trkpt><trkpt lat="45.50281" lon="-73.59479"><ele>184</ele></trkpt><trkpt lat="45.50269" lon="-73.59503"><ele>183</ele></trkpt><trkpt lat="45.50261" lon="-73.59525"><ele>183</ele></trkpt><trkpt lat="45.50256" lon="-73.59535"><ele>183</ele></trkpt><trkpt lat="45.50252" lon="-73.59549"><ele>182</ele></trkpt><trkpt lat="45.50246" lon="-73.59570"><ele>182</ele></trkpt><trkpt lat="45.50234" lon="-73.59609"><ele>182</ele></trkpt><trkpt lat="45.50232" lon="-73.59615"><ele>181</ele></trkpt><trkpt lat="45.50231" lon="-73.59617"><ele>181</ele></trkpt><trkpt lat="45.50226" lon="-73.59632"><ele>181</ele></trkpt><trkpt lat="45.50221" lon="-73.59647"><ele>181</ele></trkpt><trkpt lat="45.50203" lon="-73.59695"><ele>181</ele></trkpt><trkpt lat="45.50187" lon="-73.59730"><ele>180</ele></trkpt><trkpt lat="45.50164" lon="-73.59775"><ele>179</ele></trkpt><trkpt lat="45.50155" lon="-73.59791"><ele>178</ele></trkpt><trkpt lat="45.50145" lon="-73.59808"><ele>178</ele></trkpt><trkpt lat="45.50140" lon="-73.59815"><ele>177</ele></trkpt><trkpt lat="45.50126" lon="-73.59837"><ele>176</ele></trkpt><trkpt lat="45.50106" lon="-73.59865"><ele>175</ele></trkpt><trkpt lat="45.50105" lon="-73.59866"><ele>175</ele></trkpt><trkpt lat="45.50105" lon="-73.59866"><ele>174</ele></trkpt><trkpt lat="45.50048" lon="-73.59937"><ele>173</ele></trkpt><trkpt lat="45.50034" lon="-73.59954"><ele>171</ele></trkpt><trkpt lat="45.50020" lon="-73.59971"><ele>170</ele></trkpt><trkpt lat="45.49956" lon="-73.60044"><ele>169</ele></trkpt><trkpt lat="45.49952" lon="-73.60048"><ele>167</ele></trkpt><trkpt lat="45.49927" lon="-73.60078"><ele>166</ele></trkpt><trkpt lat="45.49880" lon="-73.60128"><ele>165</ele></trkpt><trkpt lat="45.49853" lon="-73.60159"><ele>163</ele></trkpt><trkpt lat="45.49848" lon="-73.60165"><ele>162</ele></trkpt><trkpt lat="45.49837" lon="-73.60177"><ele>160</ele></trkpt><trkpt lat="45.49781" lon="-73.60238"><ele>158</ele></trkpt><trkpt lat="45.49563" lon="-73.60460"><ele>152</ele></trkpt><trkpt lat="45.49541" lon="-73.60483"><ele>147</ele></trkpt><trkpt lat="45.49535" lon="-73.60489"><ele>143</ele></trkpt><trkpt lat="45.49528" lon="-73.60495"><ele>141</ele></trkpt><trkpt lat="45.49522" lon="-73.60501"><ele>139</ele></trkpt><trkpt lat="45.49520" lon="-73.60504"><ele>138</ele></trkpt><trkpt lat="45.49516" lon="-73.60507"><ele>137</ele></trkpt><trkpt lat="45.49510" lon="-73.60513"><ele>136</ele></trkpt><trkpt lat="45.49512" lon="-73.60524"><ele>136</ele></trkpt><trkpt lat="45.49517" lon="-73.60551"><ele>135</ele></trkpt><trkpt lat="45.49520" lon="-73.60566"><ele>134</ele></trkpt><trkpt lat="45.49525" lon="-73.60586"><ele>134</ele></trkpt><trkpt lat="45.49529" lon="-73.60605"><ele>134</ele></trkpt><trkpt lat="45.49532" lon="-73.60618"><ele>133</ele></trkpt><trkpt lat="45.49534" lon="-73.60628"><ele>133</ele></trkpt><trkpt lat="45.49536" lon="-73.60635"><ele>133</ele></trkpt><trkpt lat="45.49540" lon="-73.60653"><ele>133</ele></trkpt><trkpt lat="45.49542" lon="-73.60658"><ele>133</ele></trkpt><trkpt lat="45.49547" lon="-73.60677"><ele>133</ele></trkpt><trkpt lat="45.49550" lon="-73.60688"><ele>133</ele></trkpt><trkpt lat="45.49556" lon="-73.60713"><ele>133</ele></trkpt><trkpt lat="45.49557" lon="-73.60716"><ele>134</ele></trkpt><trkpt lat="45.49560" lon="-73.60728"><ele>134</ele></trkpt><trkpt lat="45.49571" lon="-73.60764"><ele>134</ele></trkpt><trkpt lat="45.49576" lon="-73.60785"><ele>135</ele></trkpt><trkpt lat="45.49582" lon="-73.60805"><ele>135</ele></trkpt><trkpt lat="45.49586" lon="-73.60819"><ele>136</ele></trkpt><trkpt lat="45.49588" lon="-73.60827"><ele>136</ele></trkpt><trkpt lat="45.49590" lon="-73.60834"><ele>136</ele></trkpt><trkpt lat="45.49594" lon="-73.60848"><ele>136</ele></trkpt><trkpt lat="45.49596" lon="-73.60857"><ele>136</ele></trkpt><trkpt lat="45.49596" lon="-73.60860"><ele>136</ele></trkpt><trkpt lat="45.49597" lon="-73.60864"><ele>136</ele></trkpt><trkpt lat="45.49598" lon="-73.60868"><ele>136</ele></trkpt><trkpt lat="45.49598" lon="-73.60872"><ele>136</ele></trkpt><trkpt lat="45.49599" lon="-73.60880"><ele>135</ele></trkpt><trkpt lat="45.49600" lon="-73.60888"><ele>135</ele></trkpt><trkpt lat="45.49600" lon="-73.60895"><ele>135</ele></trkpt><trkpt lat="45.49600" lon="-73.60903"><ele>135</ele></trkpt><trkpt lat="45.49600" lon="-73.60910"><ele>135</ele></trkpt><trkpt lat="45.49600" lon="-73.60919"><ele>135</ele></trkpt><trkpt lat="45.49599" lon="-73.60928"><ele>135</ele></trkpt><trkpt lat="45.49599" lon="-73.60937"><ele>135</ele></trkpt><trkpt lat="45.49598" lon="-73.60944"><ele>135</ele></trkpt><trkpt lat="45.49598" lon="-73.60950"><ele>134</ele></trkpt><trkpt lat="45.49598" lon="-73.60957"><ele>134</ele></trkpt><trkpt lat="45.49597" lon="-73.60963"><ele>134</ele></trkpt><trkpt lat="45.49596" lon="-73.60970"><ele>134</ele></trkpt><trkpt lat="45.49595" lon="-73.60979"><ele>134</ele></trkpt><trkpt lat="45.49595" lon="-73.60985"><ele>134</ele></trkpt><trkpt lat="45.49594" lon="-73.60992"><ele>133</ele></trkpt><trkpt lat="45.49593" lon="-73.61000"><ele>133</ele></trkpt><trkpt lat="45.49591" lon="-73.61009"><ele>133</ele></trkpt><trkpt lat="45.49590" lon="-73.61020"><ele>133</ele></trkpt><trkpt lat="45.49589" lon="-73.61024"><ele>132</ele></trkpt><trkpt lat="45.49587" lon="-73.61036"><ele>132</ele></trkpt><trkpt lat="45.49585" lon="-73.61045"><ele>132</ele></trkpt><trkpt lat="45.49580" lon="-73.61077"><ele>132</ele></trkpt><trkpt lat="45.49580" lon="-73.61077"><ele>131</ele></trkpt><trkpt lat="45.49579" lon="-73.61079"><ele>131</ele></trkpt><trkpt lat="45.49573" lon="-73.61115"><ele>131</ele></trkpt><trkpt lat="45.49563" lon="-73.61171"><ele>130</ele></trkpt><trkpt lat="45.49558" lon="-73.61198"><ele>130</ele></trkpt><trkpt lat="45.49556" lon="-73.61209"><ele>129</ele></trkpt><trkpt lat="45.49555" lon="-73.61216"><ele>129</ele></trkpt><trkpt lat="45.49554" lon="-73.61225"><ele>128</ele></trkpt><trkpt lat="45.49552" lon="-73.61234"><ele>128</ele></trkpt><trkpt lat="45.49551" lon="-73.61241"><ele>127</ele></trkpt><trkpt lat="45.49550" lon="-73.61250"><ele>127</ele></trkpt><trkpt lat="45.49549" lon="-73.61258"><ele>126</ele></trkpt><trkpt lat="45.49549" lon="-73.61267"><ele>126</ele></trkpt><trkpt lat="45.49548" lon="-73.61276"><ele>126</ele></trkpt><trkpt lat="45.49548" lon="-73.61285"><ele>125</ele></trkpt><trkpt lat="45.49547" lon="-73.61294"><ele>125</ele></trkpt><trkpt lat="45.49546" lon="-73.61351"><ele>124</ele></trkpt><trkpt lat="45.49545" lon="-73.61388"><ele>123</ele></trkpt><trkpt lat="45.49545" lon="-73.61401"><ele>123</ele></trkpt><trkpt lat="45.49545" lon="-73.61414"><ele>122</ele></trkpt><trkpt lat="45.49545" lon="-73.61427"><ele>122</ele></trkpt><trkpt lat="45.49545" lon="-73.61456"><ele>122</ele></trkpt><trkpt lat="45.49546" lon="-73.61495"><ele>122</ele></trkpt><trkpt lat="45.49546" lon="-73.61508"><ele>121</ele></trkpt><trkpt lat="45.49546" lon="-73.61552"><ele>121</ele></trkpt><trkpt lat="45.49546" lon="-73.61559"><ele>121</ele></trkpt><trkpt lat="45.49546" lon="-73.61566"><ele>121</ele></trkpt><trkpt lat="45.49546" lon="-73.61572"><ele>120</ele></trkpt><trkpt lat="45.49546" lon="-73.61580"><ele>120</ele></trkpt><trkpt lat="45.49545" lon="-73.61593"><ele>120</ele></trkpt><trkpt lat="45.49544" lon="-73.61603"><ele>120</ele></trkpt><trkpt lat="45.49542" lon="-73.61613"><ele>120</ele></trkpt><trkpt lat="45.49541" lon="-73.61623"><ele>120</ele></trkpt><trkpt lat="45.49540" lon="-73.61633"><ele>119</ele></trkpt><trkpt lat="45.49539" lon="-73.61641"><ele>119</ele></trkpt><trkpt lat="45.49537" lon="-73.61649"><ele>119</ele></trkpt><trkpt lat="45.49535" lon="-73.61658"><ele>119</ele></trkpt><trkpt lat="45.49531" lon="-73.61680"><ele>119</ele></trkpt><trkpt lat="45.49527" lon="-73.61695"><ele>119</ele></trkpt><trkpt lat="45.49519" lon="-73.61734"><ele>118</ele></trkpt><trkpt lat="45.49518" lon="-73.61741"><ele>118</ele></trkpt><trkpt lat="45.49521" lon="-73.61748"><ele>118</ele></trkpt><trkpt lat="45.49524" lon="-73.61753"><ele>117</ele></trkpt><trkpt lat="45.49528" lon="-73.61763"><ele>117</ele></trkpt><trkpt lat="45.49530" lon="-73.61767"><ele>117</ele></trkpt><trkpt lat="45.49541" lon="-73.61792"><ele>117</ele></trkpt><trkpt lat="45.49544" lon="-73.61800"><ele>116</ele></trkpt><trkpt lat="45.49548" lon="-73.61808"><ele>116</ele></trkpt><trkpt lat="45.49558" lon="-73.61829"><ele>116</ele></trkpt><trkpt lat="45.49559" lon="-73.61832"><ele>116</ele></trkpt><trkpt lat="45.49563" lon="-73.61840"><ele>115</ele></trkpt><trkpt lat="45.49568" lon="-73.61853"><ele>115</ele></trkpt><trkpt lat="45.49572" lon="-73.61863"><ele>115</ele></trkpt><trkpt lat="45.49587" lon="-73.61897"><ele>114</ele></trkpt><trkpt lat="45.49587" lon="-73.61897"><ele>114</ele></trkpt><trkpt lat="45.49591" lon="-73.61905"><ele>114</ele></trkpt><trkpt lat="45.49608" lon="-73.61942"><ele>113</ele></trkpt><trkpt lat="45.49612" lon="-73.61950"><ele>113</ele></trkpt><trkpt lat="45.49615" lon="-73.61956"><ele>112</ele></trkpt><trkpt lat="45.49677" lon="-73.62095"><ele>111</ele></trkpt><trkpt lat="45.49679" lon="-73.62098"><ele>110</ele></trkpt><trkpt lat="45.49683" lon="-73.62108"><ele>110</ele></trkpt><trkpt lat="45.49687" lon="-73.62117"><ele>110</ele></trkpt><trkpt lat="45.49713" lon="-73.62175"><ele>110</ele></trkpt><trkpt lat="45.49719" lon="-73.62187"><ele>110</ele></trkpt><trkpt lat="45.49721" lon="-73.62193"><ele>110</ele></trkpt><trkpt lat="45.49726" lon="-73.62189"><ele>111</ele></trkpt><trkpt lat="45.49746" lon="-73.62170"><ele>111</ele></trkpt><trkpt lat="45.49750" lon="-73.62166"><ele>111</ele></trkpt><trkpt lat="45.49753" lon="-73.62163"><ele>111</ele></trkpt><trkpt lat="45.49764" lon="-73.62155"><ele>111</ele></trkpt><trkpt lat="45.49780" lon="-73.62139"><ele>112</ele></trkpt><trkpt lat="45.49780" lon="-73.62139"><ele>112</ele></trkpt><trkpt lat="45.49831" lon="-73.62093"><ele>112</ele></trkpt><trkpt lat="45.49837" lon="-73.62088"><ele>113</ele></trkpt><trkpt lat="45.49830" lon="-73.62075"><ele>113</ele></trkpt><trkpt lat="45.49811" lon="-73.62043"><ele>113</ele></trkpt><trkpt lat="45.49811" lon="-73.62043"><ele>113</ele></trkpt><trkpt lat="45.49795" lon="-73.62014"><ele>113</ele></trkpt><trkpt lat="45.49786" lon="-73.61997"><ele>113</ele></trkpt><trkpt lat="45.49784" lon="-73.61995"><ele>114</ele></trkpt><trkpt lat="45.49780" lon="-73.61986"><ele>114</ele></trkpt><trkpt lat="45.49777" lon="-73.61979"><ele>114</ele></trkpt><trkpt lat="45.49775" lon="-73.61975"><ele>114</ele></trkpt><trkpt lat="45.49753" lon="-73.61933"><ele>114</ele></trkpt><trkpt lat="45.49718" lon="-73.61862"><ele>115</ele></trkpt><trkpt lat="45.49717" lon="-73.61859"><ele>115</ele></trkpt><trkpt lat="45.49713" lon="-73.61852"><ele>115</ele></trkpt><trkpt lat="45.49710" lon="-73.61845"><ele>116</ele></trkpt><trkpt lat="45.49708" lon="-73.61842"><ele>116</ele></trkpt><trkpt lat="45.49693" lon="-73.61811"><ele>116</ele></trkpt><trkpt lat="45.49677" lon="-73.61779"><ele>116</ele></trkpt><trkpt lat="45.49676" lon="-73.61776"><ele>116</ele></trkpt><trkpt lat="45.49669" lon="-73.61763"><ele>116</ele></trkpt><trkpt lat="45.49669" lon="-73.61763"><ele>116</ele></trkpt><trkpt lat="45.49669" lon="-73.61763"><ele>116</ele></trkpt><trkpt lat="45.49669" lon="-73.61763"><ele>116</ele></trkpt><trkpt lat="45.49679" lon="-73.61760"><ele>116</ele></trkpt><trkpt lat="45.49681" lon="-73.61759"><ele>116</ele></trkpt><trkpt lat="45.49710" lon="-73.61748"><ele>116</ele></trkpt><trkpt lat="45.49718" lon="-73.61745"><ele>117</ele></trkpt><trkpt lat="45.49718" lon="-73.61745"><ele>117</ele></trkpt><trkpt lat="45.49722" lon="-73.61743"><ele>117</ele></trkpt><trkpt lat="45.49731" lon="-73.61739"><ele>117</ele></trkpt><trkpt lat="45.49740" lon="-73.61734"><ele>117</ele></trkpt><trkpt lat="45.49755" lon="-73.61724"><ele>118</ele></trkpt><trkpt lat="45.49765" lon="-73.61716"><ele>118</ele></trkpt><trkpt lat="45.49776" lon="-73.61705"><ele>118</ele></trkpt><trkpt lat="45.49786" lon="-73.61695"><ele>119</ele></trkpt><trkpt lat="45.49802" lon="-73.61677"><ele>120</ele></trkpt><trkpt lat="45.49814" lon="-73.61663"><ele>121</ele></trkpt><trkpt lat="45.49827" lon="-73.61647"><ele>123</ele></trkpt><trkpt lat="45.49834" lon="-73.61640"><ele>124</ele></trkpt><trkpt lat="45.49839" lon="-73.61636"><ele>125</ele></trkpt><trkpt lat="45.49847" lon="-73.61631"><ele>126</ele></trkpt><trkpt lat="45.49855" lon="-73.61628"><ele>127</ele></trkpt><trkpt lat="45.49864" lon="-73.61626"><ele>127</ele></trkpt><trkpt lat="45.49875" lon="-73.61626"><ele>128</ele></trkpt><trkpt lat="45.49892" lon="-73.61630"><ele>130</ele></trkpt><trkpt lat="45.49903" lon="-73.61636"><ele>131</ele></trkpt><trkpt lat="45.49907" lon="-73.61624"><ele>132</ele></trkpt><trkpt lat="45.49912" lon="-73.61612"><ele>133</ele></trkpt><trkpt lat="45.49923" lon="-73.61589"><ele>134</ele></trkpt><trkpt lat="45.49928" lon="-73.61579"><ele>135</ele></trkpt><trkpt lat="45.49934" lon="-73.61562"><ele>136</ele></trkpt><trkpt lat="45.49938" lon="-73.61552"><ele>137</ele></trkpt><trkpt lat="45.49943" lon="-73.61541"><ele>138</ele></trkpt><trkpt lat="45.49949" lon="-73.61532"><ele>138</ele></trkpt><trkpt lat="45.49953" lon="-73.61526"><ele>139</ele></trkpt><trkpt lat="45.49962" lon="-73.61516"><ele>139</ele></trkpt><trkpt lat="45.49972" lon="-73.61507"><ele>140</ele></trkpt><trkpt lat="45.49993" lon="-73.61488"><ele>141</ele></trkpt><trkpt lat="45.50005" lon="-73.61477"><ele>142</ele></trkpt><trkpt lat="45.50020" lon="-73.61464"><ele>143</ele></trkpt><trkpt lat="45.50025" lon="-73.61460"><ele>144</ele></trkpt><trkpt lat="45.50085" lon="-73.61412"><ele>147</ele></trkpt><trkpt lat="45.50109" lon="-73.61393"><ele>148</ele></trkpt><trkpt lat="45.50119" lon="-73.61384"><ele>149</ele></trkpt><trkpt lat="45.50121" lon="-73.61382"><ele>150</ele></trkpt><trkpt lat="45.50244" lon="-73.61272"><ele>152</ele></trkpt><trkpt lat="45.50251" lon="-73.61267"><ele>153</ele></trkpt><trkpt lat="45.50253" lon="-73.61272"><ele>153</ele></trkpt><trkpt lat="45.50254" lon="-73.61276"><ele>154</ele></trkpt><trkpt lat="45.50262" lon="-73.61300"><ele>154</ele></trkpt><trkpt lat="45.50262" lon="-73.61300"><ele>154</ele></trkpt><trkpt lat="45.50270" lon="-73.61323"><ele>154</ele></trkpt><trkpt lat="45.50275" lon="-73.61329"><ele>154</ele></trkpt><trkpt lat="45.50286" lon="-73.61357"><ele>154</ele></trkpt><trkpt lat="45.50294" lon="-73.61372"><ele>154</ele></trkpt><trkpt lat="45.50301" lon="-73.61380"><ele>154</ele></trkpt><trkpt lat="45.50308" lon="-73.61386"><ele>154</ele></trkpt><trkpt lat="45.50324" lon="-73.61396"><ele>154</ele></trkpt><trkpt lat="45.50350" lon="-73.61405"><ele>154</ele></trkpt><trkpt lat="45.50369" lon="-73.61411"><ele>154</ele></trkpt><trkpt lat="45.50378" lon="-73.61415"><ele>154</ele></trkpt><trkpt lat="45.50388" lon="-73.61421"><ele>154</ele></trkpt><trkpt lat="45.50400" lon="-73.61430"><ele>153</ele></trkpt><trkpt lat="45.50411" lon="-73.61442"><ele>151</ele></trkpt><trkpt lat="45.50417" lon="-73.61451"><ele>149</ele></trkpt><trkpt lat="45.50424" lon="-73.61462"><ele>148</ele></trkpt><trkpt lat="45.50432" lon="-73.61477"><ele>146</ele></trkpt><trkpt lat="45.50439" lon="-73.61493"><ele>144</ele></trkpt><trkpt lat="45.50460" lon="-73.61537"><ele>141</ele></trkpt><trkpt lat="45.50464" lon="-73.61545"><ele>139</ele></trkpt><trkpt lat="45.50469" lon="-73.61557"><ele>138</ele></trkpt><trkpt lat="45.50471" lon="-73.61563"><ele>136</ele></trkpt><trkpt lat="45.50472" lon="-73.61569"><ele>135</ele></trkpt><trkpt lat="45.50472" lon="-73.61574"><ele>134</ele></trkpt><trkpt lat="45.50473" lon="-73.61579"><ele>133</ele></trkpt><trkpt lat="45.50472" lon="-73.61585"><ele>133</ele></trkpt><trkpt lat="45.50471" lon="-73.61593"><ele>132</ele></trkpt><trkpt lat="45.50469" lon="-73.61601"><ele>131</ele></trkpt><trkpt lat="45.50467" lon="-73.61606"><ele>131</ele></trkpt><trkpt lat="45.50463" lon="-73.61612"><ele>130</ele></trkpt><trkpt lat="45.50460" lon="-73.61616"><ele>129</ele></trkpt><trkpt lat="45.50448" lon="-73.61627"><ele>129</ele></trkpt><trkpt lat="45.50414" lon="-73.61655"><ele>127</ele></trkpt><trkpt lat="45.50385" lon="-73.61679"><ele>124</ele></trkpt><trkpt lat="45.50375" lon="-73.61687"><ele>122</ele></trkpt><trkpt lat="45.50359" lon="-73.61701"><ele>120</ele></trkpt><trkpt lat="45.50350" lon="-73.61709"><ele>119</ele></trkpt><trkpt lat="45.50343" lon="-73.61718"><ele>117</ele></trkpt><trkpt lat="45.50339" lon="-73.61725"><ele>116</ele></trkpt><trkpt lat="45.50335" lon="-73.61733"><ele>115</ele></trkpt><trkpt lat="45.50330" lon="-73.61749"><ele>114</ele></trkpt><trkpt lat="45.50327" lon="-73.61759"><ele>113</ele></trkpt><trkpt lat="45.50320" lon="-73.61782"><ele>112</ele></trkpt><trkpt lat="45.50315" lon="-73.61804"><ele>111</ele></trkpt><trkpt lat="45.50314" lon="-73.61808"><ele>110</ele></trkpt><trkpt lat="45.50311" lon="-73.61818"><ele>110</ele></trkpt><trkpt lat="45.50311" lon="-73.61824"><ele>110</ele></trkpt><trkpt lat="45.50311" lon="-73.61829"><ele>109</ele></trkpt><trkpt lat="45.50312" lon="-73.61833"><ele>109</ele></trkpt><trkpt lat="45.50312" lon="-73.61839"><ele>109</ele></trkpt><trkpt lat="45.50314" lon="-73.61845"><ele>109</ele></trkpt><trkpt lat="45.50320" lon="-73.61860"><ele>109</ele></trkpt><trkpt lat="45.50324" lon="-73.61869"><ele>109</ele></trkpt><trkpt lat="45.50325" lon="-73.61874"><ele>109</ele></trkpt><trkpt lat="45.50326" lon="-73.61887"><ele>109</ele></trkpt><trkpt lat="45.50334" lon="-73.61880"><ele>109</ele></trkpt><trkpt lat="45.50336" lon="-73.61878"><ele>109</ele></trkpt><trkpt lat="45.50418" lon="-73.61802"><ele>109</ele></trkpt><trkpt lat="45.50425" lon="-73.61795"><ele>109</ele></trkpt><trkpt lat="45.50444" lon="-73.61778"><ele>109</ele></trkpt><trkpt lat="45.50504" lon="-73.61724"><ele>109</ele></trkpt><trkpt lat="45.50504" lon="-73.61724"><ele>110</ele></trkpt><trkpt lat="45.50527" lon="-73.61704"><ele>110</ele></trkpt><trkpt lat="45.50614" lon="-73.61626"><ele>110</ele></trkpt><trkpt lat="45.50659" lon="-73.61585"><ele>110</ele></trkpt><trkpt lat="45.50696" lon="-73.61551"><ele>110</ele></trkpt><trkpt lat="45.50718" lon="-73.61531"><ele>110</ele></trkpt><trkpt lat="45.50723" lon="-73.61527"><ele>110</ele></trkpt><trkpt lat="45.50728" lon="-73.61523"><ele>110</ele></trkpt><trkpt lat="45.50732" lon="-73.61519"><ele>110</ele></trkpt><trkpt lat="45.50738" lon="-73.61513"><ele>110</ele></trkpt><trkpt lat="45.50765" lon="-73.61489"><ele>110</ele></trkpt><trkpt lat="45.50809" lon="-73.61450"><ele>110</ele></trkpt><trkpt lat="45.50906" lon="-73.61362"><ele>111</ele></trkpt><trkpt lat="45.50935" lon="-73.61336"><ele>112</ele></trkpt><trkpt lat="45.50942" lon="-73.61329"><ele>113</ele></trkpt><trkpt lat="45.50960" lon="-73.61313"><ele>114</ele></trkpt><trkpt lat="45.50973" lon="-73.61293"><ele>115</ele></trkpt><trkpt lat="45.50979" lon="-73.61285"><ele>115</ele></trkpt><trkpt lat="45.50983" lon="-73.61278"><ele>116</ele></trkpt><trkpt lat="45.50988" lon="-73.61265"><ele>116</ele></trkpt><trkpt lat="45.50994" lon="-73.61250"><ele>115</ele></trkpt><trkpt lat="45.51000" lon="-73.61238"><ele>115</ele></trkpt><trkpt lat="45.51004" lon="-73.61232"><ele>115</ele></trkpt><trkpt lat="45.51010" lon="-73.61225"><ele>115</ele></trkpt><trkpt lat="45.51013" lon="-73.61223"><ele>114</ele></trkpt><trkpt lat="45.51019" lon="-73.61222"><ele>114</ele></trkpt><trkpt lat="45.51026" lon="-73.61237"><ele>114</ele></trkpt><trkpt lat="45.51037" lon="-73.61260"><ele>113</ele></trkpt><trkpt lat="45.51049" lon="-73.61288"><ele>113</ele></trkpt><trkpt lat="45.51053" lon="-73.61296"><ele>113</ele></trkpt><trkpt lat="45.51056" lon="-73.61302"><ele>112</ele></trkpt><trkpt lat="45.51067" lon="-73.61324"><ele>112</ele></trkpt><trkpt lat="45.51071" lon="-73.61328"><ele>112</ele></trkpt><trkpt lat="45.51075" lon="-73.61336"><ele>112</ele></trkpt><trkpt lat="45.51076" lon="-73.61340"><ele>111</ele></trkpt><trkpt lat="45.51080" lon="-73.61349"><ele>111</ele></trkpt><trkpt lat="45.51091" lon="-73.61374"><ele>111</ele></trkpt><trkpt lat="45.51093" lon="-73.61382"><ele>111</ele></trkpt><trkpt lat="45.51099" lon="-73.61395"><ele>111</ele></trkpt><trkpt lat="45.51123" lon="-73.61449"><ele>110</ele></trkpt><trkpt lat="45.51135" lon="-73.61476"><ele>110</ele></trkpt><trkpt lat="45.51135" lon="-73.61476"><ele>109</ele></trkpt><trkpt lat="45.51136" lon="-73.61478"><ele>109</ele></trkpt><trkpt lat="45.51139" lon="-73.61486"><ele>109</ele></trkpt><trkpt lat="45.51147" lon="-73.61504"><ele>108</ele></trkpt><trkpt lat="45.51161" lon="-73.61534"><ele>108</ele></trkpt><trkpt lat="45.51166" lon="-73.61543"><ele>107</ele></trkpt><trkpt lat="45.51167" lon="-73.61546"><ele>106</ele></trkpt><trkpt lat="45.51172" lon="-73.61553"><ele>106</ele></trkpt><trkpt lat="45.51180" lon="-73.61539"><ele>106</ele></trkpt><trkpt lat="45.51182" lon="-73.61535"><ele>105</ele></trkpt><trkpt lat="45.51193" lon="-73.61515"><ele>105</ele></trkpt><trkpt lat="45.51212" lon="-73.61478"><ele>104</ele></trkpt><trkpt lat="45.51243" lon="-73.61417"><ele>104</ele></trkpt><trkpt lat="45.51256" lon="-73.61391"><ele>103</ele></trkpt><trkpt lat="45.51256" lon="-73.61391"><ele>102</ele></trkpt><trkpt lat="45.51275" lon="-73.61355"><ele>101</ele></trkpt><trkpt lat="45.51294" lon="-73.61321"><ele>100</ele></trkpt><trkpt lat="45.51296" lon="-73.61317"><ele>99</ele></trkpt><trkpt lat="45.51300" lon="-73.61311"><ele>98</ele></trkpt><trkpt lat="45.51305" lon="-73.61302"><ele>98</ele></trkpt><trkpt lat="45.51307" lon="-73.61298"><ele>97</ele></trkpt><trkpt lat="45.51332" lon="-73.61253"><ele>96</ele></trkpt><trkpt lat="45.51355" lon="-73.61213"><ele>95</ele></trkpt><trkpt lat="45.51396" lon="-73.61140"><ele>94</ele></trkpt><trkpt lat="45.51399" lon="-73.61135"><ele>93</ele></trkpt><trkpt lat="45.51402" lon="-73.61129"><ele>92</ele></trkpt><trkpt lat="45.51404" lon="-73.61125"><ele>91</ele></trkpt><trkpt lat="45.51405" lon="-73.61122"><ele>91</ele></trkpt><trkpt lat="45.51406" lon="-73.61119"><ele>90</ele></trkpt><trkpt lat="45.51407" lon="-73.61116"><ele>90</ele></trkpt><trkpt lat="45.51408" lon="-73.61114"><ele>90</ele></trkpt><trkpt lat="45.51409" lon="-73.61109"><ele>90</ele></trkpt><trkpt lat="45.51411" lon="-73.61101"><ele>89</ele></trkpt><trkpt lat="45.51415" lon="-73.61088"><ele>89</ele></trkpt><trkpt lat="45.51416" lon="-73.61084"><ele>89</ele></trkpt><trkpt lat="45.51420" lon="-73.61071"><ele>89</ele></trkpt><trkpt lat="45.51425" lon="-73.61053"><ele>89</ele></trkpt><trkpt lat="45.51429" lon="-73.61038"><ele>88</ele></trkpt><trkpt lat="45.51434" lon="-73.61020"><ele>88</ele></trkpt><trkpt lat="45.51445" lon="-73.60981"><ele>88</ele></trkpt><trkpt lat="45.51455" lon="-73.60944"><ele>88</ele></trkpt><trkpt lat="45.51456" lon="-73.60939"><ele>88</ele></trkpt><trkpt lat="45.51458" lon="-73.60932"><ele>88</ele></trkpt><trkpt lat="45.51451" lon="-73.60928"><ele>88</ele></trkpt><trkpt lat="45.51448" lon="-73.60927"><ele>88</ele></trkpt><trkpt lat="45.51443" lon="-73.60925"><ele>88</ele></trkpt><trkpt lat="45.51435" lon="-73.60920"><ele>88</ele></trkpt><trkpt lat="45.51431" lon="-73.60918"><ele>89</ele></trkpt><trkpt lat="45.51427" lon="-73.60914"><ele>89</ele></trkpt><trkpt lat="45.51423" lon="-73.60909"><ele>89</ele></trkpt><trkpt lat="45.51409" lon="-73.60878"><ele>89</ele></trkpt><trkpt lat="45.51384" lon="-73.60821"><ele>91</ele></trkpt><trkpt lat="45.51382" lon="-73.60816"><ele>93</ele></trkpt><trkpt lat="45.51351" lon="-73.60749"><ele>96</ele></trkpt><trkpt lat="45.51351" lon="-73.60749"><ele>98</ele></trkpt><trkpt lat="45.51333" lon="-73.60708"><ele>101</ele></trkpt><trkpt lat="45.51330" lon="-73.60702"><ele>103</ele></trkpt><trkpt lat="45.51327" lon="-73.60696"><ele>104</ele></trkpt><trkpt lat="45.51282" lon="-73.60597"><ele>108</ele></trkpt><trkpt lat="45.51279" lon="-73.60589"><ele>111</ele></trkpt><trkpt lat="45.51276" lon="-73.60583"><ele>113</ele></trkpt><trkpt lat="45.51185" lon="-73.60381"><ele>117</ele></trkpt><trkpt lat="45.51183" lon="-73.60379"><ele>120</ele></trkpt><trkpt lat="45.51176" lon="-73.60375"><ele>122</ele></trkpt><trkpt lat="45.51179" lon="-73.60365"><ele>123</ele></trkpt><trkpt lat="45.51198" lon="-73.60291"><ele>124</ele></trkpt><trkpt lat="45.51198" lon="-73.60291"><ele>124</ele></trkpt><trkpt lat="45.51207" lon="-73.60255"><ele>124</ele></trkpt><trkpt lat="45.51214" lon="-73.60228"><ele>124</ele></trkpt><trkpt lat="45.51219" lon="-73.60212"><ele>124</ele></trkpt><trkpt lat="45.51222" lon="-73.60198"><ele>124</ele></trkpt><trkpt lat="45.51247" lon="-73.60112"><ele>124</ele></trkpt><trkpt lat="45.51248" lon="-73.60108"><ele>124</ele></trkpt><trkpt lat="45.51251" lon="-73.60102"><ele>124</ele></trkpt><trkpt lat="45.51250" lon="-73.60096"><ele>124</ele></trkpt><trkpt lat="45.51249" lon="-73.60084"><ele>123</ele></trkpt><trkpt lat="45.51220" lon="-73.60014"><ele>123</ele></trkpt><trkpt lat="45.51218" lon="-73.60007"><ele>123</ele></trkpt><trkpt lat="45.51216" lon="-73.60001"><ele>123</ele></trkpt><trkpt lat="45.51223" lon="-73.59994"><ele>122</ele></trkpt><trkpt lat="45.51225" lon="-73.59993"><ele>122</ele></trkpt><trkpt lat="45.51247" lon="-73.59972"><ele>122</ele></trkpt><trkpt lat="45.51308" lon="-73.59912"><ele>122</ele></trkpt><trkpt lat="45.51360" lon="-73.59861"><ele>120</ele></trkpt><trkpt lat="45.51366" lon="-73.59856"><ele>119</ele></trkpt><trkpt lat="45.51413" lon="-73.59808"><ele>118</ele></trkpt><trkpt lat="45.51440" lon="-73.59770"><ele>116</ele></trkpt><trkpt lat="45.51451" lon="-73.59751"><ele>115</ele></trkpt><trkpt lat="45.51457" lon="-73.59737"><ele>114</ele></trkpt><trkpt lat="45.51463" lon="-73.59713"><ele>113</ele></trkpt><trkpt lat="45.51466" lon="-73.59694"><ele>113</ele></trkpt><trkpt lat="45.51467" lon="-73.59681"><ele>112</ele></trkpt><trkpt lat="45.51468" lon="-73.59656"><ele>111</ele></trkpt><trkpt lat="45.51469" lon="-73.59633"><ele>111</ele></trkpt><trkpt lat="45.51469" lon="-73.59599"><ele>110</ele></trkpt><trkpt lat="45.51470" lon="-73.59564"><ele>109</ele></trkpt><trkpt lat="45.51470" lon="-73.59534"><ele>109</ele></trkpt><trkpt lat="45.51470" lon="-73.59505"><ele>108</ele></trkpt><trkpt lat="45.51469" lon="-73.59498"><ele>108</ele></trkpt><trkpt lat="45.51465" lon="-73.59397"><ele>107</ele></trkpt><trkpt lat="45.51464" lon="-73.59367"><ele>106</ele></trkpt><trkpt lat="45.51462" lon="-73.59309"><ele>105</ele></trkpt><trkpt lat="45.51460" lon="-73.59239"><ele>104</ele></trkpt><trkpt lat="45.51459" lon="-73.59229"><ele>103</ele></trkpt><trkpt lat="45.51458" lon="-73.59194"><ele>102</ele></trkpt><trkpt lat="45.51458" lon="-73.59186"><ele>101</ele></trkpt><trkpt lat="45.51459" lon="-73.59177"><ele>100</ele></trkpt><trkpt lat="45.51461" lon="-73.59172"><ele>99</ele></trkpt><trkpt lat="45.51461" lon="-73.59172"><ele>99</ele></trkpt><trkpt lat="45.51461" lon="-73.59170"><ele>99</ele></trkpt><trkpt lat="45.51463" lon="-73.59163"><ele>98</ele></trkpt><trkpt lat="45.51465" lon="-73.59157"><ele>98</ele></trkpt><trkpt lat="45.51467" lon="-73.59150"><ele>98</ele></trkpt><trkpt lat="45.51471" lon="-73.59144"><ele>98</ele></trkpt><trkpt lat="45.51474" lon="-73.59138"><ele>97</ele></trkpt><trkpt lat="45.51482" lon="-73.59128"><ele>97</ele></trkpt><trkpt lat="45.51509" lon="-73.59107"><ele>96</ele></trkpt><trkpt lat="45.51541" lon="-73.59076"><ele>94</ele></trkpt><trkpt lat="45.51574" lon="-73.59044"><ele>92</ele></trkpt><trkpt lat="45.51574" lon="-73.59042"><ele>91</ele></trkpt><trkpt lat="45.51579" lon="-73.59027"><ele>90</ele></trkpt><trkpt lat="45.51586" lon="-73.59020"><ele>89</ele></trkpt><trkpt lat="45.51588" lon="-73.59018"><ele>88</ele></trkpt><trkpt lat="45.51591" lon="-73.59015"><ele>87</ele></trkpt><trkpt lat="45.51616" lon="-73.58991"><ele>86</ele></trkpt><trkpt lat="45.51626" lon="-73.58982"><ele>85</ele></trkpt><trkpt lat="45.51666" lon="-73.58944"><ele>82</ele></trkpt><trkpt lat="45.51667" lon="-73.58942"><ele>81</ele></trkpt><trkpt lat="45.51679" lon="-73.58932"><ele>79</ele></trkpt><trkpt lat="45.51689" lon="-73.58923"><ele>78</ele></trkpt><trkpt lat="45.51690" lon="-73.58921"><ele>77</ele></trkpt><trkpt lat="45.51747" lon="-73.58871"><ele>74</ele></trkpt><trkpt lat="45.51749" lon="-73.58869"><ele>72</ele></trkpt><trkpt lat="45.51753" lon="-73.58866"><ele>71</ele></trkpt><trkpt lat="45.51758" lon="-73.58862"><ele>70</ele></trkpt><trkpt lat="45.51760" lon="-73.58861"><ele>70</ele></trkpt><trkpt lat="45.51791" lon="-73.58834"><ele>69</ele></trkpt><trkpt lat="45.51812" lon="-73.58814"><ele>69</ele></trkpt><trkpt lat="45.51820" lon="-73.58807"><ele>69</ele></trkpt><trkpt lat="45.51826" lon="-73.58802"><ele>69</ele></trkpt><trkpt lat="45.51837" lon="-73.58793"><ele>69</ele></trkpt><trkpt lat="45.51855" lon="-73.58777"><ele>69</ele></trkpt><trkpt lat="45.51855" lon="-73.58777"><ele>69</ele></trkpt><trkpt lat="45.51883" lon="-73.58753"><ele>69</ele></trkpt><trkpt lat="45.51885" lon="-73.58751"><ele>69</ele></trkpt><trkpt lat="45.51889" lon="-73.58748"><ele>69</ele></trkpt><trkpt lat="45.51893" lon="-73.58744"><ele>69</ele></trkpt><trkpt lat="45.51889" lon="-73.58736"><ele>69</ele></trkpt><trkpt lat="45.51865" lon="-73.58683"><ele>68</ele></trkpt><trkpt lat="45.51861" lon="-73.58673"><ele>67</ele></trkpt><trkpt lat="45.51825" lon="-73.58594"><ele>67</ele></trkpt><trkpt lat="45.51825" lon="-73.58594"><ele>67</ele></trkpt><trkpt lat="45.51806" lon="-73.58554"><ele>67</ele></trkpt><trkpt lat="45.51793" lon="-73.58525"><ele>68</ele></trkpt><trkpt lat="45.51791" lon="-73.58522"><ele>68</ele></trkpt><trkpt lat="45.51789" lon="-73.58516"><ele>68</ele></trkpt><trkpt lat="45.51787" lon="-73.58512"><ele>68</ele></trkpt><trkpt lat="45.51706" lon="-73.58333"><ele>68</ele></trkpt><trkpt lat="45.51702" lon="-73.58324"><ele>68</ele></trkpt><trkpt lat="45.51688" lon="-73.58293"><ele>68</ele></trkpt><trkpt lat="45.51687" lon="-73.58290"><ele>68</ele></trkpt><trkpt lat="45.51685" lon="-73.58286"><ele>68</ele></trkpt><trkpt lat="45.51683" lon="-73.58281"><ele>67</ele></trkpt><trkpt lat="45.51679" lon="-73.58275"><ele>67</ele></trkpt><trkpt lat="45.51660" lon="-73.58233"><ele>67</ele></trkpt><trkpt lat="45.51602" lon="-73.58106"><ele>66</ele></trkpt><trkpt lat="45.51581" lon="-73.58059"><ele>65</ele></trkpt><trkpt lat="45.51579" lon="-73.58055"><ele>64</ele></trkpt><trkpt lat="45.51577" lon="-73.58050"><ele>64</ele></trkpt><trkpt lat="45.51574" lon="-73.58043"><ele>63</ele></trkpt><trkpt lat="45.51531" lon="-73.57948"><ele>62</ele></trkpt><trkpt lat="45.51530" lon="-73.57946"><ele>61</ele></trkpt><trkpt lat="45.51527" lon="-73.57940"><ele>61</ele></trkpt><trkpt lat="45.51526" lon="-73.57938"><ele>60</ele></trkpt><trkpt lat="45.51513" lon="-73.57909"><ele>60</ele></trkpt><trkpt lat="45.51503" lon="-73.57885"><ele>59</ele></trkpt><trkpt lat="45.51483" lon="-73.57842"><ele>58</ele></trkpt><trkpt lat="45.51480" lon="-73.57836"><ele>58</ele></trkpt><trkpt lat="45.51477" lon="-73.57829"><ele>57</ele></trkpt><trkpt lat="45.51473" lon="-73.57820"><ele>57</ele></trkpt><trkpt lat="45.51466" lon="-73.57806"><ele>56</ele></trkpt><trkpt lat="45.51459" lon="-73.57790"><ele>56</ele></trkpt><trkpt lat="45.51445" lon="-73.57760"><ele>56</ele></trkpt><trkpt lat="45.51422" lon="-73.57706"><ele>55</ele></trkpt><trkpt lat="45.51386" lon="-73.57627"><ele>54</ele></trkpt><trkpt lat="45.51385" lon="-73.57624"><ele>53</ele></trkpt><trkpt lat="45.51384" lon="-73.57621"><ele>52</ele></trkpt><trkpt lat="45.51381" lon="-73.57615"><ele>51</ele></trkpt><trkpt lat="45.51374" lon="-73.57621"><ele>51</ele></trkpt><trkpt lat="45.51372" lon="-73.57623"><ele>51</ele></trkpt><trkpt lat="45.51360" lon="-73.57634"><ele>51</ele></trkpt><trkpt lat="45.51324" lon="-73.57666"><ele>51</ele></trkpt><trkpt lat="45.51293" lon="-73.57695"><ele>52</ele></trkpt><trkpt lat="45.51287" lon="-73.57699"><ele>52</ele></trkpt><trkpt lat="45.51281" lon="-73.57705"><ele>52</ele></trkpt><trkpt lat="45.51265" lon="-73.57719"><ele>52</ele></trkpt><trkpt lat="45.51265" lon="-73.57719"><ele>52</ele></trkpt><trkpt lat="45.51214" lon="-73.57765"><ele>53</ele></trkpt><trkpt lat="45.51203" lon="-73.57775"><ele>53</ele></trkpt><trkpt lat="45.51189" lon="-73.57788"><ele>53</ele></trkpt><trkpt lat="45.51174" lon="-73.57801"><ele>53</ele></trkpt><trkpt lat="45.51168" lon="-73.57807"><ele>54</ele></trkpt><trkpt lat="45.51156" lon="-73.57819"><ele>54</ele></trkpt><trkpt lat="45.51159" lon="-73.57827"><ele>54</ele></trkpt><trkpt lat="45.51161" lon="-73.57830"><ele>54</ele></trkpt><trkpt lat="45.51163" lon="-73.57834"><ele>54</ele></trkpt><trkpt lat="45.51176" lon="-73.57863"><ele>54</ele></trkpt><trkpt lat="45.51195" lon="-73.57904"><ele>54</ele></trkpt><trkpt lat="45.51200" lon="-73.57914"><ele>54</ele></trkpt><trkpt lat="45.51202" lon="-73.57919"><ele>54</ele></trkpt><trkpt lat="45.51208" lon="-73.57931"><ele>54</ele></trkpt><trkpt lat="45.51218" lon="-73.57954"><ele>54</ele></trkpt><trkpt lat="45.51253" lon="-73.58029"><ele>56</ele></trkpt><trkpt lat="45.51340" lon="-73.58219"><ele>61</ele></trkpt><trkpt lat="45.51344" lon="-73.58227"><ele>64</ele></trkpt><trkpt lat="45.51348" lon="-73.58235"><ele>66</ele></trkpt><trkpt lat="45.51464" lon="-73.58483"><ele>69</ele></trkpt><trkpt lat="45.51466" lon="-73.58487"><ele>71</ele></trkpt><trkpt lat="45.51466" lon="-73.58487"><ele>73</ele></trkpt></trkseg></trk></gpx>